{
  "I0_pv": 0.6321227289606357,
  "I0_pyr": 0.37733588967652704,
  "I0_som": 0.49832033381229957,
  "I0_vip": 0.1935646060578863,
  "I_alpha5_vip": 0.07892570778144427,
  "I_alpha7_pv": 0.24720581697893812,
  "I_alpha7_som": 0.223742460740517,
  "I_beta2_som": 0.18104310699499246,
  "J_NMDA": 1.0102365360142216,
  "J_adapt_pyr": 0.0013085273433660408,
  "J_adapt_som": 0.06007341127904446,
  "Theta_pv": 0.2878,
  "Theta_pyr": 0.40323,
  "Theta_som": 0.2878,
  "Theta_vip": 0.2878,
  "act_alpha5": 1.0,
  "act_alpha7": 1.0,
  "act_beta2": 1.0,
  "alpha_pv": 615.0,
  "alpha_pyr": 310.0,
  "alpha_som": 615.0,
  "alpha_vip": 615.0,
  "g_alpha7": 0.7994745504789901,
  "g_exc": 0.16,
  "g_gaba_base": 1.466664282299906,
  "g_inh": 0.087,
  "sigma_noise": 0.3,
  "sigma_s": 0.0,
  "tau_adapt_pyr": 697.4320108466362,
  "tau_adapt_som": 145.67667567199123,
  "tau_s": 20.0,
  "trans_duration_ms": 500.0,
  "trans_enabled": false,
  "trans_factor": 0.15850183703380433,
  "trans_start_ms": 1000.0,
  "w_ep": 0.0010543587154724441,
  "w_es": 0.013011306471166146,
  "w_ev": 0.0012314297029211616,
  "w_pe": 0.09069368752766023,
  "w_pp": 0.0036134641520747897,
  "w_se": 0.005459344167876299,
  "w_sp": 0.0036936150123554625,
  "w_vp": 0.02198710555088945,
  "w_vs": 0.002583301631349585
}