{
  "I0_pv": 0.5419401719697341,
  "I0_pyr": 0.7287699587986516,
  "I0_som": 0.10815088203431039,
  "I0_vip": 0.15488888048061053,
  "I_alpha5_vip": 0.16456912641592428,
  "I_alpha7_pv": 0.4166824053059342,
  "I_alpha7_som": 0.04251173922508945,
  "I_beta2_som": 0.3782320091701997,
  "J_NMDA": 0.3454332169923235,
  "J_adapt_pyr": 0.013916665336054524,
  "J_adapt_som": 0.17105669386244182,
  "Theta_pv": 0.2878,
  "Theta_pyr": 0.40323,
  "Theta_som": 0.2878,
  "Theta_vip": 0.2878,
  "act_alpha5": 1.0,
  "act_alpha7": 1.0,
  "act_beta2": 1.0,
  "alpha_pv": 615.0,
  "alpha_pyr": 310.0,
  "alpha_som": 615.0,
  "alpha_vip": 615.0,
  "g_alpha7": 0.24856407286718138,
  "g_exc": 0.16,
  "g_gaba_base": 2.758761793748006,
  "g_inh": 0.087,
  "sigma_noise": 0.1,
  "sigma_s": 0.0,
  "tau_adapt_pyr": 1022.4779154477834,
  "tau_adapt_som": 280.7587953034763,
  "tau_s": 20.0,
  "trans_duration_ms": 500.0,
  "trans_enabled": false,
  "trans_factor": 0.28030219183915556,
  "trans_start_ms": 1000.0,
  "w_ep": 0.01254588158549131,
  "w_es": 0.003440108835950868,
  "w_ev": 0.0005304003363941317,
  "w_pe": 0.036304995527077326,
  "w_pp": 0.02891772176864263,
  "w_se": 0.37232770809955174,
  "w_sp": 0.027267288923836373,
  "w_vp": 0.022780461599901408,
  "w_vs": 0.007786482200455143
}