{
  "I0_pv": 0.3680908394733331,
  "I0_pyr": 0.6145762799912101,
  "I0_som": 0.1302212859063805,
  "I0_vip": 0.18353610614327087,
  "I_alpha5_vip": 0.036656088201693506,
  "I_alpha7_pv": 0.004040585108746393,
  "I_alpha7_som": 0.08538611903780667,
  "I_beta2_som": 0.017977840241211056,
  "J_NMDA": 0.05009206716577935,
  "J_adapt_pyr": 0.001034972601643584,
  "J_adapt_som": 0.0,
  "Theta_pv": 0.2878,
  "Theta_pyr": 0.40323,
  "Theta_som": 0.2878,
  "Theta_vip": 0.2878,
  "act_alpha5": 1.0,
  "act_alpha7": 1.0,
  "act_beta2": 1.0,
  "alpha_pv": 615.0,
  "alpha_pyr": 310.0,
  "alpha_som": 615.0,
  "alpha_vip": 615.0,
  "g_alpha7": 4.865507730527791,
  "g_exc": 0.16,
  "g_gaba_base": 4.756782962577867,
  "g_inh": 0.087,
  "sigma_noise": 0.3,
  "sigma_s": 0.0,
  "tau_adapt_pyr": 600.0,
  "tau_adapt_som": 124.84622084172243,
  "tau_s": 20.0,
  "trans2_duration_ms": 500.0,
  "trans2_enabled": false,
  "trans2_factor": -0.3,
  "trans2_start_ms": 3000.0,
  "trans_duration_ms": 500.0,
  "trans_enabled": false,
  "trans_factor": 0.15538471249055727,
  "trans_start_ms": 1000.0,
  "w_ep": 0.017976185822962044,
  "w_es": 0.002086428738983208,
  "w_ev": 0.005610146945024145,
  "w_pe": 0.019653266198541373,
  "w_pp": 0.001380082307111853,
  "w_se": 0.01996827623166418,
  "w_sp": 0.009218949505896943,
  "w_vp": 0.006518995646953802,
  "w_vs": 0.0038538237710323904
}