{
  "I0_pv": 0.38606991481213015,
  "I0_pyr": 0.5472948570861111,
  "I0_som": 0.21200897875711505,
  "I0_vip": 0.20540593830086457,
  "I_alpha5_vip": 0.007102489903751553,
  "I_alpha7_pv": 0.012839551662835427,
  "I_alpha7_som": 0.028689474770590074,
  "I_beta2_som": 0.0023247717990897148,
  "J_NMDA": 0.050167085128481954,
  "J_adapt_pyr": 0.001000141822407319,
  "J_adapt_som": 0.0,
  "Theta_pv": 0.2878,
  "Theta_pyr": 0.40323,
  "Theta_som": 0.2878,
  "Theta_vip": 0.2878,
  "act_alpha5": 1.0,
  "act_alpha7": 1.0,
  "act_beta2": 1.0,
  "alpha_pv": 615.0,
  "alpha_pyr": 310.0,
  "alpha_som": 615.0,
  "alpha_vip": 615.0,
  "g_alpha7": 4.998102684450566,
  "g_exc": 0.16,
  "g_gaba_base": 4.998718044230703,
  "g_inh": 0.087,
  "sigma_noise": 0.3,
  "sigma_s": 0.0,
  "tau_adapt_pyr": 600.0,
  "tau_adapt_som": 281.61662237985746,
  "tau_s": 20.0,
  "trans2_duration_ms": 500.0,
  "trans2_enabled": false,
  "trans2_factor": -0.3,
  "trans2_start_ms": 3000.0,
  "trans_duration_ms": 500.0,
  "trans_enabled": false,
  "trans_factor": 0.18156877256511814,
  "trans_start_ms": 1000.0,
  "w_ep": 0.0098771600432744,
  "w_es": 0.003831568493271418,
  "w_ev": 0.0069415768582164585,
  "w_pe": 0.0010010541309910317,
  "w_pp": 0.0010119153688608658,
  "w_se": 0.0099980227735972,
  "w_sp": 0.007891639224369218,
  "w_vp": 0.0011233611725832576,
  "w_vs": 0.007346874950508536
}