{
  "I0_pv": 0.31794515249404637,
  "I0_pyr": 0.6254413964991288,
  "I0_som": 0.21128071415966068,
  "I0_vip": 0.17472663612504127,
  "I_alpha5_vip": 0.02834707125394704,
  "I_alpha7_pv": 0.011913654062362795,
  "I_alpha7_som": 0.07882788710251554,
  "I_beta2_som": 0.0038593039415747306,
  "J_NMDA": 0.06945888118518141,
  "J_adapt_pyr": 0.001010491354245397,
  "J_adapt_som": 0.013672907293600073,
  "Theta_pv": 0.2878,
  "Theta_pyr": 0.40323,
  "Theta_som": 0.2878,
  "Theta_vip": 0.2878,
  "act_alpha5": 1.0,
  "act_alpha7": 1.0,
  "act_beta2": 1.0,
  "alpha_pv": 615.0,
  "alpha_pyr": 310.0,
  "alpha_som": 615.0,
  "alpha_vip": 615.0,
  "g_alpha7": 2.040222678181197,
  "g_exc": 0.16,
  "g_gaba_base": 3.2237774334917884,
  "g_inh": 0.087,
  "sigma_noise": 0.3,
  "sigma_s": 0.0,
  "tau_adapt_pyr": 1000.0,
  "tau_adapt_som": 200.0,
  "tau_s": 20.0,
  "trans_duration_ms": 500.0,
  "trans_enabled": false,
  "trans_factor": 0.9339294388452158,
  "trans_start_ms": 1000.0,
  "w_ep": 0.007596158751871585,
  "w_es": 0.001632358917843011,
  "w_ev": 0.0012572126422116699,
  "w_pe": 0.0017564613889146285,
  "w_pp": 0.08162939889404547,
  "w_se": 0.02584220087568503,
  "w_sp": 0.004078667025007446,
  "w_vp": 0.002258667149202975,
  "w_vs": 0.03859861147532524
}