{
  "I0_pv": 3.2211110750422165,
  "I0_pyr": 8.154523212363342,
  "I0_som": 1.1259591153040642,
  "I0_vip": 4.478083023808616,
  "I_alpha5_vip": 6.529498331185015,
  "I_alpha7_pv": 7.191416124253651,
  "I_alpha7_som": 2.741537882135898,
  "I_beta2_som": 4.961782271797662,
  "J_adapt_pyr": 7.20854675268086,
  "J_adapt_som": 24.492625694558132,
  "Theta_pv": 12.136858694893412,
  "Theta_pyr": 12.908657756081636,
  "Theta_som": 7.345947974886378,
  "Theta_vip": 16.358519064721484,
  "act_alpha5": 1.0,
  "act_alpha7": 1.0,
  "act_beta2": 1.0,
  "alpha_pv": 6.848279461151736,
  "alpha_pyr": 0.9388898461696988,
  "alpha_som": 0.12750782866856344,
  "alpha_vip": 0.12015356609974326,
  "g_alpha7": 2.686729514429877,
  "g_e": 0.12902226413901732,
  "g_gaba_base": 0.5173327882130241,
  "g_i": 0.11644277300446172,
  "sigma_s": 4.30377517331583,
  "tau_adapt_pyr": 4158.845844278876,
  "tau_adapt_som": 52.3335987588985,
  "tau_s": 92.40742019814687,
  "trans_duration_ms": 500.0,
  "trans_enabled": false,
  "trans_factor": 0.8580753308865583,
  "trans_start_ms": 1000.0,
  "w_ee": 0.00022445938279429785,
  "w_ep": 0.08609502674218825,
  "w_es": 0.6639866549038254,
  "w_ev": 6.131614655117112e-06,
  "w_pe": 0.014046945984366736,
  "w_pp": 0.4833706056174397,
  "w_ps": 8.492877559551783,
  "w_se": 0.20791118579073298,
  "w_sp": 2.1548888605180184e-06,
  "w_vp": 0.001193265789387036,
  "w_vs": 0.6055917861573864,
  "w_vv": 59.186890057839506
}