{
  "tau_s": 37.3479,
  "tau_adapt_pyr": 186.602,
  "tau_adapt_som": 2320.51,

  "J_adapt_pyr": 0.270443,
  "J_adapt_som": 27.2356,

  "sigma_s": 5.88856,

  "g_gaba_base": 3.93207,
  "g_alpha7": 0.95607,

  "w_ee": 6.27108,
  "w_ep": 42.5334,
  "w_es": 6.56939,
  "w_ev": 2.9622e-06,

  "w_pe": 2.22239,
  "w_pp": 105.44,
  "w_ps": 2.22239,

  "w_se": 2.61788,
  "w_sp": 6.12585e-06,

  "w_vp": 0.0105234,
  "w_vs": 1.27414,
  "w_vv": 24.7962,

  "I0_pyr": 6.82298,

  "I0_pv": 5.58459,
  "I_alpha7_pv": 9.90322,

  "I0_som": 5.48551,
  "I_alpha7_som": 5.84835,
  "I_beta2_som": 9.05679,

  "I0_vip": 7.57337,
  "I_alpha5_vip": 1.44659,

  "act_alpha7": 1.0,
  "act_beta2": 1.0,
  "act_alpha5": 1.0,

  "trans_factor": 0.2,
  "trans_start_ms": 1000.0,
  "trans_duration_ms": 500.0,
  "trans_enabled": false,

  "Theta_pyr": 5.01691,
  "alpha_pyr": 0.685403,

  "Theta_pv": 16.3771,
  "alpha_pv": 1.47638,

  "Theta_som": 5.88155,
  "alpha_som": 0.817185,

  "Theta_vip": 13.9068,
  "alpha_vip": 0.100998,

  "g_e": 0.377039,
  "g_i": 0.400125
}
