{
  "I0_pv": 3.9979698946746316,
  "I0_pyr": 7.491216583643228,
  "I0_som": 7.343779406943346,
  "I0_vip": 3.683150236119804,
  "I_alpha5_vip": 2.19246806475136,
  "I_alpha7_pv": 1.0912500127554612,
  "I_alpha7_som": 4.775128019778522,
  "I_beta2_som": 7.176715551693997,
  "J_adapt_pyr": 24.372946343669305,
  "J_adapt_som": 25.580681231370693,
  "Theta_pv": 5.254296294206606,
  "Theta_pyr": 8.605351981603913,
  "Theta_som": 19.48053333664963,
  "Theta_vip": 11.57836573603317,
  "act_alpha5": 1.0,
  "act_alpha7": 1.0,
  "act_beta2": 1.0,
  "alpha_pv": 4.594399528422679,
  "alpha_pyr": 0.05788963147373126,
  "alpha_som": 0.06297327287975793,
  "alpha_vip": 0.1687982467939437,
  "g_alpha7": 0.5040605124219948,
  "g_e": 0.2591380417411987,
  "g_gaba_base": 3.144988340966068,
  "g_i": 0.33269964177056793,
  "sigma_s": 7.859523526534559,
  "tau_adapt_pyr": 1134.8433624411032,
  "tau_adapt_som": 2896.3775087726062,
  "tau_s": 9.083280757218152,
  "trans_duration_ms": 500.0,
  "trans_enabled": false,
  "trans_factor": 0.7226990343263429,
  "trans_start_ms": 1000.0,
  "w_ee": 3.37109965134778,
  "w_ep": 3.830895756073061e-05,
  "w_es": 21.02888078764699,
  "w_ev": 9.541277704364068e-06,
  "w_pe": 0.00390681410088071,
  "w_pp": 0.13986168213839184,
  "w_ps": 1.3859294886916718,
  "w_se": 0.14011819844032466,
  "w_sp": 0.0,
  "w_vp": 0.00019603160854348342,
  "w_vs": 0.9094809792732212,
  "w_vv": 0.0
}