{
  "I0_pv": 8.501550279213145,
  "I0_pyr": 7.771024838481021,
  "I0_som": 7.050953691948842,
  "I0_vip": 5.676996029830443,
  "I_alpha5_vip": 4.349018968380293,
  "I_alpha7_pv": 0.968636863220674,
  "I_alpha7_som": 4.227488607235037,
  "I_beta2_som": 9.434707022181872,
  "J_adapt_pyr": 13.570619629997353,
  "J_adapt_som": 29.27344553033643,
  "Theta_pv": 7.863291892327496,
  "Theta_pyr": 9.036353471928091,
  "Theta_som": 17.183360145219652,
  "Theta_vip": 9.891467834895966,
  "act_alpha5": 1.0,
  "act_alpha7": 1.0,
  "act_beta2": 1.0,
  "alpha_pv": 0.618989580880006,
  "alpha_pyr": 0.12457074266564207,
  "alpha_som": 0.10074711639422775,
  "alpha_vip": 0.07717108288528868,
  "g_alpha7": 0.7735057639972442,
  "g_e": 0.2323608676280489,
  "g_gaba_base": 2.632978746558399,
  "g_i": 0.40092145826464387,
  "sigma_s": 6.574215324518333,
  "tau_adapt_pyr": 811.4536254565784,
  "tau_adapt_som": 4244.593109267373,
  "tau_s": 22.69556862913066,
  "trans_duration_ms": 500.0,
  "trans_enabled": false,
  "trans_factor": 0.6459492339222711,
  "trans_start_ms": 1000.0,
  "w_ee": 0.4833211888572237,
  "w_ep": 0.00026587957273455624,
  "w_es": 30.391475354886055,
  "w_ev": 5.216532630163457e-06,
  "w_pe": 0.00041736648565497686,
  "w_pp": 1.1566195171747375,
  "w_ps": 1.1059235847591604,
  "w_se": 0.17870244388147336,
  "w_sp": 0.0,
  "w_vp": 0.004671135724262534,
  "w_vs": 0.5173741557588458,
  "w_vv": 0.0
}