{
  "I0_pv": 2.2121558109378583,
  "I0_pyr": 7.96457762115635,
  "I0_som": 6.207711096925955,
  "I0_vip": 2.417998537299324,
  "I_alpha5_vip": 0.7487656566569378,
  "I_alpha7_pv": 0.9845002844407954,
  "I_alpha7_som": 6.737174581128853,
  "I_beta2_som": 8.165524413224816,
  "J_adapt_pyr": 25.116829345051606,
  "J_adapt_som": 31.62640731735417,
  "Theta_pv": 7.747593009207923,
  "Theta_pyr": 9.304069589869346,
  "Theta_som": 17.962746155128865,
  "Theta_vip": 10.629990809744474,
  "act_alpha5": 1.0,
  "act_alpha7": 1.0,
  "act_beta2": 1.0,
  "alpha_pv": 1.8191729580303906,
  "alpha_pyr": 0.07004530894892484,
  "alpha_som": 0.11110648551103926,
  "alpha_vip": 0.6563657038781386,
  "g_alpha7": 1.0461092544056987,
  "g_e": 0.2281897193236692,
  "g_gaba_base": 3.7876694348999638,
  "g_i": 0.21011284614534018,
  "sigma_s": 8.903328254344121,
  "tau_adapt_pyr": 596.4948718298072,
  "tau_adapt_som": 1151.1637432031482,
  "tau_s": 38.19395925593212,
  "trans_duration_ms": 500.0,
  "trans_enabled": false,
  "trans_factor": 0.7953296205658699,
  "trans_start_ms": 1000.0,
  "w_ee": 0.012396870178163589,
  "w_ep": 4.001724503530597e-06,
  "w_es": 9.482819080125035,
  "w_ev": 2.723752211813614e-06,
  "w_pe": 0.45855594136339844,
  "w_pp": 0.021256843212024253,
  "w_ps": 1.9114673923980763,
  "w_se": 0.18400094748891227,
  "w_sp": 0.0,
  "w_vp": 0.0003044850664249486,
  "w_vs": 0.8925470322751003,
  "w_vv": 0.0
}