{
  "I0_pv": 0.35074649982985584,
  "I0_pyr": 1.045789918476331,
  "I0_som": 0.5908041533638739,
  "I0_vip": 0.19588698951174366,
  "I_alpha5_vip": 0.0682294470722585,
  "I_alpha7_pv": 0.2064018176519005,
  "I_alpha7_som": 0.13290510378965434,
  "I_beta2_som": 0.08831757246986595,
  "J_NMDA": 0.0837039663579521,
  "J_adapt_pyr": 0.00773084578490136,
  "J_adapt_som": 0.09912000918463684,
  "Theta_pv": 0.2878,
  "Theta_pyr": 0.40323,
  "Theta_som": 0.2878,
  "Theta_vip": 0.2878,
  "act_alpha5": 1.0,
  "act_alpha7": 1.0,
  "act_beta2": 1.0,
  "alpha_pv": 615.0,
  "alpha_pyr": 310.0,
  "alpha_som": 615.0,
  "alpha_vip": 615.0,
  "g_alpha7": 1.2849499687201724,
  "g_exc": 0.16,
  "g_gaba_base": 0.7281343422907494,
  "g_inh": 0.087,
  "sigma_noise": 0.1,
  "sigma_s": 0.0,
  "tau_adapt_pyr": 649.335752062889,
  "tau_adapt_som": 61.82192777630146,
  "tau_s": 20.0,
  "trans_duration_ms": 500.0,
  "trans_enabled": false,
  "trans_factor": 0.2657417310850204,
  "trans_start_ms": 1000.0,
  "w_ep": 0.0023659858588947315,
  "w_es": 0.004079617749666816,
  "w_ev": 0.0019287253507975191,
  "w_pe": 0.4434452331664513,
  "w_pp": 0.00945158291199138,
  "w_se": 0.16700640518818435,
  "w_sp": 0.022324711261797064,
  "w_vp": 0.013873665774960447,
  "w_vs": 0.0180260925170658
}