{
  "w_pyr_pyr_inter": 0.010285621526762028,
  "w_pv_global": 0.013279014304426304,
  "n_nodes": 64,
  "sigma_pyr_deg": 15.0
}