{
  "w_pyr_pyr_inter": 0.007084923813058026,
  "w_pv_global": 0.01303911701956012,
  "n_nodes": 64,
  "sigma_pyr_deg": 15.0
}