{
  "_fit_metadata": {
    "loss": 0.046346,
    "comparison": {
      "base": {
        "PYR": {
          "actual": 6.8008,
          "target": 8.214,
          "error_pct": -17.21
        },
        "SOM": {
          "actual": 4.9559,
          "target": 4.295,
          "error_pct": 15.39
        },
        "PV": {
          "actual": 3.7787,
          "target": 4.073,
          "error_pct": -7.22
        },
        "VIP": {
          "actual": 6.4633,
          "target": 6.051,
          "error_pct": 6.81
        }
      },
      "alpha7_ko": {
        "PYR": {
          "actual": 17.2159,
          "target": 17.539,
          "error_pct": -1.84
        }
      },
      "alpha5_ko": {
        "PYR": {
          "actual": 11.5867,
          "target": 9.285,
          "error_pct": 24.79
        }
      },
      "beta2_ko": {
        "PYR": {
          "actual": 18.1008,
          "target": 17.965,
          "error_pct": 0.76
        }
      }
    },
    "jacobian": {
      "_note": "J[row,col] = dr_row/dr_col: effect of col population on row population",
      "PYR": {
        "PYR": 0.082593,
        "SOM": -2.260704,
        "PV": -0.052843,
        "VIP": 0.0
      },
      "SOM": {
        "PYR": 0.916325,
        "SOM": 0.0,
        "PV": 0.0,
        "VIP": -0.815418
      },
      "PV": {
        "PYR": 0.093996,
        "SOM": -4.508812,
        "PV": -17.781593,
        "VIP": -1.050736
      },
      "VIP": {
        "PYR": 0.705606,
        "SOM": 0.0,
        "PV": 0.0,
        "VIP": 0.0
      }
    },
    "ring_params": {
      "w_pyr_pyr_inter": 0.007085,
      "w_pv_global": 0.013039,
      "sigma_pyr_deg": 15.0,
      "n_nodes": 64
    }
  },
  "A_pv": 0.03252746050890985,
  "A_pyr": 0.9262337085485883,
  "A_som": 0.061696475301143895,
  "A_vip": 0.14053075283038163,
  "I0_pv": 0.5147761653653047,
  "I0_pyr": 0.5047170766067889,
  "I0_som": 0.30032419838073565,
  "I0_vip": 0.31238314708146253,
  "I_alpha5_vip": 0.04041201698442786,
  "I_alpha7_pv": 0.11756300648900951,
  "I_alpha7_som": 0.03654557892260985,
  "I_beta2_som": 0.09862807899790622,
  "J_adapt_pyr": 0.0034058789636499235,
  "J_adapt_som": 0.0037878295612421846,
  "Theta_pv": 0.2878,
  "Theta_pyr": 0.40323,
  "Theta_som": 0.2878,
  "Theta_vip": 0.2878,
  "act_alpha5": 1.0,
  "act_alpha7": 1.0,
  "act_beta2": 1.0,
  "alpha_pv": 615.0,
  "alpha_pyr": 310.0,
  "alpha_som": 615.0,
  "alpha_vip": 615.0,
  "g_alpha7": 0.959188320915875,
  "g_exc": 0.16,
  "g_gaba_base": 1.8677976987176164,
  "g_inh": 0.087,
  "sigma_noise": 0.3,
  "sigma_s": 0.0,
  "tau_adapt_pyr": 600.0,
  "tau_adapt_som": 154.71299478480643,
  "tau_s": 20.0,
  "trans_duration_ms": 500.0,
  "trans_enabled": false,
  "trans_factor": 0.2,
  "trans_start_ms": 1000.0,
  "w_ee": 0.0011557781239336022,
  "w_ep": 0.00015289616508147152,
  "w_es": 0.001493509618407566,
  "w_ev": 0.0012213786564750956,
  "w_pe": 0.05163399601121702,
  "w_pp": 0.010231359362153398,
  "w_se": 0.007212369803655835,
  "w_sp": 0.0025943276927562968,
  "w_vp": 0.0017091487402134784,
  "w_vs": 0.001329043436496371
}