{
  "w_pyr_pyr_inter": 0.013765637660708862,
  "w_pv_global": 0.005609356042104312,
  "n_nodes": 64,
  "sigma_pyr_deg": 15.0
}