{
  "_fit_metadata": {
    "loss": 0.131768,
    "comparison": {
      "base": {
        "PYR": {
          "actual": 9.8561,
          "target": 12.466,
          "error_pct": -20.94
        },
        "SOM": {
          "actual": 5.7485,
          "target": 4.814,
          "error_pct": 19.41
        },
        "PV": {
          "actual": 1.6647,
          "target": 4.241,
          "error_pct": -60.75
        },
        "VIP": {
          "actual": 5.9499,
          "target": 5.551,
          "error_pct": 7.19
        }
      },
      "alpha7_ko": {
        "PYR": {
          "actual": 7.7824,
          "target": null,
          "error_pct": null,
          "in_loss": false
        }
      },
      "alpha5_ko": {
        "PYR": {
          "actual": 6.1181,
          "target": null,
          "error_pct": null,
          "in_loss": false
        }
      },
      "beta2_ko": {
        "PYR": {
          "actual": 6.7775,
          "target": null,
          "error_pct": null,
          "in_loss": false
        }
      }
    },
    "jacobian": {
      "_note": "J[row,col] = dr_row/dr_col: effect of col population on row population",
      "PYR": {
        "PYR": 0.419843,
        "SOM": -2.231578,
        "PV": -0.554925,
        "VIP": 0.0
      },
      "SOM": {
        "PYR": 4.66214,
        "SOM": 0.0,
        "PV": 0.0,
        "VIP": -2.033875
      },
      "PV": {
        "PYR": 1.139458,
        "SOM": -1.654635,
        "PV": -2.092134,
        "VIP": -0.706263
      },
      "VIP": {
        "PYR": 1.021508,
        "SOM": 0.0,
        "PV": 0.0,
        "VIP": 0.0
      }
    },
    "ring_params": {
      "w_pyr_pyr_inter": 0.013766,
      "w_pv_global": 0.005609,
      "sigma_pyr_deg": 15.0,
      "n_nodes": 64
    }
  },
  "A_pv": 0.01584222876272234,
  "A_pyr": 0.3339837513350839,
  "A_som": 0.07175102714758529,
  "A_vip": 0.08469970289088975,
  "I0_pv": 0.43813327921060574,
  "I0_pyr": 0.48228152424538845,
  "I0_som": 0.34325461613644537,
  "I0_vip": 0.3727708627476819,
  "I_alpha5_vip": 0.01310299056505277,
  "I_alpha7_pv": 0.03060531171892474,
  "I_alpha7_som": 0.012941707579165873,
  "I_beta2_som": 0.021262967297245708,
  "J_adapt_pyr": 0.002224886249700423,
  "J_adapt_som": 0.0021958979521655418,
  "Theta_pv": 0.2878,
  "Theta_pyr": 0.40323,
  "Theta_som": 0.2878,
  "Theta_vip": 0.2878,
  "act_alpha5": 1.0,
  "act_alpha7": 1.0,
  "act_beta2": 1.0,
  "alpha_pv": 615.0,
  "alpha_pyr": 310.0,
  "alpha_som": 615.0,
  "alpha_vip": 615.0,
  "g_alpha7": 0.6618263994933238,
  "g_exc": 0.16,
  "g_gaba_base": 1.8460816071352297,
  "g_inh": 0.087,
  "sigma_noise": 0.3,
  "sigma_s": 0.0,
  "tau_adapt_pyr": 600.0,
  "tau_adapt_som": 47.389322288554425,
  "tau_s": 20.0,
  "trans_duration_ms": 500.0,
  "trans_enabled": false,
  "trans_factor": 0.2,
  "trans_start_ms": 1000.0,
  "w_ee": 0.004187239542559874,
  "w_ep": 0.0018543672240822213,
  "w_es": 0.007602827687986539,
  "w_ev": 0.0016797855930137117,
  "w_pe": 0.06884102607396089,
  "w_pp": 0.0013576103467180796,
  "w_se": 0.006893268081787084,
  "w_sp": 0.001073712464771882,
  "w_vp": 0.0011493808271044047,
  "w_vs": 0.0033167611203176895
}