{
  "w_pyr_pyr_inter": 0.004047144220600513,
  "w_pv_global": 0.0013091037862141286,
  "n_nodes": 64,
  "sigma_pyr_deg": 15.0
}