{
  "_fit_metadata": {
    "loss": 1.101208,
    "comparison": {
      "base": {
        "PYR": {
          "actual": 0.9312,
          "target": 1.7328,
          "error_pct": -46.26
        },
        "SOM": {
          "actual": 1.7836,
          "target": 1.3564,
          "error_pct": 31.5
        },
        "PV": {
          "actual": 1.4954,
          "target": 1.5281,
          "error_pct": -2.14
        },
        "VIP": {
          "actual": 3.1091,
          "target": 2.9791,
          "error_pct": 4.36
        },
        "NDNF": {
          "actual": 3.2993,
          "target": 2.5309,
          "error_pct": 30.36
        }
      },
      "alpha7_ko": {
        "PYR": {
          "actual": 1.8588,
          "target": 2.1928,
          "error_pct": -15.23
        }
      },
      "alpha5_ko": {
        "PYR": {
          "actual": 0.9292,
          "target": 0.4762,
          "error_pct": 95.12
        }
      },
      "beta2_ko": {
        "PYR": {
          "actual": 1.2458,
          "target": 1.0825,
          "error_pct": 15.08
        }
      },
      "alpha7_ndnf_ko": {
        "NDNF": {
          "actual": 2.3444,
          "target": 3.0767,
          "error_pct": -23.8
        }
      },
      "alpha7_pv_ko": {
        "PV": {
          "actual": 1.378,
          "target": 1.3966,
          "error_pct": -1.33
        }
      }
    },
    "jacobian": {
      "_note": "J[row,col] = dr_row/dr_col: effect of col population on row population",
      "PYR": {
        "PYR": 0.068721,
        "SOM": -2.864368,
        "PV": -0.218526,
        "VIP": 0.0,
        "NDNF": -3.060527
      },
      "SOM": {
        "PYR": 2.005721,
        "SOM": 0.0,
        "PV": 0.0,
        "VIP": -1.532358,
        "NDNF": 0.0
      },
      "PV": {
        "PYR": 0.299473,
        "SOM": -0.507502,
        "PV": -3.520306,
        "VIP": -0.558003,
        "NDNF": -0.84194
      },
      "VIP": {
        "PYR": 0.214396,
        "SOM": 0.0,
        "PV": 0.0,
        "VIP": 0.0,
        "NDNF": -4.645405
      },
      "NDNF": {
        "PYR": 0.0,
        "SOM": -1.103581,
        "PV": 0.0,
        "VIP": 0.0,
        "NDNF": 0.0
      }
    }
  },
  "I0_ndnf": 0.23921419001938354,
  "I0_pv": 0.3850355422138559,
  "I0_pyr": 0.6330217199446926,
  "I0_som": 0.02565168298311943,
  "I0_vip": 0.0453543034177429,
  "I_alpha5_vip": 0.3344216895009671,
  "I_alpha7_ndnf": 0.014259308021194825,
  "I_alpha7_pv": 0.016320766784233068,
  "I_alpha7_som": 0.10434883892885806,
  "I_beta2_ndnf": 0.011946974959460463,
  "I_beta2_som": 0.38308768822994804,
  "J_NMDA": 0.054069405101987454,
  "J_adapt_pyr": 0.12840982288726482,
  "J_adapt_som": 0.15491872707538795,
  "Theta_ndnf": 0.28780487804878047,
  "Theta_pv": 0.2878,
  "Theta_pyr": 0.40323,
  "Theta_som": 0.2878,
  "Theta_vip": 0.2878,
  "act_alpha5": 1.0,
  "act_alpha7_ndnf": 1.0,
  "act_alpha7_pv": 1.0,
  "act_alpha7_som": 1.0,
  "act_beta2": 1.0,
  "alpha_ndnf": 615.0,
  "alpha_pv": 615.0,
  "alpha_pyr": 310.0,
  "alpha_som": 615.0,
  "alpha_vip": 615.0,
  "g_alpha7": 4.236569104556608,
  "g_exc": 0.16,
  "g_gaba_base": 2.921680562465058,
  "g_inh": 0.087,
  "sigma_noise": 0.3,
  "tau_adapt_pyr": 281.1241229651304,
  "tau_adapt_som": 229.95376391153525,
  "tau_s": 20.0,
  "trans2_duration_ms": 500.0,
  "trans2_enabled": false,
  "trans2_factor": -0.3,
  "trans2_start_ms": 3000.0,
  "trans_duration_ms": 500.0,
  "trans_enabled": false,
  "trans_factor": 0.2,
  "trans_start_ms": 1000.0,
  "w_ep": 0.005007345339552742,
  "w_es": 0.003261598273135279,
  "w_ev": 0.0018826095552381737,
  "w_ne": 0.005362115904036328,
  "w_np": 0.0019666383592628527,
  "w_nv": 0.005698484868784687,
  "w_pe": 0.008583334603663395,
  "w_pp": 0.008222880170437775,
  "w_se": 0.005018440681235546,
  "w_sn": 0.0012598651306615443,
  "w_sp": 0.0011854437783078526,
  "w_vp": 0.009330117453479992,
  "w_vs": 0.002491840002729885
}