{
  "_fit_metadata": {
    "loss": 2.827971,
    "comparison": {
      "base": {
        "PYR": {
          "actual": 0.5074,
          "target": 1.7328,
          "error_pct": -70.72
        },
        "SOM": {
          "actual": 2.4529,
          "target": 1.3564,
          "error_pct": 80.84
        },
        "PV": {
          "actual": 2.1885,
          "target": 1.5281,
          "error_pct": 43.21
        },
        "VIP": {
          "actual": 6.2762,
          "target": 2.9791,
          "error_pct": 110.67
        },
        "NDNF": {
          "actual": 3.2079,
          "target": 2.5309,
          "error_pct": 26.75
        }
      },
      "alpha7_ko": {
        "PYR": {
          "actual": 1.447,
          "target": 2.1928,
          "error_pct": -34.01
        }
      },
      "alpha5_ko": {
        "PYR": {
          "actual": 0.5415,
          "target": 0.4762,
          "error_pct": 13.71
        }
      },
      "beta2_ko": {
        "PYR": {
          "actual": 1.6434,
          "target": 1.0825,
          "error_pct": 51.81
        }
      },
      "alpha7_ndnf_ko": {
        "NDNF": {
          "actual": 1.3646,
          "target": 3.0767,
          "error_pct": -55.65
        }
      },
      "alpha7_pv_ko": {
        "PV": {
          "actual": 1.4365,
          "target": 1.3966,
          "error_pct": 2.86
        }
      }
    },
    "jacobian": {
      "_note": "J[row,col] = dr_row/dr_col: effect of col population on row population",
      "PYR": {
        "PYR": 3.414191,
        "SOM": -11.959144,
        "PV": -1.267969,
        "VIP": 0.0,
        "NDNF": -4.429914
      },
      "SOM": {
        "PYR": 0.748607,
        "SOM": 0.0,
        "PV": 0.0,
        "VIP": -3.371425,
        "NDNF": 0.0
      },
      "PV": {
        "PYR": 0.093825,
        "SOM": -0.523608,
        "PV": -2.441259,
        "VIP": -0.708378,
        "NDNF": -1.135574
      },
      "VIP": {
        "PYR": 0.279066,
        "SOM": 0.0,
        "PV": 0.0,
        "VIP": 0.0,
        "NDNF": -11.011175
      },
      "NDNF": {
        "PYR": 0.831003,
        "SOM": -5.86974,
        "PV": 0.0,
        "VIP": 0.0,
        "NDNF": 0.0
      }
    }
  },
  "I0_ndnf": 0.1173028620930329,
  "I0_pv": 0.33608307453143915,
  "I0_pyr": 0.4936558931187916,
  "I0_som": 0.17778331952118562,
  "I0_vip": 0.06402590224933881,
  "I_alpha5_vip": 0.3756629400569085,
  "I_alpha7_ndnf": 0.09410963486303658,
  "I_alpha7_pv": 0.07472594602736918,
  "I_alpha7_som": 0.37740950905420256,
  "I_beta2_ndnf": 0.15418469525949083,
  "I_beta2_som": 0.13419940426654986,
  "J_NMDA": 0.2192755352303985,
  "J_adapt_pyr": 0.13448109100100158,
  "J_adapt_som": 0.16911457201717275,
  "Theta_ndnf": 0.28780487804878047,
  "Theta_pv": 0.2878,
  "Theta_pyr": 0.40323,
  "Theta_som": 0.2878,
  "Theta_vip": 0.2878,
  "act_alpha5": 1.0,
  "act_alpha7_ndnf": 1.0,
  "act_alpha7_pv": 1.0,
  "act_alpha7_som": 1.0,
  "act_beta2": 1.0,
  "alpha_ndnf": 615.0,
  "alpha_pv": 615.0,
  "alpha_pyr": 310.0,
  "alpha_som": 615.0,
  "alpha_vip": 615.0,
  "g_alpha7": 3.3405029942915716,
  "g_exc": 0.16,
  "g_gaba_base": 2.2682180324834116,
  "g_inh": 0.087,
  "sigma_noise": 0.3,
  "tau_adapt_pyr": 242.97086017207823,
  "tau_adapt_som": 162.60223701577894,
  "tau_s": 20.0,
  "trans2_duration_ms": 500.0,
  "trans2_enabled": false,
  "trans2_factor": -0.3,
  "trans2_start_ms": 3000.0,
  "trans_duration_ms": 500.0,
  "trans_enabled": false,
  "trans_factor": 0.2,
  "trans_start_ms": 1000.0,
  "w_en": 0.0027547195934192015,
  "w_ep": 0.0011079136442426784,
  "w_es": 0.001217246679556377,
  "w_ev": 0.0013574067417208707,
  "w_ne": 0.006962095276404462,
  "w_ns": 0.008767840005939156,
  "w_pe": 0.004087653762888879,
  "w_pn": 0.002390766075198379,
  "w_pp": 0.005139671758459858,
  "w_se": 0.007436733012176609,
  "w_sp": 0.0011023715256007144,
  "w_vn": 0.00954931655247487,
  "w_vp": 0.008364702724053883,
  "w_vs": 0.005481991812120352
}