{
  "I0_pv": 0.3848057925966654,
  "I0_pyr": 0.3499017463417229,
  "I0_som": 0.1702351545111127,
  "I0_vip": 0.1290942151032632,
  "I_alpha5_vip": 0.09053637084347099,
  "I_alpha7_pv": 0.012899201822921001,
  "I_alpha7_som": 0.012810356591175128,
  "I_beta2_som": 0.007248615256642578,
  "J_NMDA": 0.09103939009026125,
  "J_adapt_pyr": 0.007661127802490446,
  "J_adapt_som": 0.006463174715694846,
  "Theta_pv": 0.2878,
  "Theta_pyr": 0.40323,
  "Theta_som": 0.2878,
  "Theta_vip": 0.2878,
  "act_alpha5": 1.0,
  "act_alpha7": 1.0,
  "act_beta2": 1.0,
  "alpha_pv": 615.0,
  "alpha_pyr": 310.0,
  "alpha_som": 615.0,
  "alpha_vip": 615.0,
  "g_alpha7": 4.239177554879151,
  "g_exc": 0.16,
  "g_gaba_base": 4.653620102134548,
  "g_inh": 0.087,
  "sigma_noise": 0.3,
  "sigma_s": 0.0,
  "tau_adapt_pyr": 1000.0,
  "tau_adapt_som": 200.0,
  "tau_s": 20.0,
  "trans_duration_ms": 500.0,
  "trans_enabled": false,
  "trans_factor": 0.9971636625078776,
  "trans_start_ms": 1000.0,
  "w_ep": 0.0010225884312361154,
  "w_es": 0.024670022015904444,
  "w_ev": 0.0020738812030110243,
  "w_pe": 0.05755968302845467,
  "w_pp": 0.013411183310576266,
  "w_se": 0.0034731795663190254,
  "w_sp": 0.005287751998356642,
  "w_vp": 0.0014310867280757352,
  "w_vs": 0.005409828467193444
}