{
  "_fit_metadata": {
    "loss": 0.004021,
    "comparison": {
      "base": {
        "PYR": {
          "actual": 9.185,
          "target": 8.214,
          "error_pct": 11.82
        },
        "SOM": {
          "actual": 4.2735,
          "target": 4.295,
          "error_pct": -0.5
        },
        "PV": {
          "actual": 4.102,
          "target": 4.073,
          "error_pct": 0.71
        },
        "VIP": {
          "actual": 5.8987,
          "target": 6.051,
          "error_pct": -2.52
        }
      },
      "alpha7_ko": {
        "PYR": {
          "actual": 18.0595,
          "target": 17.539,
          "error_pct": 2.97
        }
      },
      "alpha5_ko": {
        "PYR": {
          "actual": 9.1832,
          "target": 9.285,
          "error_pct": -1.1
        }
      },
      "beta2_ko": {
        "PYR": {
          "actual": 17.9381,
          "target": 17.965,
          "error_pct": -0.15
        }
      }
    },
    "jacobian": {
      "_note": "J[row,col] = dr_row/dr_col: effect of col population on row population",
      "PYR": {
        "PYR": 0.998598,
        "SOM": -1.910715,
        "PV": -2.047754,
        "VIP": 0.0
      },
      "SOM": {
        "PYR": 1.044127,
        "SOM": 0.0,
        "PV": 0.0,
        "VIP": -1.840844
      },
      "PV": {
        "PYR": 6.762712,
        "SOM": -0.031407,
        "PV": -15.130495,
        "VIP": -0.004503
      },
      "VIP": {
        "PYR": 0.04871,
        "SOM": 0.0,
        "PV": 0.0,
        "VIP": 0.0
      }
    }
  },
  "A_pv": 6.473436209161143,
  "A_pyr": 17.366289485073207,
  "A_som": 2.777275249024562,
  "A_vip": 7.923562213490861,
  "I0_pv": 10.015450900222858,
  "I0_pyr": 7.329314938718285,
  "I0_som": 0.5477083811375069,
  "I0_vip": 7.248868315940011,
  "I_alpha5_vip": 0.001855468896469296,
  "I_alpha7_pv": 4.2329697604656475,
  "I_alpha7_som": 6.82170162929881,
  "I_beta2_som": 8.118797197410093,
  "J_adapt_pyr": 0.6776832517448835,
  "J_adapt_som": 32.7485162627453,
  "Theta_pv": 5.106198659597445,
  "Theta_pyr": 3.3166611042267347,
  "Theta_som": 7.477966224816749,
  "Theta_vip": 6.335110320212821,
  "act_alpha5": 1.0,
  "act_alpha7": 1.0,
  "act_beta2": 1.0,
  "alpha_pv": 0.0612643274925948,
  "alpha_pyr": 0.6903373207339563,
  "alpha_som": 0.35286598509956907,
  "alpha_vip": 0.0633339960715379,
  "g": 2.984309916396335,
  "g_alpha7": 1.8954878759700842,
  "g_gaba_base": 4.540823667819579,
  "sigma_s": 5.789120180621606,
  "tau_adapt_pyr": 600.0,
  "tau_adapt_som": 150.0,
  "tau_s": 20.0,
  "trans_duration_ms": 500.0,
  "trans_enabled": false,
  "trans_factor": 0.019366288749178232,
  "trans_start_ms": 1000.0,
  "w_ee": 29.15615178689045,
  "w_ep": 160.0172890282271,
  "w_es": 3.082648033669069,
  "w_ev": 0.9848552124238843,
  "w_pe": 0.4119976933904187,
  "w_pp": 55.62398677568917,
  "w_se": 0.7297484032379371,
  "w_sp": 0.11546032839385884,
  "w_vp": 0.10654841264120574,
  "w_vs": 5.434849527285547
}