{
  "_fit_metadata": {
    "loss": 0.67789,
    "comparison": {
      "base": {
        "PYR": {
          "actual": 13.6835,
          "target": 12.466,
          "error_pct": 9.77
        },
        "SOM": {
          "actual": 2.0081,
          "target": 4.814,
          "error_pct": -58.29
        },
        "PV": {
          "actual": 3.631,
          "target": 4.241,
          "error_pct": -14.38
        },
        "VIP": {
          "actual": 6.4514,
          "target": 5.551,
          "error_pct": 16.22
        }
      },
      "alpha7_ko": {
        "PYR": {
          "actual": 14.678,
          "target": 13.599,
          "error_pct": 7.93
        }
      },
      "alpha5_ko": {
        "PYR": {
          "actual": 3.9513,
          "target": 3.113,
          "error_pct": 26.93
        }
      },
      "beta2_ko": {
        "PYR": {
          "actual": 16.0394,
          "target": 19.109,
          "error_pct": -16.06
        }
      }
    },
    "jacobian": {
      "_note": "J[row,col] = dr_row/dr_col: effect of col population on row population",
      "PYR": {
        "PYR": 0.109371,
        "SOM": -0.448297,
        "PV": -0.344648,
        "VIP": 0.0
      },
      "SOM": {
        "PYR": 0.260338,
        "SOM": 0.0,
        "PV": 0.0,
        "VIP": -0.494648
      },
      "PV": {
        "PYR": 0.150355,
        "SOM": -0.188016,
        "PV": -0.303709,
        "VIP": -0.17088
      },
      "VIP": {
        "PYR": 0.025066,
        "SOM": 0.0,
        "PV": 0.0,
        "VIP": 0.0
      }
    }
  },
  "A_pv": 4.902220841886157,
  "A_pyr": 19.50871564195309,
  "A_som": 1.1771935081397529,
  "A_vip": 4.032976419062316,
  "I0_pv": 0.6735146356273425,
  "I0_pyr": 8.5706448375413,
  "I0_som": 0.45603257752602433,
  "I0_vip": 3.3568028622689656,
  "I_alpha5_vip": 9.728398402651953,
  "I_alpha7_pv": 7.431264823524296,
  "I_alpha7_som": 1.6741911214333305,
  "I_beta2_som": 7.694228587188722,
  "J_adapt_pyr": 1.5829253472125675,
  "J_adapt_som": 33.78275706651885,
  "Theta_pv": 6.8843914519709175,
  "Theta_pyr": 4.207048228605293,
  "Theta_som": 5.206271586646057,
  "Theta_vip": 8.644806928763375,
  "act_alpha5": 1.0,
  "act_alpha7": 1.0,
  "act_beta2": 1.0,
  "alpha_pv": 0.8326436211358328,
  "alpha_pyr": 0.1669544003558279,
  "alpha_som": 0.1596138543330393,
  "alpha_vip": 0.2475420858161189,
  "g": 1.8530292440403817,
  "g_alpha7": 4.269626047587988,
  "g_gaba_base": 2.045636220798403,
  "sigma_s": 3.0551991305129644,
  "tau_adapt_pyr": 600.0,
  "tau_adapt_som": 150.0,
  "tau_s": 20.0,
  "trans_duration_ms": 500.0,
  "trans_enabled": false,
  "trans_factor": 0.5107493400640781,
  "trans_start_ms": 1000.0,
  "w_ee": 14.276610992565548,
  "w_ep": 0.540273668138403,
  "w_es": 1.9961219155346952,
  "w_ev": 0.11650683354453643,
  "w_pe": 0.22260295401965605,
  "w_pp": 0.17280745278026344,
  "w_se": 1.5179403508252944,
  "w_sp": 0.10697936768609088,
  "w_vp": 0.6140293102916664,
  "w_vs": 3.7926681217735445
}