{
  "I0_pv": 0.3469281794728445,
  "I0_pyr": 0.4556324485411121,
  "I0_som": 0.3945847017790515,
  "I0_vip": 0.31196734544839044,
  "I_alpha5_vip": 0.15265682111750878,
  "I_alpha7_pv": 0.03965236322171187,
  "I_alpha7_som": 0.025380742908587595,
  "I_beta2_som": 0.044251777173031775,
  "J_NMDA": 0.786884277914915,
  "J_adapt_pyr": 0.003019179126083156,
  "J_adapt_som": 0.0,
  "Theta_pv": 0.2878,
  "Theta_pyr": 0.40323,
  "Theta_som": 0.2878,
  "Theta_vip": 0.2878,
  "act_alpha5": 1.0,
  "act_alpha7": 1.0,
  "act_beta2": 1.0,
  "alpha_pv": 615.0,
  "alpha_pyr": 310.0,
  "alpha_som": 615.0,
  "alpha_vip": 615.0,
  "g_alpha7": 0.16452262508962795,
  "g_exc": 0.16,
  "g_gaba_base": 1.232958592628748,
  "g_inh": 0.087,
  "sigma_noise": 0.3,
  "sigma_s": 0.0,
  "tau_adapt_pyr": 600.0,
  "tau_adapt_som": 113.62030871722456,
  "tau_s": 20.0,
  "trans2_duration_ms": 500.0,
  "trans2_enabled": false,
  "trans2_factor": -0.3,
  "trans2_start_ms": 3000.0,
  "trans_duration_ms": 500.0,
  "trans_enabled": false,
  "trans_factor": 0.2,
  "trans_start_ms": 1000.0,
  "w_ep": 0.0010773786974118715,
  "w_es": 0.0019489405544586389,
  "w_ev": 0.0010150812796732903,
  "w_pe": 0.04961776493160261,
  "w_pp": 0.0011458594675841354,
  "w_se": 0.00104208597034844,
  "w_sp": 0.0017863187292301158,
  "w_vp": 0.0017988627139311306,
  "w_vs": 0.00553915995426107
}