{
  "I0_pv": 1.6556271174645771,
  "I0_pyr": 2.4442559200160274,
  "I0_som": 1.381829513486138,
  "I0_vip": 8.209932298479352,
  "I_alpha5_vip": 0.9710127579306127,
  "I_alpha7_pv": 6.563295894652734,
  "I_alpha7_som": 1.965823616800535,
  "I_beta2_som": 3.687251706609641,
  "I_trans": 1.5896958364551972,
  "J_adapt_pyr": 34.88155979636324,
  "J_adapt_som": 3.0112735814634917,
  "Theta_pv": 19.529189300267916,
  "Theta_pyr": 16.758898149976076,
  "Theta_som": 19.535221763806742,
  "Theta_vip": 14.785271587966033,
  "act_alpha5": 1.0,
  "act_alpha7": 1.0,
  "act_beta2": 1.0,
  "alpha_pv": 0.598894709760805,
  "alpha_pyr": 0.08319463552374272,
  "alpha_som": 1.232360268125587,
  "alpha_vip": 0.061537845878741185,
  "g_alpha7": 1.0519128053692044,
  "g_e": 0.3678018633768409,
  "g_gaba_base": 3.353189348090797,
  "g_i": 0.17393745944806988,
  "sigma_s": 6.667667154456677,
  "tau_adapt_pyr": 261.80974367095735,
  "tau_adapt_som": 374.1398018810398,
  "tau_s": 38.55126782292028,
  "trans_duration_ms": 500.0,
  "trans_enabled": false,
  "trans_start_ms": 1000.0,
  "w_ee": 9.25703267666724e-06,
  "w_ep": 0.0004234408092930014,
  "w_es": 2.2909912985086303,
  "w_ev": 4.65011222370853e-06,
  "w_pe": 0.0012311026884522119,
  "w_pp": 417.4190863195577,
  "w_ps": 1.1339168347915505,
  "w_se": 0.27680589071001754,
  "w_sp": 1.7367125401168643e-06,
  "w_vp": 0.0012117324831300432,
  "w_vs": 0.9526036197353639,
  "w_vv": 57.813675929497705
}