{
  "I0_pv": 0.3829751103857163,
  "I0_pyr": 0.2514065853615609,
  "I0_som": 0.35485343316236606,
  "I0_vip": 0.12347369061295407,
  "I_alpha5_vip": 0.10179182294871764,
  "I_alpha7_pv": 0.0622577476941288,
  "I_alpha7_som": 0.16229353364206456,
  "I_beta2_som": 0.05489804996499559,
  "J_adapt_pyr": 0.0018538053305542804,
  "J_adapt_som": 0.004159380504657277,
  "Theta_pv": 0.2878,
  "Theta_pyr": 0.40323,
  "Theta_som": 0.2878,
  "Theta_vip": 0.2878,
  "act_alpha5": 1.0,
  "act_alpha7": 1.0,
  "act_beta2": 1.0,
  "alpha_pv": 615.0,
  "alpha_pyr": 310.0,
  "alpha_som": 615.0,
  "alpha_vip": 615.0,
  "g_alpha7": 1.0400011367938222,
  "g_exc": 0.16,
  "g_gaba_base": 3.285607702333027,
  "g_inh": 0.087,
  "sigma_noise": 0.3,
  "sigma_s": 0.0,
  "tau_adapt_pyr": 728.1388038820423,
  "tau_adapt_som": 120.07429373511266,
  "tau_s": 20.0,
  "trans_duration_ms": 500.0,
  "trans_enabled": false,
  "trans_factor": 0.2897731563112757,
  "trans_start_ms": 1000.0,
  "w_ee": 0.007611551227258781,
  "w_ep": 0.061313822124730195,
  "w_es": 0.048725888096572474,
  "w_ev": 0.019676503256098155,
  "w_pe": 0.12734517186561242,
  "w_pp": 0.019333515077905792,
  "w_se": 0.13358237431872438,
  "w_sp": 0.03531102134701199,
  "w_vp": 0.11778046002238195,
  "w_vs": 0.39010794083930367
}