{
  "I0_pv": 0.44576203459856517,
  "I0_pyr": 1.0703025671535817,
  "I0_som": 0.27054156858640477,
  "I0_vip": 0.15644122092663776,
  "I_alpha5_vip": 0.1124622794505541,
  "I_alpha7_pv": 0.15167457191918224,
  "I_alpha7_som": 0.0989359792138563,
  "I_beta2_som": 0.27016480672008714,
  "J_NMDA": 0.05370518648362531,
  "J_adapt_pyr": 0.005891395868403914,
  "J_adapt_som": 0.152976100901549,
  "Theta_pv": 0.2878,
  "Theta_pyr": 0.40323,
  "Theta_som": 0.2878,
  "Theta_vip": 0.2878,
  "act_alpha5": 1.0,
  "act_alpha7": 1.0,
  "act_beta2": 1.0,
  "alpha_pv": 615.0,
  "alpha_pyr": 310.0,
  "alpha_som": 615.0,
  "alpha_vip": 615.0,
  "g_alpha7": 1.4485730396464145,
  "g_exc": 0.16,
  "g_gaba_base": 1.1905414823147387,
  "g_inh": 0.087,
  "sigma_noise": 0.1,
  "sigma_s": 0.0,
  "tau_adapt_pyr": 500.0,
  "tau_adapt_som": 150.0,
  "tau_s": 20.0,
  "trans_duration_ms": 500.0,
  "trans_enabled": false,
  "trans_factor": 0.4186592205680465,
  "trans_start_ms": 1000.0,
  "w_ep": 0.0045773338955477924,
  "w_es": 0.0015785129192355106,
  "w_ev": 0.0016976129853834851,
  "w_pe": 0.014950118465529986,
  "w_pp": 0.03742880806519936,
  "w_se": 0.1866848401062533,
  "w_sp": 0.01660124278056967,
  "w_vp": 0.004571547210049905,
  "w_vs": 0.013998753686645646
}