{
  "I0_pv": 0.058353293169990376,
  "I0_pyr": 0.1956268734970584,
  "I0_som": 0.5114756696460917,
  "I0_vip": 0.36639523109855776,
  "I_alpha5_vip": 0.06797142172096204,
  "I_alpha7_pv": 0.01410174338788016,
  "I_alpha7_som": 0.10478458337881677,
  "I_beta2_som": 0.014289464315314504,
  "J_NMDA": 0.25845426599471505,
  "J_adapt_pyr": 0.00953038638054132,
  "J_adapt_som": 0.0,
  "Theta_pv": 0.2878,
  "Theta_pyr": 0.40323,
  "Theta_som": 0.2878,
  "Theta_vip": 0.2878,
  "act_alpha5": 1.0,
  "act_alpha7": 1.0,
  "act_beta2": 1.0,
  "alpha_pv": 615.0,
  "alpha_pyr": 310.0,
  "alpha_som": 615.0,
  "alpha_vip": 615.0,
  "g_alpha7": 0.377493762055891,
  "g_exc": 0.16,
  "g_gaba_base": 2.793906178665643,
  "g_inh": 0.087,
  "sigma_noise": 0.3,
  "sigma_s": 0.0,
  "tau_adapt_pyr": 600.0,
  "tau_adapt_som": 187.8023500463044,
  "tau_s": 20.0,
  "trans2_duration_ms": 500.0,
  "trans2_enabled": false,
  "trans2_factor": -0.3,
  "trans2_start_ms": 3000.0,
  "trans_duration_ms": 500.0,
  "trans_enabled": false,
  "trans_factor": 0.2,
  "trans_start_ms": 1000.0,
  "w_ep": 0.003279546063634604,
  "w_es": 0.0012760117617528772,
  "w_ev": 0.004349661540202247,
  "w_pe": 0.03090762112288633,
  "w_pp": 0.0010169583190073274,
  "w_se": 0.0012067163196861305,
  "w_sp": 0.002543787623344897,
  "w_vp": 0.002370194114516414,
  "w_vs": 0.0017437374042469256
}