{
  "I0_pv": 0.45239044581347243,
  "I0_pyr": 0.9978926964615148,
  "I0_som": 0.15565736530117794,
  "I0_vip": 0.2281372733498568,
  "I_alpha5_vip": 0.035071338051677295,
  "I_alpha7_pv": 0.06257687007415422,
  "I_alpha7_som": 0.4199127951145528,
  "I_beta2_som": 0.10429422521908771,
  "J_NMDA": 0.05615273899856671,
  "J_adapt_pyr": 0.005025909190502827,
  "J_adapt_som": 0.10808662494750931,
  "Theta_pv": 0.2878,
  "Theta_pyr": 0.40323,
  "Theta_som": 0.2878,
  "Theta_vip": 0.2878,
  "act_alpha5": 1.0,
  "act_alpha7": 1.0,
  "act_beta2": 1.0,
  "alpha_pv": 615.0,
  "alpha_pyr": 310.0,
  "alpha_som": 615.0,
  "alpha_vip": 615.0,
  "g_alpha7": 0.637473153573389,
  "g_exc": 0.16,
  "g_gaba_base": 0.6773460319421917,
  "g_inh": 0.087,
  "sigma_noise": 0.1,
  "sigma_s": 0.0,
  "tau_adapt_pyr": 757.6419164264253,
  "tau_adapt_som": 241.14305606747672,
  "tau_s": 20.0,
  "trans_duration_ms": 500.0,
  "trans_enabled": false,
  "trans_factor": 0.6177609658544853,
  "trans_start_ms": 1000.0,
  "w_ep": 0.022121833963350206,
  "w_es": 0.0011493735083945903,
  "w_ev": 0.0017689676072304593,
  "w_pe": 0.005043786244234092,
  "w_pp": 0.03018733830596779,
  "w_se": 0.2908507002095633,
  "w_sp": 0.00561674761541195,
  "w_vp": 0.011057023191184345,
  "w_vs": 0.010161141201894265
}