{
  "I0_pv": 0.3197217723083758,
  "I0_pyr": 0.6244708629172013,
  "I0_som": 0.22869802771143502,
  "I0_vip": 0.2062825337961545,
  "I_alpha5_vip": 0.018690041198264656,
  "I_alpha7_pv": 0.03529012651648075,
  "I_alpha7_som": 0.10290842685688825,
  "I_beta2_som": 0.029172505738261214,
  "J_NMDA": 0.07728534832017445,
  "J_adapt_pyr": 0.001251429039633212,
  "J_adapt_som": 0.10190254722405506,
  "Theta_pv": 0.2878,
  "Theta_pyr": 0.40323,
  "Theta_som": 0.2878,
  "Theta_vip": 0.2878,
  "act_alpha5": 1.0,
  "act_alpha7": 1.0,
  "act_beta2": 1.0,
  "alpha_pv": 615.0,
  "alpha_pyr": 310.0,
  "alpha_som": 615.0,
  "alpha_vip": 615.0,
  "g_alpha7": 3.362708680526647,
  "g_exc": 0.16,
  "g_gaba_base": 2.5459037875442174,
  "g_inh": 0.087,
  "sigma_noise": 0.3,
  "sigma_s": 0.0,
  "tau_adapt_pyr": 600.0,
  "tau_adapt_som": 150.0,
  "tau_s": 20.0,
  "trans_duration_ms": 500.0,
  "trans_enabled": false,
  "trans_factor": 0.718800499110458,
  "trans_start_ms": 1000.0,
  "w_ep": 0.04937870546997263,
  "w_es": 0.0030623279082795667,
  "w_ev": 0.0030721754502939787,
  "w_pe": 0.007531070719168306,
  "w_pp": 0.010447214058421245,
  "w_se": 0.05090210986750692,
  "w_sp": 0.008793368757229055,
  "w_vp": 0.00871029496071838,
  "w_vs": 0.009617829060064998
}