{
  "_fit_metadata": {
    "loss": 0.006508,
    "comparison": {
      "base": {
        "PYR": {
          "actual": 4.2142,
          "target": 4.143,
          "error_pct": 1.72
        },
        "SOM": {
          "actual": 3.423,
          "target": 3.423,
          "error_pct": 0.0
        },
        "PV": {
          "actual": 2.0736,
          "target": 2.079,
          "error_pct": -0.26
        },
        "VIP": {
          "actual": 1.945,
          "target": 1.933,
          "error_pct": 0.62
        }
      }
    },
    "jacobian": {
      "_note": "J[row,col] = dr_row/dr_col: effect of col population on row population",
      "PYR": {
        "PYR": 0.12777,
        "SOM": -0.598178,
        "PV": -0.247557,
        "VIP": 0.0
      },
      "SOM": {
        "PYR": 1.466252,
        "SOM": 0.0,
        "PV": 0.0,
        "VIP": -0.682494
      },
      "PV": {
        "PYR": 5.839779,
        "SOM": -1.476782,
        "PV": -8.711369,
        "VIP": -0.238986
      },
      "VIP": {
        "PYR": 0.018969,
        "SOM": 0.0,
        "PV": 0.0,
        "VIP": 0.0
      }
    }
  },
  "I0_pv": 3.139204849771807,
  "I0_pyr": 9.699892454942676,
  "I0_som": 8.495257175157676,
  "I0_vip": 6.400846028127146,
  "I_alpha5_vip": 1.6739014458822852,
  "I_alpha7_pv": 0.37269624927141365,
  "I_alpha7_som": 9.117854740147962,
  "I_beta2_som": 6.147484013825417,
  "J_adapt_pyr": 0.8771755924013742,
  "J_adapt_som": 16.161556542677673,
  "Theta_pv": 3.9796319177777226,
  "Theta_pyr": 2.4973036977194747,
  "Theta_som": 9.426583142132408,
  "Theta_vip": 12.183680736709846,
  "act_alpha5": 1.0,
  "act_alpha7": 1.0,
  "act_beta2": 1.0,
  "alpha_pv": 4.40536499348842,
  "alpha_pyr": 1.3873027143926682,
  "alpha_som": 2.4717784159068796,
  "alpha_vip": 0.11070469623213301,
  "g_alpha7": 0.4329820084949416,
  "g_e": 0.3633645883030985,
  "g_gaba_base": 4.190661169221872,
  "g_i": 0.4794832847928059,
  "sigma_s": 6.63918263903767,
  "tau_adapt_pyr": 94.90376139818483,
  "tau_adapt_som": 3950.025144370289,
  "tau_s": 97.99168969517135,
  "trans_duration_ms": 500.0,
  "trans_enabled": false,
  "trans_factor": 0.15028488428421138,
  "trans_start_ms": 1000.0,
  "w_ee": 3.038208930158008,
  "w_ep": 2.6535476421166075,
  "w_es": 11.334444010637853,
  "w_ev": 0.3591718460116624,
  "w_pe": 2.1309593336879247,
  "w_pp": 0.8561158916710807,
  "w_se": 0.14355099055636883,
  "w_sp": 0.14513180204790335,
  "w_vp": 0.10859316965829392,
  "w_vs": 5.275828270832289
}