{
  "_fit_metadata": {
    "loss": 0.0001,
    "comparison": {
      "base": {
        "PYR": {
          "actual": 2.4871,
          "target": 2.487,
          "error_pct": 0.0
        },
        "SOM": {
          "actual": 3.2479,
          "target": 3.248,
          "error_pct": -0.0
        },
        "PV": {
          "actual": 1.4137,
          "target": 1.414,
          "error_pct": -0.02
        },
        "VIP": {
          "actual": 2.5172,
          "target": 2.517,
          "error_pct": 0.01
        }
      }
    },
    "jacobian": {
      "_note": "J[row,col] = dr_row/dr_col: effect of col population on row population",
      "PYR": {
        "PYR": 1.211388,
        "SOM": -0.417497,
        "PV": -1.458165,
        "VIP": 0.0
      },
      "SOM": {
        "PYR": 0.402172,
        "SOM": 0.0,
        "PV": 0.0,
        "VIP": -0.089373
      },
      "PV": {
        "PYR": 1.482469,
        "SOM": -0.042503,
        "PV": -3.154784,
        "VIP": -0.065348
      },
      "VIP": {
        "PYR": 0.030472,
        "SOM": 0.0,
        "PV": 0.0,
        "VIP": 0.0
      }
    }
  },
  "I0_pv": 6.04437699674396,
  "I0_pyr": 4.876159853867542,
  "I0_som": 9.226634978747368,
  "I0_vip": 7.6083623063986945,
  "I_alpha5_vip": 3.4268423231532137,
  "I_alpha7_pv": 4.525567758155029,
  "I_alpha7_som": 2.932814360267797,
  "I_beta2_som": 6.88471069341465,
  "J_adapt_pyr": 4.9786656007670596,
  "J_adapt_som": 15.698428390226182,
  "Theta_pv": 17.194216061504825,
  "Theta_pyr": 4.307824204779534,
  "Theta_som": 5.458307306185917,
  "Theta_vip": 19.271065885285175,
  "act_alpha5": 1.0,
  "act_alpha7": 1.0,
  "act_beta2": 1.0,
  "alpha_pv": 0.37883102589589385,
  "alpha_pyr": 1.2196506867925145,
  "alpha_som": 0.09339036164579409,
  "alpha_vip": 0.44336480982433646,
  "g_alpha7": 1.6364689702565398,
  "g_e": 0.17695475459450852,
  "g_gaba_base": 1.3896528329734552,
  "g_i": 0.25040136481946307,
  "sigma_s": 4.560409235633409,
  "tau_adapt_pyr": 355.9578656481969,
  "tau_adapt_som": 858.2939641377457,
  "tau_s": 15.281458469852309,
  "trans_duration_ms": 500.0,
  "trans_enabled": false,
  "trans_factor": 0.9486217592430666,
  "trans_start_ms": 1000.0,
  "w_ee": 11.586536251803922,
  "w_ep": 17.185887102819624,
  "w_es": 10.016910086207991,
  "w_ev": 0.19098701933438894,
  "w_pe": 0.5064186731466287,
  "w_pp": 12.085640761619906,
  "w_se": 0.4167457199266829,
  "w_sp": 0.16282451176934218,
  "w_vp": 0.7575684839597944,
  "w_vs": 2.2260253427934478
}