{
  "_fit_metadata": {
    "loss": 9.8e-05,
    "comparison": {
      "base": {
        "PYR": {
          "actual": 4.5668,
          "target": 4.566,
          "error_pct": 0.02
        },
        "SOM": {
          "actual": 3.5634,
          "target": 3.563,
          "error_pct": 0.01
        },
        "PV": {
          "actual": 3.1862,
          "target": 3.186,
          "error_pct": 0.01
        },
        "VIP": {
          "actual": 1.6269,
          "target": 1.627,
          "error_pct": -0.0
        }
      }
    },
    "jacobian": {
      "_note": "J[row,col] = dr_row/dr_col: effect of col population on row population",
      "PYR": {
        "PYR": 0.501482,
        "SOM": -0.224381,
        "PV": -0.544038,
        "VIP": 0.0
      },
      "SOM": {
        "PYR": 12.016143,
        "SOM": 0.0,
        "PV": 0.0,
        "VIP": -1.283991
      },
      "PV": {
        "PYR": 153.051145,
        "SOM": -0.757081,
        "PV": -218.039761,
        "VIP": -0.236561
      },
      "VIP": {
        "PYR": 0.008687,
        "SOM": 0.0,
        "PV": 0.0,
        "VIP": 0.0
      }
    }
  },
  "I0_pv": 6.529365259234102,
  "I0_pyr": 8.062246823876746,
  "I0_som": 5.435605212235143,
  "I0_vip": 8.434150079297307,
  "I_alpha5_vip": 2.457580164649048,
  "I_alpha7_pv": 6.678949024898734,
  "I_alpha7_som": 5.668838280546184,
  "I_beta2_som": 9.379771995887321,
  "J_adapt_pyr": 5.7638822671985865,
  "J_adapt_som": 21.982622159626764,
  "Theta_pv": 12.923019904682818,
  "Theta_pyr": 3.326811216110339,
  "Theta_som": 10.97615903220238,
  "Theta_vip": 15.125085628331204,
  "act_alpha5": 1.0,
  "act_alpha7": 1.0,
  "act_beta2": 1.0,
  "alpha_pv": 2.271427621316438,
  "alpha_pyr": 0.27074620143370787,
  "alpha_som": 0.9912984058063099,
  "alpha_vip": 0.10066789394076632,
  "g_alpha7": 0.6520778088652995,
  "g_e": 0.1762221769298478,
  "g_gaba_base": 1.7568751073537423,
  "g_i": 0.5579599120776998,
  "sigma_s": 5.918829039456104,
  "tau_adapt_pyr": 142.2572707125428,
  "tau_adapt_som": 1090.6222332737334,
  "tau_s": 14.381623066070865,
  "trans_duration_ms": 500.0,
  "trans_enabled": false,
  "trans_factor": 0.3301956002590131,
  "trans_start_ms": 1000.0,
  "w_ee": 17.698774477761287,
  "w_ep": 95.80721961677159,
  "w_es": 16.316396181220576,
  "w_ev": 0.18427205576003194,
  "w_pe": 0.40560909207600004,
  "w_pp": 56.659017510891694,
  "w_se": 0.7992234375463996,
  "w_sp": 0.19673218735723716,
  "w_vp": 0.14808274355812903,
  "w_vs": 1.743496830474801
}