{
  "_fit_metadata": {
    "loss": 9.8e-05,
    "comparison": {
      "base": {
        "PYR": {
          "actual": 3.2797,
          "target": 3.279,
          "error_pct": 0.02
        },
        "SOM": {
          "actual": 3.1672,
          "target": 3.167,
          "error_pct": 0.01
        },
        "PV": {
          "actual": 3.166,
          "target": 3.166,
          "error_pct": -0.0
        },
        "VIP": {
          "actual": 2.5007,
          "target": 2.501,
          "error_pct": -0.01
        }
      }
    },
    "jacobian": {
      "_note": "J[row,col] = dr_row/dr_col: effect of col population on row population",
      "PYR": {
        "PYR": 0.109294,
        "SOM": -0.269559,
        "PV": -0.097302,
        "VIP": 0.0
      },
      "SOM": {
        "PYR": 0.346762,
        "SOM": 0.0,
        "PV": 0.0,
        "VIP": -0.075959
      },
      "PV": {
        "PYR": 4.133659,
        "SOM": -0.017382,
        "PV": -4.367215,
        "VIP": -0.005858
      },
      "VIP": {
        "PYR": 0.027585,
        "SOM": 0.0,
        "PV": 0.0,
        "VIP": 0.0
      }
    }
  },
  "I0_pv": 13.137053880924858,
  "I0_pyr": 5.8286285973868,
  "I0_som": 7.291761944081259,
  "I0_vip": 9.996437522212911,
  "I_alpha5_vip": 2.8331137225804266,
  "I_alpha7_pv": 0.37104048413063734,
  "I_alpha7_som": 7.643596810238428,
  "I_beta2_som": 6.490700851142888,
  "J_adapt_pyr": 2.3282545045916683,
  "J_adapt_som": 43.51962037810126,
  "Theta_pv": 15.051350371641833,
  "Theta_pyr": 6.199534182297815,
  "Theta_som": 10.453788025491829,
  "Theta_vip": 17.31560951441263,
  "act_alpha5": 1.0,
  "act_alpha7": 1.0,
  "act_beta2": 1.0,
  "alpha_pv": 0.06240653861677894,
  "alpha_pyr": 0.9193947665593907,
  "alpha_som": 0.08651175493848008,
  "alpha_vip": 0.5858874251986335,
  "g_alpha7": 0.7872176376024969,
  "g_e": 0.14888417093478462,
  "g_gaba_base": 2.237441315112588,
  "g_i": 0.2804555572585708,
  "sigma_s": 9.16224391990113,
  "tau_adapt_pyr": 833.4800854341443,
  "tau_adapt_som": 4878.0860300983795,
  "tau_s": 12.611104295993567,
  "trans_duration_ms": 500.0,
  "trans_enabled": false,
  "trans_factor": 0.17616045493867244,
  "trans_start_ms": 1000.0,
  "w_ee": 2.9409969754942273,
  "w_ep": 143.6151903370083,
  "w_es": 18.19151425292849,
  "w_ev": 0.12082894970948024,
  "w_pe": 0.6382857991707244,
  "w_pp": 50.16419956276777,
  "w_se": 0.33718577465497324,
  "w_sp": 0.19966059482829251,
  "w_vp": 0.20351449735876356,
  "w_vs": 3.984885828441924
}