{
  "I0_pv": 0.3829388436578719,
  "I0_pyr": 0.5473033566818543,
  "I0_som": 0.2078108571109808,
  "I0_vip": 0.2062687428575688,
  "I_alpha5_vip": 0.006928025212253386,
  "I_alpha7_pv": 0.014357261597687984,
  "I_alpha7_som": 0.032847564584788956,
  "I_beta2_som": 0.0023339136414814356,
  "J_NMDA": 0.0501797626570387,
  "J_adapt_pyr": 0.0010004345670597422,
  "J_adapt_som": 0.0,
  "Theta_pv": 0.2878,
  "Theta_pyr": 0.40323,
  "Theta_som": 0.2878,
  "Theta_vip": 0.2878,
  "act_alpha5": 1.0,
  "act_alpha7": 1.0,
  "act_beta2": 1.0,
  "alpha_pv": 615.0,
  "alpha_pyr": 310.0,
  "alpha_som": 615.0,
  "alpha_vip": 615.0,
  "g_alpha7": 4.99947769556502,
  "g_exc": 0.16,
  "g_gaba_base": 4.997334935137905,
  "g_inh": 0.087,
  "sigma_noise": 0.3,
  "sigma_s": 0.0,
  "tau_adapt_pyr": 600.0,
  "tau_adapt_som": 289.39538468817904,
  "tau_s": 20.0,
  "trans2_duration_ms": 500.0,
  "trans2_enabled": false,
  "trans2_factor": -0.3,
  "trans2_start_ms": 3000.0,
  "trans_duration_ms": 500.0,
  "trans_enabled": false,
  "trans_factor": 0.07431344827801507,
  "trans_start_ms": 1000.0,
  "w_ep": 0.009842970463321759,
  "w_es": 0.00396322478081976,
  "w_ev": 0.00688003560217364,
  "w_pe": 0.001003570221133305,
  "w_pp": 0.0010070031314045732,
  "w_se": 0.009999959292308604,
  "w_sp": 0.007775273419922763,
  "w_vp": 0.0011206050725622164,
  "w_vs": 0.007322217206604161
}