phenotype,category,ko_count,run_idx,PYR,SOM,PV,VIP,NDNF
WT,WT,0,0,1.34391,1.37933,1.57124,3.7459,2.55094
WT,WT,0,1,1.36627,1.3852,1.57414,3.76438,2.56577
WT,WT,0,2,1.36477,1.38263,1.57272,3.7581,2.559
WT,WT,0,3,1.33263,1.37727,1.57051,3.73932,2.5448
WT,WT,0,4,1.36316,1.38214,1.57311,3.75642,2.55787
WT,WT,0,5,1.36,1.38234,1.57204,3.75677,2.55965
WT,WT,0,6,1.35981,1.38271,1.57284,3.75804,2.5609
WT,WT,0,7,1.38661,1.38892,1.57697,3.77673,2.57285
WT,WT,0,8,1.35716,1.38327,1.57301,3.75858,2.56118
WT,WT,0,9,1.37292,1.38703,1.57642,3.77045,2.56864
WT,WT,0,10,1.3502,1.38112,1.57202,3.75219,2.55671
WT,WT,0,11,1.37251,1.38468,1.57391,3.76393,2.56363
WT,WT,0,12,1.35068,1.37994,1.57104,3.74968,2.55393
WT,WT,0,13,1.36742,1.38466,1.57474,3.7635,2.56276
WT,WT,0,14,1.34501,1.37895,1.57014,3.74583,2.55204
WT,WT,0,15,1.35172,1.38112,1.57194,3.75252,2.55613
WT,WT,0,16,1.36851,1.38407,1.57347,3.76271,2.56346
WT,WT,0,17,1.3489,1.37952,1.57102,3.74793,2.55321
WT,WT,0,18,1.37513,1.38638,1.57593,3.76875,2.56713
WT,WT,0,19,1.37537,1.38765,1.57625,3.7719,2.56971
WT,WT,0,20,1.35994,1.38046,1.57146,3.75188,2.55487
WT,WT,0,21,1.35574,1.38022,1.57107,3.75089,2.55488
WT,WT,0,22,1.3489,1.37899,1.57028,3.74733,2.55335
WT,WT,0,23,1.34988,1.38043,1.57181,3.75008,2.55406
WT,WT,0,24,1.35794,1.38224,1.57233,3.75572,2.55833
WT,WT,0,25,1.34578,1.37814,1.57036,3.74374,2.54942
WT,WT,0,26,1.3689,1.38474,1.57432,3.76413,2.56391
WT,WT,0,27,1.35555,1.38255,1.57292,3.75645,2.55914
WT,WT,0,28,1.37287,1.38623,1.57567,3.76829,2.56642
WT,WT,0,29,1.33914,1.37667,1.56899,3.73925,2.54683
WT,WT,0,30,1.35006,1.37918,1.57062,3.74734,2.55199
WT,WT,0,31,1.34507,1.38,1.5708,3.74844,2.55448
WT,WT,0,32,1.38333,1.38824,1.5762,3.77518,2.57178
WT,WT,0,33,1.35135,1.37986,1.57146,3.74931,2.55316
WT,WT,0,34,1.36298,1.38434,1.57383,3.76203,2.56373
WT,WT,0,35,1.33601,1.37682,1.56891,3.73947,2.54791
WT,WT,0,36,1.36096,1.38343,1.57366,3.75918,2.561
WT,WT,0,37,1.34942,1.38002,1.57132,3.74934,2.5541
WT,WT,0,38,1.35213,1.38115,1.57246,3.75215,2.55484
WT,WT,0,39,1.36889,1.38624,1.5757,3.76755,2.56666
WT,WT,0,40,1.31452,1.37088,1.56574,3.72105,2.53287
WT,WT,0,41,1.37249,1.38876,1.57711,3.77457,2.57206
WT,WT,0,42,1.38373,1.38949,1.57758,3.77816,2.57496
WT,WT,0,43,1.36801,1.38331,1.57341,3.76041,2.56023
WT,WT,0,44,1.34674,1.37902,1.57009,3.74618,2.55227
WT,WT,0,45,1.35422,1.37996,1.57099,3.75019,2.55404
WT,WT,0,46,1.33394,1.37562,1.56842,3.73615,2.54466
WT,WT,0,47,1.36913,1.38592,1.57607,3.76658,2.56464
WT,WT,0,48,1.35685,1.37996,1.57122,3.75048,2.55322
WT,WT,0,49,1.37653,1.38572,1.57474,3.7677,2.56588
PV α7,target,1,0,1.50973,1.33132,1.46538,3.84933,3.56598
PV α7,target,1,1,1.51358,1.33108,1.465,3.84936,3.56537
PV α7,target,1,2,1.5572,1.33915,1.47022,3.87288,3.59159
PV α7,target,1,3,1.55696,1.34246,1.47329,3.87941,3.59713
PV α7,target,1,4,1.52829,1.33674,1.46888,3.86128,3.58016
PV α7,target,1,5,1.53642,1.336,1.4687,3.86331,3.57986
PV α7,target,1,6,1.53363,1.33643,1.46921,3.86323,3.57924
PV α7,target,1,7,1.5526,1.33983,1.47111,3.8731,3.59091
PV α7,target,1,8,1.5449,1.33869,1.47044,3.86929,3.58534
PV α7,target,1,9,1.54722,1.33944,1.47119,3.87255,3.58828
PV α7,target,1,10,1.53997,1.33621,1.46794,3.86197,3.57972
PV α7,target,1,11,1.56796,1.34736,1.47615,3.88982,3.61447
PV α7,target,1,12,1.5412,1.33718,1.46891,3.86409,3.58282
PV α7,target,1,13,1.52835,1.33499,1.46754,3.85871,3.57694
PV α7,target,1,14,1.53035,1.33377,1.46714,3.85761,3.57206
PV α7,target,1,15,1.54124,1.33795,1.47045,3.86954,3.58457
PV α7,target,1,16,1.52464,1.33245,1.46573,3.85331,3.56865
PV α7,target,1,17,1.53617,1.33654,1.46876,3.86283,3.58063
PV α7,target,1,18,1.52982,1.33597,1.46857,3.86186,3.57947
PV α7,target,1,19,1.55588,1.34124,1.47158,3.87487,3.596
PV α7,target,1,20,1.54983,1.34105,1.47205,3.87553,3.59434
PV α7,target,1,21,1.56048,1.34379,1.47396,3.88118,3.60221
PV α7,target,1,22,1.54102,1.33619,1.46832,3.86408,3.57975
PV α7,target,1,23,1.54876,1.33826,1.46988,3.86916,3.58621
PV α7,target,1,24,1.56636,1.3461,1.47547,3.88803,3.61127
PV α7,target,1,25,1.55591,1.34105,1.47223,3.87785,3.59577
PV α7,target,1,26,1.49963,1.32827,1.46324,3.84191,3.55597
PV α7,target,1,27,1.53114,1.33544,1.46853,3.86199,3.57717
PV α7,target,1,28,1.55559,1.34244,1.47338,3.87967,3.59866
PV α7,target,1,29,1.54703,1.33921,1.4701,3.8691,3.58985
PV α7,target,1,30,1.54473,1.33689,1.46857,3.86469,3.58267
PV α7,target,1,31,1.52046,1.33355,1.46668,3.85529,3.57259
PV α7,target,1,32,1.51409,1.3327,1.46639,3.85251,3.57015
PV α7,target,1,33,1.5278,1.33567,1.46858,3.86045,3.57681
PV α7,target,1,34,1.54313,1.33857,1.47027,3.86909,3.58735
PV α7,target,1,35,1.53666,1.33749,1.46904,3.8644,3.58436
PV α7,target,1,36,1.54548,1.34072,1.47167,3.87419,3.59587
PV α7,target,1,37,1.51016,1.33021,1.46426,3.84627,3.56152
PV α7,target,1,38,1.51844,1.33136,1.46563,3.85213,3.56592
PV α7,target,1,39,1.53179,1.33591,1.4688,3.8629,3.57842
PV α7,target,1,40,1.53254,1.33417,1.46733,3.85882,3.57311
PV α7,target,1,41,1.52153,1.33395,1.4672,3.85743,3.57388
PV α7,target,1,42,1.51945,1.33048,1.46418,3.84811,3.56278
PV α7,target,1,43,1.56186,1.34287,1.4732,3.8811,3.60029
PV α7,target,1,44,1.54214,1.33728,1.46889,3.86454,3.58307
PV α7,target,1,45,1.53377,1.33889,1.47162,3.86967,3.5841
PV α7,target,1,46,1.53451,1.3352,1.46809,3.8621,3.57779
PV α7,target,1,47,1.53785,1.33712,1.46978,3.86609,3.5808
PV α7,target,1,48,1.56933,1.34699,1.47617,3.88916,3.61186
PV α7,target,1,49,1.52328,1.33408,1.46726,3.85674,3.573
SOM α7,prediction,1,0,1.63069,0.0428699,2.70714,1.26256,6.69749
SOM α7,prediction,1,1,1.62539,0.0427562,2.70524,1.26687,6.69051
SOM α7,prediction,1,2,1.62145,0.0426571,2.70261,1.26723,6.68396
SOM α7,prediction,1,3,1.64064,0.0429731,2.71322,1.26554,6.71899
SOM α7,prediction,1,4,1.62102,0.0423837,2.69815,1.27741,6.66851
SOM α7,prediction,1,5,1.62512,0.0426912,2.70298,1.267,6.6861
SOM α7,prediction,1,6,1.64906,0.0433212,2.71918,1.2561,6.73504
SOM α7,prediction,1,7,1.58734,0.0417631,2.68192,1.28676,6.61124
SOM α7,prediction,1,8,1.62127,0.0426882,2.70213,1.26623,6.6813
SOM α7,prediction,1,9,1.58445,0.0419259,2.68233,1.27812,6.61307
SOM α7,prediction,1,10,1.60867,0.042337,2.69494,1.27277,6.65871
SOM α7,prediction,1,11,1.62518,0.0427544,2.706,1.26772,6.69063
SOM α7,prediction,1,12,1.63206,0.0427299,2.7053,1.26889,6.69082
SOM α7,prediction,1,13,1.61394,0.0424193,2.6982,1.27467,6.66763
SOM α7,prediction,1,14,1.6502,0.0433322,2.72052,1.25574,6.7453
SOM α7,prediction,1,15,1.61494,0.0423902,2.69409,1.27312,6.6521
SOM α7,prediction,1,16,1.61471,0.0424133,2.69607,1.27329,6.65874
SOM α7,prediction,1,17,1.61828,0.0424764,2.6995,1.27348,6.675
SOM α7,prediction,1,18,1.60643,0.0420732,2.68611,1.2803,6.62181
SOM α7,prediction,1,19,1.63307,0.0428988,2.71009,1.26469,6.70913
SOM α7,prediction,1,20,1.61022,0.0423422,2.69446,1.27393,6.65177
SOM α7,prediction,1,21,1.61966,0.0427216,2.70348,1.26409,6.68798
SOM α7,prediction,1,22,1.59767,0.0420829,2.68506,1.27609,6.62226
SOM α7,prediction,1,23,1.64083,0.0429989,2.71126,1.26253,6.71202
SOM α7,prediction,1,24,1.58159,0.0417194,2.67685,1.28434,6.59092
SOM α7,prediction,1,25,1.64102,0.0431963,2.71625,1.25665,6.73121
SOM α7,prediction,1,26,1.62432,0.0426864,2.70434,1.2687,6.68936
SOM α7,prediction,1,27,1.63609,0.0429163,2.70994,1.26443,6.70712
SOM α7,prediction,1,28,1.6091,0.0422667,2.69488,1.27777,6.65486
SOM α7,prediction,1,29,1.62041,0.0426077,2.70217,1.26878,6.68403
SOM α7,prediction,1,30,1.61456,0.0423651,2.69878,1.27818,6.66829
SOM α7,prediction,1,31,1.63777,0.0429574,2.71054,1.26277,6.70884
SOM α7,prediction,1,32,1.66292,0.0434883,2.72301,1.25437,6.75029
SOM α7,prediction,1,33,1.6389,0.0429791,2.71078,1.26246,6.70928
SOM α7,prediction,1,34,1.59327,0.041959,2.68235,1.27801,6.61256
SOM α7,prediction,1,35,1.6207,0.0425158,2.69982,1.27246,6.67137
SOM α7,prediction,1,36,1.64319,0.0430016,2.71256,1.26537,6.7133
SOM α7,prediction,1,37,1.62265,0.0424377,2.69892,1.27607,6.67106
SOM α7,prediction,1,38,1.63396,0.0427861,2.70912,1.27112,6.69981
SOM α7,prediction,1,39,1.59253,0.0419832,2.68547,1.28,6.62552
SOM α7,prediction,1,40,1.64493,0.0429238,2.71068,1.26786,6.70742
SOM α7,prediction,1,41,1.58265,0.0419064,2.68232,1.2777,6.61839
SOM α7,prediction,1,42,1.61825,0.0425292,2.69976,1.27088,6.67322
SOM α7,prediction,1,43,1.62515,0.0426801,2.70783,1.27161,6.70049
SOM α7,prediction,1,44,1.61431,0.0424622,2.69788,1.27124,6.66525
SOM α7,prediction,1,45,1.63003,0.0427693,2.70225,1.26442,6.67911
SOM α7,prediction,1,46,1.60328,0.0422516,2.69229,1.27421,6.64816
SOM α7,prediction,1,47,1.62109,0.0426116,2.7007,1.2687,6.67773
SOM α7,prediction,1,48,1.62324,0.0425774,2.70315,1.27269,6.68095
SOM α7,prediction,1,49,1.62604,0.0426292,2.70031,1.26814,6.67223
SOM β2,prediction,1,0,1.36854,0.850125,2.00192,2.01636,3.77312
SOM β2,prediction,1,1,1.41655,0.86759,2.02151,2.03282,3.81852
SOM β2,prediction,1,2,1.3959,0.859263,2.01257,2.02673,3.79779
SOM β2,prediction,1,3,1.39493,0.858437,2.01092,2.02591,3.79263
SOM β2,prediction,1,4,1.41799,0.866801,2.02111,2.03384,3.81675
SOM β2,prediction,1,5,1.42253,0.8697,2.0235,2.03484,3.82264
SOM β2,prediction,1,6,1.38369,0.855021,2.00802,2.02245,3.78706
SOM β2,prediction,1,7,1.41848,0.867001,2.02135,2.03443,3.81798
SOM β2,prediction,1,8,1.40248,0.862099,2.01636,2.02957,3.80617
SOM β2,prediction,1,9,1.41372,0.863851,2.01537,2.02913,3.80351
SOM β2,prediction,1,10,1.40353,0.862191,2.01574,2.0292,3.80592
SOM β2,prediction,1,11,1.38877,0.854565,2.00675,2.0226,3.78316
SOM β2,prediction,1,12,1.4209,0.870236,2.02452,2.03506,3.8241
SOM β2,prediction,1,13,1.42281,0.864637,2.01777,2.03456,3.80834
SOM β2,prediction,1,14,1.41452,0.864186,2.01737,2.03424,3.80669
SOM β2,prediction,1,15,1.41525,0.865021,2.01854,2.03104,3.81122
SOM β2,prediction,1,16,1.40659,0.863418,2.01747,2.02997,3.80985
SOM β2,prediction,1,17,1.40311,0.860591,2.01444,2.03003,3.80271
SOM β2,prediction,1,18,1.38114,0.854022,2.00543,2.01911,3.78197
SOM β2,prediction,1,19,1.42295,0.866386,2.01991,2.03542,3.81253
SOM β2,prediction,1,20,1.40747,0.864336,2.01788,2.03009,3.80882
SOM β2,prediction,1,21,1.3834,0.856977,2.00926,2.02057,3.78935
SOM β2,prediction,1,22,1.36981,0.850995,2.00217,2.01521,3.77396
SOM β2,prediction,1,23,1.41316,0.863826,2.01672,2.02997,3.80682
SOM β2,prediction,1,24,1.39392,0.858644,2.01178,2.02581,3.79494
SOM β2,prediction,1,25,1.42714,0.868609,2.02291,2.03708,3.82103
SOM β2,prediction,1,26,1.41991,0.863993,2.01731,2.03548,3.80706
SOM β2,prediction,1,27,1.4025,0.860529,2.01305,2.02823,3.79756
SOM β2,prediction,1,28,1.38825,0.856797,2.00896,2.02193,3.78959
SOM β2,prediction,1,29,1.39686,0.86024,2.01351,2.02673,3.80087
SOM β2,prediction,1,30,1.3966,0.858917,2.01235,2.02771,3.79589
SOM β2,prediction,1,31,1.38844,0.858776,2.01148,2.02229,3.79568
SOM β2,prediction,1,32,1.4166,0.864946,2.01866,2.03249,3.81235
SOM β2,prediction,1,33,1.40102,0.862804,2.0163,2.02871,3.80526
SOM β2,prediction,1,34,1.44156,0.874211,2.02951,2.0422,3.83723
SOM β2,prediction,1,35,1.37424,0.853011,2.00527,2.01756,3.7808
SOM β2,prediction,1,36,1.39724,0.860325,2.01261,2.02503,3.7975
SOM β2,prediction,1,37,1.3978,0.860624,2.01437,2.0279,3.8023
SOM β2,prediction,1,38,1.41503,0.865383,2.01936,2.03289,3.81258
SOM β2,prediction,1,39,1.3836,0.856746,2.00939,2.02344,3.7883
SOM β2,prediction,1,40,1.41607,0.865758,2.01903,2.03305,3.81153
SOM β2,prediction,1,41,1.40756,0.863869,2.01785,2.03088,3.80983
SOM β2,prediction,1,42,1.39518,0.858459,2.01225,2.02698,3.79576
SOM β2,prediction,1,43,1.41066,0.864104,2.01775,2.03311,3.8084
SOM β2,prediction,1,44,1.38071,0.854053,2.0063,2.01986,3.78347
SOM β2,prediction,1,45,1.39366,0.859632,2.01347,2.02605,3.79946
SOM β2,prediction,1,46,1.41324,0.865886,2.01989,2.03348,3.8136
SOM β2,prediction,1,47,1.40705,0.860825,2.01281,2.02712,3.79718
SOM β2,prediction,1,48,1.39743,0.859588,2.01269,2.02835,3.79679
SOM β2,prediction,1,49,1.35633,0.846423,1.99779,2.01174,3.7647
VIP α5,target,1,0,0.668803,4.77135,2.63694,0.0595396,0.113869
VIP α5,target,1,1,0.659214,4.72324,2.62545,0.0587986,0.117382
VIP α5,target,1,2,0.661651,4.72751,2.62885,0.0588206,0.118345
VIP α5,target,1,3,0.665781,4.73449,2.63171,0.0589597,0.117981
VIP α5,target,1,4,0.657358,4.69853,2.62197,0.0583731,0.120714
VIP α5,target,1,5,0.667976,4.75901,2.63502,0.0593394,0.115459
VIP α5,target,1,6,0.664883,4.75225,2.63374,0.0592078,0.115943
VIP α5,target,1,7,0.664186,4.74976,2.63386,0.0591388,0.116496
VIP α5,target,1,8,0.665431,4.75646,2.63407,0.0592549,0.115585
VIP α5,target,1,9,0.661278,4.72633,2.6272,0.0588414,0.117771
VIP α5,target,1,10,0.656763,4.70497,2.62274,0.0585019,0.119599
VIP α5,target,1,11,0.668031,4.74881,2.63493,0.0591516,0.117113
VIP α5,target,1,12,0.663493,4.73381,2.63002,0.0589138,0.117875
VIP α5,target,1,13,0.66466,4.73905,2.63125,0.0590314,0.116895
VIP α5,target,1,14,0.662787,4.73297,2.62973,0.0589075,0.117734
VIP α5,target,1,15,0.669267,4.75813,2.63576,0.0593288,0.115729
VIP α5,target,1,16,0.666707,4.72611,2.62958,0.0588892,0.118332
VIP α5,target,1,17,0.658613,4.7287,2.62737,0.0588148,0.117607
VIP α5,target,1,18,0.666389,4.75228,2.63332,0.0592421,0.115889
VIP α5,target,1,19,0.658628,4.72657,2.6264,0.0587959,0.117717
VIP α5,target,1,20,0.655078,4.69574,2.62143,0.0583316,0.120809
VIP α5,target,1,21,0.656635,4.69704,2.62175,0.0583459,0.120891
VIP α5,target,1,22,0.673655,4.781,2.6413,0.0596798,0.114023
VIP α5,target,1,23,0.660081,4.70753,2.62503,0.0585356,0.120204
VIP α5,target,1,24,0.659569,4.71431,2.62362,0.0586817,0.11827
VIP α5,target,1,25,0.671982,4.77396,2.63822,0.0595987,0.113886
VIP α5,target,1,26,0.658366,4.70702,2.6244,0.0585242,0.120137
VIP α5,target,1,27,0.660463,4.72866,2.62863,0.0588283,0.117943
VIP α5,target,1,28,0.658883,4.71439,2.62632,0.0585748,0.120139
VIP α5,target,1,29,0.656709,4.70355,2.62161,0.0585115,0.119064
VIP α5,target,1,30,0.661142,4.71979,2.62544,0.0587639,0.11801
VIP α5,target,1,31,0.662579,4.73267,2.6301,0.0588913,0.118175
VIP α5,target,1,32,0.658502,4.71081,2.62402,0.0585787,0.11923
VIP α5,target,1,33,0.664913,4.75435,2.63313,0.0592424,0.115409
VIP α5,target,1,34,0.664728,4.73599,2.62992,0.0590143,0.116917
VIP α5,target,1,35,0.667456,4.75457,2.63515,0.0592674,0.115858
VIP α5,target,1,36,0.668216,4.75272,2.63464,0.0592353,0.116722
VIP α5,target,1,37,0.661145,4.73794,2.62931,0.0590215,0.116302
VIP α5,target,1,38,0.665017,4.73643,2.6307,0.0589884,0.117439
VIP α5,target,1,39,0.666791,4.74835,2.63251,0.059178,0.116156
VIP α5,target,1,40,0.658663,4.71986,2.62511,0.0587062,0.118366
VIP α5,target,1,41,0.665691,4.73371,2.62884,0.0589902,0.117212
VIP α5,target,1,42,0.660331,4.71902,2.62626,0.0586931,0.118907
VIP α5,target,1,43,0.658165,4.73136,2.6266,0.0588699,0.117129
VIP α5,target,1,44,0.667249,4.76575,2.63766,0.0593883,0.115288
VIP α5,target,1,45,0.660782,4.73471,2.62947,0.0589178,0.117565
VIP α5,target,1,46,0.662133,4.73011,2.62854,0.0588677,0.117977
VIP α5,target,1,47,0.660056,4.71631,2.62524,0.0587137,0.118475
VIP α5,target,1,48,0.66266,4.75204,2.63129,0.0592268,0.115054
VIP α5,target,1,49,0.665748,4.75247,2.63266,0.0592477,0.115479
NDNF α7,target,1,0,1.68869,1.00256,1.65091,4.63827,3.0565
NDNF α7,target,1,1,1.67507,0.998442,1.64635,4.62033,3.0364
NDNF α7,target,1,2,1.66243,0.996149,1.64373,4.61084,3.02782
NDNF α7,target,1,3,1.68077,1.00008,1.64807,4.62748,3.04326
NDNF α7,target,1,4,1.69721,1.00326,1.6515,4.64149,3.05892
NDNF α7,target,1,5,1.68837,1.00161,1.65042,4.63916,3.05432
NDNF α7,target,1,6,1.68009,0.999037,1.64705,4.62623,3.04262
NDNF α7,target,1,7,1.69014,1.00117,1.6492,4.63012,3.045
NDNF α7,target,1,8,1.67825,0.999531,1.6475,4.6238,3.04
NDNF α7,target,1,9,1.69368,1.00208,1.65039,4.63795,3.05419
NDNF α7,target,1,10,1.66692,0.9976,1.64541,4.61387,3.02622
NDNF α7,target,1,11,1.66322,0.996666,1.64408,4.6151,3.03726
NDNF α7,target,1,12,1.68432,1.00058,1.64848,4.63048,3.04991
NDNF α7,target,1,13,1.6897,1.0009,1.64881,4.62984,3.04798
NDNF α7,target,1,14,1.68972,1.00072,1.64861,4.63249,3.05024
NDNF α7,target,1,15,1.70507,1.00223,1.65028,4.63987,3.05627
NDNF α7,target,1,16,1.68423,1.00156,1.64986,4.63362,3.05274
NDNF α7,target,1,17,1.67396,0.998745,1.64641,4.62265,3.03958
NDNF α7,target,1,18,1.66982,0.997739,1.64513,4.61529,3.03256
NDNF α7,target,1,19,1.68061,0.999984,1.64816,4.63077,3.04867
NDNF α7,target,1,20,1.67776,0.999308,1.64721,4.62609,3.04484
NDNF α7,target,1,21,1.68635,1.00191,1.65063,4.63464,3.04795
NDNF α7,target,1,22,1.7091,1.0044,1.65285,4.65014,3.06836
NDNF α7,target,1,23,1.68953,1.0014,1.64939,4.63409,3.05304
NDNF α7,target,1,24,1.68733,1.00117,1.64934,4.6308,3.04661
NDNF α7,target,1,25,1.69053,1.00201,1.6505,4.63724,3.054
NDNF α7,target,1,26,1.68556,1.00103,1.64926,4.63336,3.04942
NDNF α7,target,1,27,1.73327,1.00955,1.65837,4.67199,3.09188
NDNF α7,target,1,28,1.68689,1.00051,1.6484,4.63083,3.0481
NDNF α7,target,1,29,1.68909,1.00184,1.65019,4.6354,3.04964
NDNF α7,target,1,30,1.68243,1.00019,1.64762,4.62997,3.05239
NDNF α7,target,1,31,1.68488,0.999689,1.6473,4.62509,3.04295
NDNF α7,target,1,32,1.67355,0.998028,1.64589,4.62058,3.03802
NDNF α7,target,1,33,1.67979,0.999474,1.64784,4.62643,3.03969
NDNF α7,target,1,34,1.66967,0.999376,1.64785,4.62469,3.03823
NDNF α7,target,1,35,1.6822,1.00013,1.64816,4.62927,3.04692
NDNF α7,target,1,36,1.67406,0.998668,1.64655,4.62138,3.03695
NDNF α7,target,1,37,1.70362,1.00312,1.65092,4.64123,3.06107
NDNF α7,target,1,38,1.6406,0.99289,1.64019,4.59506,3.00818
NDNF α7,target,1,39,1.70883,1.00263,1.65043,4.64151,3.06036
NDNF α7,target,1,40,1.71336,1.00506,1.65361,4.65137,3.06856
NDNF α7,target,1,41,1.65733,0.995595,1.64306,4.61056,3.02917
NDNF α7,target,1,42,1.67079,0.996815,1.64429,4.61554,3.03402
NDNF α7,target,1,43,1.724,1.0069,1.65586,4.65941,3.07454
NDNF α7,target,1,44,1.6548,0.995346,1.64292,4.60756,3.02392
NDNF α7,target,1,45,1.68581,1.00043,1.64864,4.63177,3.0474
NDNF α7,target,1,46,1.69349,1.00247,1.65094,4.64074,3.05815
NDNF α7,target,1,47,1.69939,1.00363,1.65211,4.64546,3.06294
NDNF α7,target,1,48,1.70753,1.00383,1.65181,4.64547,3.06443
NDNF α7,target,1,49,1.69695,1.00236,1.65046,4.63772,3.05462
NDNF β2,prediction,1,0,1.49842,1.08548,1.44391,4.3851,2.23029
NDNF β2,prediction,1,1,1.5202,1.08999,1.44787,4.40388,2.24173
NDNF β2,prediction,1,2,1.52609,1.09175,1.44902,4.41272,2.24878
NDNF β2,prediction,1,3,1.514,1.08921,1.44706,4.40189,2.24173
NDNF β2,prediction,1,4,1.51856,1.0889,1.44658,4.39826,2.23801
NDNF β2,prediction,1,5,1.52672,1.09022,1.44794,4.4073,2.24508
NDNF β2,prediction,1,6,1.53086,1.09221,1.44949,4.41375,2.24884
NDNF β2,prediction,1,7,1.52015,1.09014,1.44777,4.40588,2.24348
NDNF β2,prediction,1,8,1.51266,1.08692,1.44443,4.39344,2.23777
NDNF β2,prediction,1,9,1.50388,1.08634,1.44482,4.38799,2.23116
NDNF β2,prediction,1,10,1.52178,1.0906,1.44825,4.40797,2.24517
NDNF β2,prediction,1,11,1.51703,1.08766,1.44544,4.39939,2.24058
NDNF β2,prediction,1,12,1.49143,1.08367,1.44238,4.37801,2.22508
NDNF β2,prediction,1,13,1.54832,1.09523,1.45229,4.42985,2.25929
NDNF β2,prediction,1,14,1.51849,1.0878,1.44555,4.39738,2.23824
NDNF β2,prediction,1,15,1.50378,1.08727,1.44586,4.39312,2.23409
NDNF β2,prediction,1,16,1.5362,1.09295,1.45053,4.41838,2.25225
NDNF β2,prediction,1,17,1.53643,1.09178,1.4488,4.41347,2.24963
NDNF β2,prediction,1,18,1.54152,1.09337,1.44988,4.42051,2.25524
NDNF β2,prediction,1,19,1.51483,1.09016,1.4482,4.40505,2.24246
NDNF β2,prediction,1,20,1.53469,1.09353,1.45085,4.41992,2.25271
NDNF β2,prediction,1,21,1.49997,1.08572,1.44439,4.38725,2.2319
NDNF β2,prediction,1,22,1.53755,1.09253,1.44969,4.41585,2.25073
NDNF β2,prediction,1,23,1.49358,1.08425,1.44294,4.38142,2.22677
NDNF β2,prediction,1,24,1.48926,1.083,1.4419,4.37572,2.22227
NDNF β2,prediction,1,25,1.5143,1.09055,1.44848,4.40263,2.23988
NDNF β2,prediction,1,26,1.51846,1.0901,1.44793,4.40328,2.24148
NDNF β2,prediction,1,27,1.51441,1.08838,1.44644,4.39999,2.24013
NDNF β2,prediction,1,28,1.49507,1.08518,1.44385,4.38485,2.2284
NDNF β2,prediction,1,29,1.52916,1.09176,1.4492,4.41248,2.24808
NDNF β2,prediction,1,30,1.5072,1.08881,1.44743,4.39708,2.23551
NDNF β2,prediction,1,31,1.5385,1.09278,1.45008,4.41726,2.25056
NDNF β2,prediction,1,32,1.54541,1.09343,1.45008,4.41946,2.25426
NDNF β2,prediction,1,33,1.51275,1.08964,1.44737,4.40137,2.24149
NDNF β2,prediction,1,34,1.49471,1.08477,1.44323,4.38132,2.22779
NDNF β2,prediction,1,35,1.50745,1.08689,1.44482,4.39336,2.23665
NDNF β2,prediction,1,36,1.51776,1.08903,1.44709,4.40082,2.24054
NDNF β2,prediction,1,37,1.52053,1.0899,1.44762,4.40509,2.24278
NDNF β2,prediction,1,38,1.51123,1.08757,1.44583,4.39548,2.2364
NDNF β2,prediction,1,39,1.49085,1.08397,1.44248,4.37922,2.22562
NDNF β2,prediction,1,40,1.50995,1.08755,1.44529,4.39553,2.23772
NDNF β2,prediction,1,41,1.49918,1.08449,1.44309,4.38122,2.2264
NDNF β2,prediction,1,42,1.5335,1.09177,1.44908,4.4135,2.24937
NDNF β2,prediction,1,43,1.51759,1.08906,1.44672,4.40073,2.24027
NDNF β2,prediction,1,44,1.50508,1.08601,1.44441,4.38572,2.22943
NDNF β2,prediction,1,45,1.50755,1.08729,1.44568,4.39502,2.23663
NDNF β2,prediction,1,46,1.50522,1.087,1.44476,4.39131,2.23684
NDNF β2,prediction,1,47,1.51533,1.08886,1.44682,4.39895,2.23929
NDNF β2,prediction,1,48,1.49042,1.08566,1.44436,4.38439,2.22934
NDNF β2,prediction,1,49,1.5183,1.08885,1.44635,4.40105,2.24111
PV α7 + SOM α7,prediction,2,0,1.92091,0.0149539,1.98852,3.54201,6.79371
PV α7 + SOM α7,prediction,2,1,1.89243,0.0148709,1.9754,3.52807,6.72884
PV α7 + SOM α7,prediction,2,2,1.93826,0.0149838,1.99154,3.5439,6.79769
PV α7 + SOM α7,prediction,2,3,1.91872,0.0149434,1.98683,3.54073,6.78102
PV α7 + SOM α7,prediction,2,4,1.92222,0.0149562,1.98453,3.5348,6.76528
PV α7 + SOM α7,prediction,2,5,1.92573,0.0149494,1.98643,3.54036,6.77757
PV α7 + SOM α7,prediction,2,6,1.92391,0.0149452,1.98531,3.53612,6.77272
PV α7 + SOM α7,prediction,2,7,1.95322,0.0150634,1.99661,3.54095,6.81939
PV α7 + SOM α7,prediction,2,8,1.92394,0.0149454,1.98769,3.54259,6.78536
PV α7 + SOM α7,prediction,2,9,1.91209,0.0149091,1.98299,3.53952,6.76152
PV α7 + SOM α7,prediction,2,10,1.90389,0.0149153,1.97976,3.53001,6.74309
PV α7 + SOM α7,prediction,2,11,1.89463,0.01487,1.97694,3.53257,6.73791
PV α7 + SOM α7,prediction,2,12,1.95168,0.0150441,1.99568,3.53836,6.82336
PV α7 + SOM α7,prediction,2,13,1.93485,0.0149816,1.99208,3.54697,6.80618
PV α7 + SOM α7,prediction,2,14,1.95077,0.0150379,1.99647,3.54477,6.81929
PV α7 + SOM α7,prediction,2,15,1.93729,0.015009,1.99163,3.53948,6.79443
PV α7 + SOM α7,prediction,2,16,1.91172,0.0148994,1.98006,3.53604,6.75279
PV α7 + SOM α7,prediction,2,17,1.93842,0.0149873,1.99242,3.54301,6.80753
PV α7 + SOM α7,prediction,2,18,1.94998,0.0150119,1.99763,3.55305,6.83618
PV α7 + SOM α7,prediction,2,19,1.92139,0.0149415,1.98504,3.53593,6.77415
PV α7 + SOM α7,prediction,2,20,1.88455,0.014843,1.97274,3.52885,6.71255
PV α7 + SOM α7,prediction,2,21,1.90025,0.0148602,1.97878,3.54185,6.74441
PV α7 + SOM α7,prediction,2,22,1.90583,0.0149015,1.97715,3.52757,6.73204
PV α7 + SOM α7,prediction,2,23,1.92406,0.0149466,1.98553,3.5378,6.77294
PV α7 + SOM α7,prediction,2,24,1.91589,0.0149003,1.98341,3.5428,6.76489
PV α7 + SOM α7,prediction,2,25,1.9174,0.0149349,1.98648,3.54193,6.77965
PV α7 + SOM α7,prediction,2,26,1.93778,0.0149635,1.9893,3.54351,6.78953
PV α7 + SOM α7,prediction,2,27,1.90975,0.0149135,1.98056,3.53543,6.74838
PV α7 + SOM α7,prediction,2,28,1.92247,0.0149295,1.98609,3.54481,6.77552
PV α7 + SOM α7,prediction,2,29,1.92962,0.0149541,1.98775,3.54101,6.78232
PV α7 + SOM α7,prediction,2,30,1.90379,0.0149019,1.97953,3.53573,6.74079
PV α7 + SOM α7,prediction,2,31,1.93517,0.0149797,1.98935,3.54071,6.78343
PV α7 + SOM α7,prediction,2,32,1.94211,0.0149636,1.99073,3.54891,6.79843
PV α7 + SOM α7,prediction,2,33,1.90021,0.0148922,1.97835,3.53312,6.73719
PV α7 + SOM α7,prediction,2,34,1.9327,0.0149757,1.99006,3.54266,6.79522
PV α7 + SOM α7,prediction,2,35,1.91587,0.0149424,1.98536,3.53672,6.77399
PV α7 + SOM α7,prediction,2,36,1.91236,0.014937,1.98466,3.53821,6.7668
PV α7 + SOM α7,prediction,2,37,1.91479,0.0148885,1.98219,3.54454,6.75594
PV α7 + SOM α7,prediction,2,38,1.96677,0.0150918,2.00248,3.54805,6.85046
PV α7 + SOM α7,prediction,2,39,1.89579,0.0148747,1.97659,3.53276,6.73146
PV α7 + SOM α7,prediction,2,40,1.88176,0.0147999,1.97053,3.53334,6.70413
PV α7 + SOM α7,prediction,2,41,1.95568,0.0150157,1.99714,3.55161,6.82612
PV α7 + SOM α7,prediction,2,42,1.93684,0.0149853,1.99161,3.54442,6.801
PV α7 + SOM α7,prediction,2,43,1.93762,0.015051,1.99436,3.53623,6.81275
PV α7 + SOM α7,prediction,2,44,1.95439,0.0150115,1.99692,3.55133,6.82781
PV α7 + SOM α7,prediction,2,45,1.91214,0.0149164,1.98138,3.53536,6.75255
PV α7 + SOM α7,prediction,2,46,1.96965,0.015084,2.00398,3.55208,6.8584
PV α7 + SOM α7,prediction,2,47,1.93449,0.0149456,1.98793,3.54437,6.78539
PV α7 + SOM α7,prediction,2,48,1.91127,0.0148984,1.98225,3.54353,6.75197
PV α7 + SOM α7,prediction,2,49,1.87528,0.0147906,1.96875,3.53281,6.69268
PV α7 + SOM β2,prediction,2,0,1.61525,0.728327,1.88672,2.49117,4.90443
PV α7 + SOM β2,prediction,2,1,1.60689,0.724442,1.88209,2.49319,4.88822
PV α7 + SOM β2,prediction,2,2,1.59886,0.722877,1.88009,2.49068,4.88301
PV α7 + SOM β2,prediction,2,3,1.59684,0.724768,1.8821,2.48783,4.88874
PV α7 + SOM β2,prediction,2,4,1.60066,0.725878,1.88307,2.4865,4.89102
PV α7 + SOM β2,prediction,2,5,1.61297,0.724948,1.88123,2.48992,4.88556
PV α7 + SOM β2,prediction,2,6,1.59615,0.72231,1.878,2.48586,4.87622
PV α7 + SOM β2,prediction,2,7,1.59975,0.724017,1.88162,2.49097,4.8852
PV α7 + SOM β2,prediction,2,8,1.59756,0.723934,1.88068,2.48775,4.88436
PV α7 + SOM β2,prediction,2,9,1.60264,0.724349,1.88119,2.49006,4.88303
PV α7 + SOM β2,prediction,2,10,1.60862,0.724739,1.8817,2.49146,4.88835
PV α7 + SOM β2,prediction,2,11,1.60303,0.724484,1.88137,2.48917,4.8855
PV α7 + SOM β2,prediction,2,12,1.60146,0.723963,1.88029,2.4876,4.88224
PV α7 + SOM β2,prediction,2,13,1.57549,0.717893,1.87179,2.48111,4.85595
PV α7 + SOM β2,prediction,2,14,1.60819,0.72612,1.88395,2.49286,4.89417
PV α7 + SOM β2,prediction,2,15,1.58894,0.721172,1.87757,2.48829,4.87412
PV α7 + SOM β2,prediction,2,16,1.56778,0.714571,1.86781,2.48185,4.84123
PV α7 + SOM β2,prediction,2,17,1.62082,0.729569,1.88815,2.49365,4.9071
PV α7 + SOM β2,prediction,2,18,1.61318,0.726933,1.88509,2.49321,4.89903
PV α7 + SOM β2,prediction,2,19,1.56519,0.7149,1.86777,2.47962,4.84104
PV α7 + SOM β2,prediction,2,20,1.58422,0.721082,1.87598,2.48199,4.86804
PV α7 + SOM β2,prediction,2,21,1.59224,0.72141,1.87718,2.48804,4.86995
PV α7 + SOM β2,prediction,2,22,1.60288,0.726241,1.88444,2.48955,4.89657
PV α7 + SOM β2,prediction,2,23,1.60152,0.724149,1.87958,2.48545,4.87751
PV α7 + SOM β2,prediction,2,24,1.57214,0.716795,1.87098,2.48215,4.85228
PV α7 + SOM β2,prediction,2,25,1.60221,0.723648,1.88023,2.4894,4.88156
PV α7 + SOM β2,prediction,2,26,1.58778,0.720841,1.87682,2.48795,4.87116
PV α7 + SOM β2,prediction,2,27,1.59317,0.720319,1.87483,2.48574,4.86305
PV α7 + SOM β2,prediction,2,28,1.61032,0.725824,1.8833,2.49152,4.89109
PV α7 + SOM β2,prediction,2,29,1.59865,0.722424,1.87762,2.48641,4.87401
PV α7 + SOM β2,prediction,2,30,1.56753,0.714503,1.86794,2.48271,4.84249
PV α7 + SOM β2,prediction,2,31,1.58461,0.720967,1.87621,2.48263,4.86993
PV α7 + SOM β2,prediction,2,32,1.59491,0.72371,1.88057,2.48672,4.88265
PV α7 + SOM β2,prediction,2,33,1.5723,0.717592,1.87167,2.48195,4.85428
PV α7 + SOM β2,prediction,2,34,1.54729,0.711512,1.86311,2.47456,4.82913
PV α7 + SOM β2,prediction,2,35,1.52156,0.704446,1.85326,2.46663,4.79695
PV α7 + SOM β2,prediction,2,36,1.59352,0.721496,1.87683,2.48701,4.86844
PV α7 + SOM β2,prediction,2,37,1.55904,0.714834,1.86771,2.47765,4.84168
PV α7 + SOM β2,prediction,2,38,1.58876,0.719104,1.87285,2.48436,4.85847
PV α7 + SOM β2,prediction,2,39,1.57994,0.718993,1.87356,2.4837,4.86076
PV α7 + SOM β2,prediction,2,40,1.59094,0.721797,1.87785,2.48789,4.87485
PV α7 + SOM β2,prediction,2,41,1.5996,0.723235,1.87927,2.48769,4.87706
PV α7 + SOM β2,prediction,2,42,1.59673,0.722444,1.87688,2.4832,4.87166
PV α7 + SOM β2,prediction,2,43,1.60429,0.724673,1.88144,2.48885,4.88748
PV α7 + SOM β2,prediction,2,44,1.59841,0.722685,1.87911,2.4893,4.87966
PV α7 + SOM β2,prediction,2,45,1.60207,0.724971,1.88267,2.49016,4.88932
PV α7 + SOM β2,prediction,2,46,1.59361,0.723133,1.87872,2.48325,4.87846
PV α7 + SOM β2,prediction,2,47,1.5771,0.718302,1.87228,2.48186,4.85659
PV α7 + SOM β2,prediction,2,48,1.62683,0.730315,1.88945,2.49633,4.91028
PV α7 + SOM β2,prediction,2,49,1.56409,0.714555,1.86675,2.47596,4.83884
PV α7 + VIP α5,prediction,2,0,0.945913,4.7679,2.82379,0.0526693,0.450082
PV α7 + VIP α5,prediction,2,1,0.939473,4.7466,2.81823,0.0522984,0.455024
PV α7 + VIP α5,prediction,2,2,0.957691,4.79347,2.83494,0.0529435,0.451338
PV α7 + VIP α5,prediction,2,3,0.953312,4.80087,2.83441,0.0530966,0.446025
PV α7 + VIP α5,prediction,2,4,0.950291,4.78588,2.83004,0.0528997,0.448394
PV α7 + VIP α5,prediction,2,5,0.960208,4.81466,2.8394,0.0532964,0.444829
PV α7 + VIP α5,prediction,2,6,0.951702,4.77881,2.82794,0.0528074,0.449761
PV α7 + VIP α5,prediction,2,7,0.965859,4.82611,2.84187,0.053508,0.442155
PV α7 + VIP α5,prediction,2,8,0.939857,4.74062,2.81705,0.0521869,0.456829
PV α7 + VIP α5,prediction,2,9,0.954537,4.78338,2.82983,0.0528679,0.449364
PV α7 + VIP α5,prediction,2,10,0.945383,4.76489,2.82172,0.052648,0.448987
PV α7 + VIP α5,prediction,2,11,0.952505,4.76862,2.82599,0.0526706,0.452137
PV α7 + VIP α5,prediction,2,12,0.952729,4.78591,2.828,0.0529287,0.44664
PV α7 + VIP α5,prediction,2,13,0.953123,4.78592,2.83029,0.0529057,0.44863
PV α7 + VIP α5,prediction,2,14,0.954259,4.78251,2.83217,0.0527971,0.45233
PV α7 + VIP α5,prediction,2,15,0.943285,4.75526,2.82152,0.0523958,0.45483
PV α7 + VIP α5,prediction,2,16,0.95968,4.79544,2.83581,0.052995,0.450293
PV α7 + VIP α5,prediction,2,17,0.955397,4.80019,2.8362,0.0530399,0.448639
PV α7 + VIP α5,prediction,2,18,0.954416,4.77873,2.83041,0.0527436,0.452718
PV α7 + VIP α5,prediction,2,19,0.958461,4.80071,2.83534,0.0531219,0.446626
PV α7 + VIP α5,prediction,2,20,0.963204,4.80299,2.83556,0.0532132,0.44596
PV α7 + VIP α5,prediction,2,21,0.960098,4.80049,2.83566,0.0531036,0.447669
PV α7 + VIP α5,prediction,2,22,0.95479,4.79437,2.83173,0.0530553,0.445998
PV α7 + VIP α5,prediction,2,23,0.947251,4.76164,2.8238,0.0525347,0.453819
PV α7 + VIP α5,prediction,2,24,0.938818,4.73978,2.81678,0.0521744,0.457136
PV α7 + VIP α5,prediction,2,25,0.955781,4.79962,2.83422,0.0531263,0.445483
PV α7 + VIP α5,prediction,2,26,0.950365,4.7634,2.82403,0.0525956,0.452491
PV α7 + VIP α5,prediction,2,27,0.947905,4.76819,2.82468,0.0526511,0.45121
PV α7 + VIP α5,prediction,2,28,0.960928,4.80444,2.83531,0.0532568,0.444227
PV α7 + VIP α5,prediction,2,29,0.959488,4.81724,2.84147,0.0532796,0.446477
PV α7 + VIP α5,prediction,2,30,0.96353,4.82997,2.84355,0.0535386,0.441622
PV α7 + VIP α5,prediction,2,31,0.951183,4.77467,2.82729,0.0527555,0.450797
PV α7 + VIP α5,prediction,2,32,0.975575,4.84069,2.84649,0.0538553,0.438613
PV α7 + VIP α5,prediction,2,33,0.958627,4.79662,2.83255,0.0531228,0.445287
PV α7 + VIP α5,prediction,2,34,0.955472,4.79307,2.83305,0.0529877,0.448516
PV α7 + VIP α5,prediction,2,35,0.94346,4.7498,2.8196,0.0523926,0.454258
PV α7 + VIP α5,prediction,2,36,0.953858,4.7804,2.82903,0.052843,0.449996
PV α7 + VIP α5,prediction,2,37,0.942103,4.74008,2.81536,0.0522745,0.454982
PV α7 + VIP α5,prediction,2,38,0.963362,4.80415,2.83733,0.0531605,0.447678
PV α7 + VIP α5,prediction,2,39,0.953591,4.76964,2.82601,0.0526758,0.452539
PV α7 + VIP α5,prediction,2,40,0.962141,4.80686,2.83658,0.0532808,0.444663
PV α7 + VIP α5,prediction,2,41,0.970543,4.8319,2.84295,0.0536932,0.439544
PV α7 + VIP α5,prediction,2,42,0.962631,4.8144,2.83984,0.053275,0.445873
PV α7 + VIP α5,prediction,2,43,0.949848,4.75788,2.82255,0.0525229,0.453897
PV α7 + VIP α5,prediction,2,44,0.94103,4.74644,2.81845,0.0522891,0.455522
PV α7 + VIP α5,prediction,2,45,0.974166,4.84804,2.85054,0.0538059,0.440957
PV α7 + VIP α5,prediction,2,46,0.950102,4.78477,2.83041,0.0528117,0.450219
PV α7 + VIP α5,prediction,2,47,0.969215,4.83348,2.84522,0.053646,0.441278
PV α7 + VIP α5,prediction,2,48,0.94448,4.74854,2.8197,0.0523265,0.455841
PV α7 + VIP α5,prediction,2,49,0.969166,4.82753,2.84248,0.0536015,0.441177
PV α7 + NDNF α7,prediction,2,0,1.94658,0.664055,1.24482,5.68543,4.19412
PV α7 + NDNF α7,prediction,2,1,1.94367,0.664743,1.24582,5.68594,4.19338
PV α7 + NDNF α7,prediction,2,2,1.95298,0.664805,1.24623,5.69749,4.20578
PV α7 + NDNF α7,prediction,2,3,1.95805,0.66394,1.24452,5.68799,4.19963
PV α7 + NDNF α7,prediction,2,4,1.90486,0.662011,1.24097,5.64641,4.14421
PV α7 + NDNF α7,prediction,2,5,1.98352,0.665825,1.24816,5.71956,4.23791
PV α7 + NDNF α7,prediction,2,6,1.94435,0.662521,1.24242,5.67977,4.19307
PV α7 + NDNF α7,prediction,2,7,1.93511,0.663437,1.2439,5.68066,4.18652
PV α7 + NDNF α7,prediction,2,8,1.97193,0.664931,1.24627,5.70127,4.21254
PV α7 + NDNF α7,prediction,2,9,1.98332,0.665893,1.24797,5.71587,4.22947
PV α7 + NDNF α7,prediction,2,10,1.94537,0.663391,1.24405,5.69169,4.20082
PV α7 + NDNF α7,prediction,2,11,1.97849,0.663593,1.24429,5.70002,4.22318
PV α7 + NDNF α7,prediction,2,12,1.98326,0.665753,1.24783,5.71241,4.23089
PV α7 + NDNF α7,prediction,2,13,1.9438,0.662932,1.24316,5.68319,4.19363
PV α7 + NDNF α7,prediction,2,14,1.94078,0.663273,1.24335,5.67738,4.18401
PV α7 + NDNF α7,prediction,2,15,1.95705,0.663836,1.24492,5.6997,4.21194
PV α7 + NDNF α7,prediction,2,16,1.97826,0.665327,1.24714,5.71227,4.22597
PV α7 + NDNF α7,prediction,2,17,1.96298,0.66389,1.2447,5.69356,4.20645
PV α7 + NDNF α7,prediction,2,18,1.94105,0.66417,1.24491,5.68418,4.19282
PV α7 + NDNF α7,prediction,2,19,1.96111,0.664196,1.24501,5.69184,4.20617
PV α7 + NDNF α7,prediction,2,20,1.91128,0.662605,1.24208,5.65996,4.15628
PV α7 + NDNF α7,prediction,2,21,1.98237,0.664327,1.24564,5.70768,4.22754
PV α7 + NDNF α7,prediction,2,22,1.97082,0.664735,1.24638,5.71011,4.22644
PV α7 + NDNF α7,prediction,2,23,1.9506,0.664167,1.2451,5.6918,4.19815
PV α7 + NDNF α7,prediction,2,24,1.97017,0.664784,1.24613,5.7028,4.21482
PV α7 + NDNF α7,prediction,2,25,1.96544,0.664574,1.2459,5.70077,4.21314
PV α7 + NDNF α7,prediction,2,26,1.94976,0.665226,1.24659,5.6941,4.20263
PV α7 + NDNF α7,prediction,2,27,1.94198,0.663205,1.24358,5.68578,4.1922
PV α7 + NDNF α7,prediction,2,28,1.96164,0.664503,1.24549,5.6977,4.2098
PV α7 + NDNF α7,prediction,2,29,1.91998,0.662107,1.2415,5.66402,4.16456
PV α7 + NDNF α7,prediction,2,30,2.00508,0.666233,1.24892,5.73096,4.25279
PV α7 + NDNF α7,prediction,2,31,1.96941,0.664645,1.2461,5.70416,4.21739
PV α7 + NDNF α7,prediction,2,32,1.99859,0.665634,1.24828,5.73307,4.25523
PV α7 + NDNF α7,prediction,2,33,1.97246,0.664967,1.2465,5.70709,4.22027
PV α7 + NDNF α7,prediction,2,34,1.97421,0.665536,1.24718,5.70249,4.21748
PV α7 + NDNF α7,prediction,2,35,1.97002,0.663863,1.24488,5.70276,4.21742
PV α7 + NDNF α7,prediction,2,36,1.94253,0.662871,1.24288,5.67912,4.18688
PV α7 + NDNF α7,prediction,2,37,1.94698,0.663752,1.24451,5.68628,4.19218
PV α7 + NDNF α7,prediction,2,38,1.95404,0.664035,1.24485,5.6917,4.19844
PV α7 + NDNF α7,prediction,2,39,1.93743,0.662991,1.24336,5.68531,4.19308
PV α7 + NDNF α7,prediction,2,40,1.94217,0.663964,1.24426,5.6745,4.18216
PV α7 + NDNF α7,prediction,2,41,1.983,0.665044,1.24678,5.71452,4.23375
PV α7 + NDNF α7,prediction,2,42,1.95668,0.66358,1.24427,5.69276,4.20344
PV α7 + NDNF α7,prediction,2,43,1.93359,0.664152,1.24465,5.67721,4.18079
PV α7 + NDNF α7,prediction,2,44,1.96049,0.664923,1.24587,5.6922,4.20384
PV α7 + NDNF α7,prediction,2,45,1.95352,0.664507,1.24556,5.69099,4.20338
PV α7 + NDNF α7,prediction,2,46,1.93635,0.663722,1.24386,5.67105,4.17505
PV α7 + NDNF α7,prediction,2,47,1.98088,0.665657,1.24764,5.71229,4.22641
PV α7 + NDNF α7,prediction,2,48,1.95435,0.664085,1.24492,5.68743,4.19756
PV α7 + NDNF α7,prediction,2,49,1.98675,0.665216,1.24718,5.71549,4.23067
PV α7 + NDNF β2,prediction,2,0,1.67552,0.992523,1.2868,4.64203,3.03309
PV α7 + NDNF β2,prediction,2,1,1.66582,0.989812,1.28466,4.63012,3.01662
PV α7 + NDNF β2,prediction,2,2,1.74127,1.0019,1.2949,4.68566,3.07723
PV α7 + NDNF β2,prediction,2,3,1.64131,0.986591,1.28217,4.6183,3.00388
PV α7 + NDNF β2,prediction,2,4,1.6942,0.994474,1.28866,4.65285,3.04255
PV α7 + NDNF β2,prediction,2,5,1.69247,0.995016,1.28919,4.65045,3.03725
PV α7 + NDNF β2,prediction,2,6,1.69247,0.994273,1.28866,4.6539,3.04317
PV α7 + NDNF β2,prediction,2,7,1.66605,0.988294,1.2832,4.62613,3.01338
PV α7 + NDNF β2,prediction,2,8,1.69782,0.994112,1.28817,4.65208,3.03833
PV α7 + NDNF β2,prediction,2,9,1.68582,0.993569,1.28793,4.64937,3.03861
PV α7 + NDNF β2,prediction,2,10,1.71342,0.997057,1.291,4.66491,3.05314
PV α7 + NDNF β2,prediction,2,11,1.6926,0.994515,1.28891,4.65331,3.04118
PV α7 + NDNF β2,prediction,2,12,1.68581,0.99282,1.28746,4.64696,3.03386
PV α7 + NDNF β2,prediction,2,13,1.68698,0.993507,1.28785,4.64944,3.03791
PV α7 + NDNF β2,prediction,2,14,1.6906,0.994331,1.2887,4.65349,3.04058
PV α7 + NDNF β2,prediction,2,15,1.68319,0.993666,1.28831,4.64697,3.03284
PV α7 + NDNF β2,prediction,2,16,1.67425,0.991969,1.28675,4.64028,3.02725
PV α7 + NDNF β2,prediction,2,17,1.67495,0.992168,1.28713,4.64255,3.02697
PV α7 + NDNF β2,prediction,2,18,1.69145,0.994507,1.28881,4.65301,3.03987
PV α7 + NDNF β2,prediction,2,19,1.65763,0.98899,1.28462,4.63021,3.0121
PV α7 + NDNF β2,prediction,2,20,1.69539,0.99489,1.2892,4.65515,3.04243
PV α7 + NDNF β2,prediction,2,21,1.69871,0.993695,1.28772,4.65375,3.0438
PV α7 + NDNF β2,prediction,2,22,1.68763,0.992787,1.28707,4.64331,3.03086
PV α7 + NDNF β2,prediction,2,23,1.70021,0.995584,1.28968,4.657,3.04476
PV α7 + NDNF β2,prediction,2,24,1.68195,0.992834,1.28759,4.64566,3.03142
PV α7 + NDNF β2,prediction,2,25,1.66788,0.991235,1.28646,4.63705,3.01972
PV α7 + NDNF β2,prediction,2,26,1.68798,0.993682,1.2883,4.65041,3.03802
PV α7 + NDNF β2,prediction,2,27,1.67272,0.990912,1.28563,4.63784,3.02576
PV α7 + NDNF β2,prediction,2,28,1.70576,0.996788,1.29095,4.6617,3.04996
PV α7 + NDNF β2,prediction,2,29,1.65154,0.986137,1.28126,4.61323,2.99853
PV α7 + NDNF β2,prediction,2,30,1.70835,0.998622,1.29269,4.67091,3.059
PV α7 + NDNF β2,prediction,2,31,1.68009,0.990919,1.2855,4.6404,3.02774
PV α7 + NDNF β2,prediction,2,32,1.69651,0.9951,1.28894,4.65502,3.04623
PV α7 + NDNF β2,prediction,2,33,1.6688,0.990012,1.2849,4.63256,3.01709
PV α7 + NDNF β2,prediction,2,34,1.69791,0.995642,1.29011,4.65854,3.04464
PV α7 + NDNF β2,prediction,2,35,1.67435,0.991066,1.28577,4.63792,3.02491
PV α7 + NDNF β2,prediction,2,36,1.68744,0.993702,1.28827,4.65179,3.03821
PV α7 + NDNF β2,prediction,2,37,1.68503,0.993135,1.28746,4.64238,3.03101
PV α7 + NDNF β2,prediction,2,38,1.69979,0.994738,1.28918,4.65499,3.0397
PV α7 + NDNF β2,prediction,2,39,1.66382,0.98914,1.28381,4.62837,3.01703
PV α7 + NDNF β2,prediction,2,40,1.6913,0.993879,1.28861,4.65075,3.03404
PV α7 + NDNF β2,prediction,2,41,1.69663,0.99404,1.28842,4.65155,3.03732
PV α7 + NDNF β2,prediction,2,42,1.67604,0.992873,1.28751,4.64485,3.03238
PV α7 + NDNF β2,prediction,2,43,1.69463,0.995325,1.28977,4.65659,3.04323
PV α7 + NDNF β2,prediction,2,44,1.71096,0.996381,1.29046,4.66146,3.04764
PV α7 + NDNF β2,prediction,2,45,1.66201,0.989961,1.28482,4.63214,3.01984
PV α7 + NDNF β2,prediction,2,46,1.68915,0.994003,1.28841,4.65294,3.04053
PV α7 + NDNF β2,prediction,2,47,1.67462,0.990655,1.28554,4.6334,3.01879
PV α7 + NDNF β2,prediction,2,48,1.69224,0.995296,1.28947,4.65247,3.04182
PV α7 + NDNF β2,prediction,2,49,1.67405,0.991842,1.28655,4.64044,3.02729
SOM α7 + SOM β2,prediction,2,0,1.61084,0.0108631,2.70383,1.22865,6.72906
SOM α7 + SOM β2,prediction,2,1,1.59586,0.0108352,2.70077,1.22932,6.72295
SOM α7 + SOM β2,prediction,2,2,1.62624,0.0109156,2.71607,1.22929,6.77508
SOM α7 + SOM β2,prediction,2,3,1.64095,0.0110313,2.72753,1.21875,6.81268
SOM α7 + SOM β2,prediction,2,4,1.60038,0.0108551,2.70257,1.22732,6.72885
SOM α7 + SOM β2,prediction,2,5,1.61145,0.0109305,2.7105,1.22051,6.75618
SOM α7 + SOM β2,prediction,2,6,1.64704,0.0110992,2.73392,1.21175,6.83734
SOM α7 + SOM β2,prediction,2,7,1.62615,0.0109729,2.71855,1.22109,6.78355
SOM α7 + SOM β2,prediction,2,8,1.63778,0.0109984,2.72283,1.22171,6.7964
SOM α7 + SOM β2,prediction,2,9,1.58941,0.0107653,2.69424,1.23513,6.69829
SOM α7 + SOM β2,prediction,2,10,1.59167,0.0108005,2.69822,1.2318,6.71591
SOM α7 + SOM β2,prediction,2,11,1.65386,0.0110895,2.73399,1.21421,6.83724
SOM α7 + SOM β2,prediction,2,12,1.63842,0.0110471,2.72519,1.21372,6.80882
SOM α7 + SOM β2,prediction,2,13,1.64263,0.0110689,2.72733,1.212,6.81606
SOM α7 + SOM β2,prediction,2,14,1.63087,0.0109955,2.71991,1.21813,6.78867
SOM α7 + SOM β2,prediction,2,15,1.60277,0.0108465,2.70346,1.2298,6.72785
SOM α7 + SOM β2,prediction,2,16,1.59814,0.0108109,2.70017,1.23275,6.71881
SOM α7 + SOM β2,prediction,2,17,1.6107,0.0108837,2.70721,1.22648,6.74533
SOM α7 + SOM β2,prediction,2,18,1.62507,0.0109412,2.71379,1.22374,6.76493
SOM α7 + SOM β2,prediction,2,19,1.59997,0.0108313,2.70271,1.23131,6.72464
SOM α7 + SOM β2,prediction,2,20,1.6222,0.01093,2.71882,1.22658,6.78799
SOM α7 + SOM β2,prediction,2,21,1.64309,0.0110367,2.72748,1.21834,6.81301
SOM α7 + SOM β2,prediction,2,22,1.65422,0.0111197,2.73568,1.21063,6.84462
SOM α7 + SOM β2,prediction,2,23,1.62683,0.0109468,2.71369,1.22237,6.76514
SOM α7 + SOM β2,prediction,2,24,1.62797,0.0109642,2.71719,1.22151,6.77967
SOM α7 + SOM β2,prediction,2,25,1.60299,0.0108267,2.70084,1.23178,6.72106
SOM α7 + SOM β2,prediction,2,26,1.59109,0.0108248,2.69646,1.22684,6.70659
SOM α7 + SOM β2,prediction,2,27,1.61049,0.0109213,2.7081,1.22105,6.74661
SOM α7 + SOM β2,prediction,2,28,1.62035,0.0109369,2.7147,1.22369,6.76991
SOM α7 + SOM β2,prediction,2,29,1.63171,0.0109964,2.72177,1.21862,6.79549
SOM α7 + SOM β2,prediction,2,30,1.60522,0.0108325,2.70188,1.23098,6.7251
SOM α7 + SOM β2,prediction,2,31,1.60124,0.0108525,2.7067,1.22995,6.745
SOM α7 + SOM β2,prediction,2,32,1.62937,0.0109851,2.71836,1.21854,6.78498
SOM α7 + SOM β2,prediction,2,33,1.62699,0.0109496,2.71567,1.2229,6.77232
SOM α7 + SOM β2,prediction,2,34,1.60761,0.0108789,2.7049,1.22535,6.73296
SOM α7 + SOM β2,prediction,2,35,1.62835,0.0109712,2.71515,1.22064,6.76796
SOM α7 + SOM β2,prediction,2,36,1.6141,0.0109061,2.71056,1.22579,6.75552
SOM α7 + SOM β2,prediction,2,37,1.62448,0.0108881,2.71388,1.23272,6.76562
SOM α7 + SOM β2,prediction,2,38,1.63473,0.0109851,2.72015,1.22148,6.78654
SOM α7 + SOM β2,prediction,2,39,1.61334,0.0109115,2.7117,1.22363,6.76374
SOM α7 + SOM β2,prediction,2,40,1.59936,0.0108182,2.70334,1.23335,6.73058
SOM α7 + SOM β2,prediction,2,41,1.6164,0.0109263,2.71414,1.22361,6.77162
SOM α7 + SOM β2,prediction,2,42,1.63441,0.0109708,2.72127,1.22325,6.79477
SOM α7 + SOM β2,prediction,2,43,1.61574,0.0109148,2.70969,1.22354,6.75538
SOM α7 + SOM β2,prediction,2,44,1.58889,0.0107627,2.69195,1.23504,6.69001
SOM α7 + SOM β2,prediction,2,45,1.6326,0.0110008,2.72104,1.21795,6.79404
SOM α7 + SOM β2,prediction,2,46,1.6346,0.0109671,2.72226,1.22504,6.7943
SOM α7 + SOM β2,prediction,2,47,1.61879,0.010897,2.70868,1.22697,6.74892
SOM α7 + SOM β2,prediction,2,48,1.61188,0.0109143,2.71149,1.22438,6.75959
SOM α7 + SOM β2,prediction,2,49,1.58639,0.0107872,2.69651,1.23134,6.71144
SOM α7 + VIP α5,prediction,2,0,1.61442,0.0761898,3.23822,0.0029447,6.57045
SOM α7 + VIP α5,prediction,2,1,1.64543,0.0770068,3.25374,0.00290009,6.6259
SOM α7 + VIP α5,prediction,2,2,1.60102,0.0759452,3.23428,0.0029594,6.55672
SOM α7 + VIP α5,prediction,2,3,1.58868,0.0754712,3.22235,0.00298021,6.51659
SOM α7 + VIP α5,prediction,2,4,1.59532,0.0757314,3.2291,0.00296111,6.54385
SOM α7 + VIP α5,prediction,2,5,1.60057,0.0759045,3.23275,0.00295445,6.55452
SOM α7 + VIP α5,prediction,2,6,1.64081,0.0768311,3.25023,0.00290394,6.61849
SOM α7 + VIP α5,prediction,2,7,1.60133,0.0758327,3.23203,0.00297475,6.54039
SOM α7 + VIP α5,prediction,2,8,1.60836,0.0760519,3.23586,0.00295535,6.55932
SOM α7 + VIP α5,prediction,2,9,1.63514,0.0768034,3.24969,0.00290334,6.61742
SOM α7 + VIP α5,prediction,2,10,1.59789,0.0756441,3.22817,0.00298389,6.52533
SOM α7 + VIP α5,prediction,2,11,1.61998,0.0761906,3.23904,0.00295639,6.56245
SOM α7 + VIP α5,prediction,2,12,1.62085,0.0763938,3.24361,0.00293611,6.58764
SOM α7 + VIP α5,prediction,2,13,1.61055,0.0760768,3.23618,0.00295248,6.56199
SOM α7 + VIP α5,prediction,2,14,1.62065,0.0762629,3.23973,0.0029434,6.57202
SOM α7 + VIP α5,prediction,2,15,1.60547,0.0760631,3.23698,0.0029554,6.56364
SOM α7 + VIP α5,prediction,2,16,1.61577,0.0762158,3.2381,0.00294287,6.57036
SOM α7 + VIP α5,prediction,2,17,1.60691,0.0759392,3.2333,0.00296287,6.54793
SOM α7 + VIP α5,prediction,2,18,1.61085,0.0760854,3.23381,0.00294774,6.56083
SOM α7 + VIP α5,prediction,2,19,1.62712,0.0764953,3.24166,0.00292424,6.58665
SOM α7 + VIP α5,prediction,2,20,1.61263,0.0760713,3.23427,0.00294799,6.5574
SOM α7 + VIP α5,prediction,2,21,1.61083,0.0761158,3.23504,0.00294062,6.56571
SOM α7 + VIP α5,prediction,2,22,1.598,0.0757385,3.23077,0.00297449,6.53858
SOM α7 + VIP α5,prediction,2,23,1.60797,0.0759542,3.23423,0.00297415,6.54419
SOM α7 + VIP α5,prediction,2,24,1.61668,0.0762533,3.24042,0.00294463,6.57483
SOM α7 + VIP α5,prediction,2,25,1.64797,0.0770645,3.25418,0.00288536,6.63313
SOM α7 + VIP α5,prediction,2,26,1.58295,0.0754004,3.22156,0.00297651,6.51663
SOM α7 + VIP α5,prediction,2,27,1.6377,0.0766057,3.24487,0.00292828,6.58974
SOM α7 + VIP α5,prediction,2,28,1.61551,0.0762239,3.23804,0.00293461,6.57426
SOM α7 + VIP α5,prediction,2,29,1.64777,0.0771347,3.2561,0.00288849,6.64074
SOM α7 + VIP α5,prediction,2,30,1.60149,0.0758326,3.23077,0.0029645,6.5412
SOM α7 + VIP α5,prediction,2,31,1.61818,0.0763463,3.24195,0.00293929,6.58169
SOM α7 + VIP α5,prediction,2,32,1.61497,0.0760649,3.23544,0.00295572,6.55264
SOM α7 + VIP α5,prediction,2,33,1.62312,0.0763706,3.24181,0.00294242,6.58041
SOM α7 + VIP α5,prediction,2,34,1.61539,0.0761619,3.23725,0.00294924,6.56442
SOM α7 + VIP α5,prediction,2,35,1.59756,0.0757755,3.23228,0.00298002,6.53808
SOM α7 + VIP α5,prediction,2,36,1.60549,0.0758545,3.23067,0.00297536,6.53668
SOM α7 + VIP α5,prediction,2,37,1.60837,0.0761367,3.23927,0.00295498,6.56833
SOM α7 + VIP α5,prediction,2,38,1.63369,0.0766888,3.24538,0.00290328,6.6067
SOM α7 + VIP α5,prediction,2,39,1.60345,0.0757802,3.22833,0.00296288,6.53599
SOM α7 + VIP α5,prediction,2,40,1.62233,0.0765842,3.24582,0.00291559,6.60703
SOM α7 + VIP α5,prediction,2,41,1.59923,0.0758711,3.23499,0.0029805,6.54749
SOM α7 + VIP α5,prediction,2,42,1.62555,0.0763953,3.24252,0.00293118,6.58332
SOM α7 + VIP α5,prediction,2,43,1.62856,0.0766091,3.24929,0.00293312,6.60118
SOM α7 + VIP α5,prediction,2,44,1.61762,0.0763125,3.2402,0.0029347,6.5809
SOM α7 + VIP α5,prediction,2,45,1.61637,0.0762886,3.23906,0.00293076,6.57931
SOM α7 + VIP α5,prediction,2,46,1.60717,0.0760112,3.2339,0.00294135,6.56125
SOM α7 + VIP α5,prediction,2,47,1.61901,0.0763625,3.24137,0.00293547,6.5822
SOM α7 + VIP α5,prediction,2,48,1.64316,0.0768656,3.24994,0.00290374,6.61376
SOM α7 + VIP α5,prediction,2,49,1.61542,0.0762733,3.23939,0.00293631,6.57723
SOM α7 + NDNF α7,prediction,2,0,1.99549,0.00783172,1.97367,4.88666,5.02504
SOM α7 + NDNF α7,prediction,2,1,2.05504,0.00784087,1.98669,4.91774,5.08869
SOM α7 + NDNF α7,prediction,2,2,2.05791,0.0078506,1.98581,4.91064,5.09142
SOM α7 + NDNF α7,prediction,2,3,2.06379,0.00785509,1.98917,4.92508,5.11548
SOM α7 + NDNF α7,prediction,2,4,2.027,0.00783545,1.98212,4.90733,5.05779
SOM α7 + NDNF α7,prediction,2,5,2.04224,0.0078491,1.98511,4.91386,5.07826
SOM α7 + NDNF α7,prediction,2,6,2.00823,0.00783377,1.97702,4.89523,5.0325
SOM α7 + NDNF α7,prediction,2,7,2.0666,0.00784888,1.98967,4.92652,5.10553
SOM α7 + NDNF α7,prediction,2,8,2.06305,0.0078477,1.988,4.92158,5.0965
SOM α7 + NDNF α7,prediction,2,9,1.98396,0.00783164,1.97223,4.88329,5.00998
SOM α7 + NDNF α7,prediction,2,10,2.03013,0.00783939,1.98058,4.90359,5.05611
SOM α7 + NDNF α7,prediction,2,11,2.0234,0.00784286,1.98098,4.90611,5.06065
SOM α7 + NDNF α7,prediction,2,12,2.05103,0.00784426,1.98739,4.9205,5.09326
SOM α7 + NDNF α7,prediction,2,13,2.06021,0.00784983,1.98901,4.92527,5.10367
SOM α7 + NDNF α7,prediction,2,14,2.02713,0.00783482,1.98054,4.90602,5.06616
SOM α7 + NDNF α7,prediction,2,15,1.98316,0.0078301,1.97119,4.87926,5.00577
SOM α7 + NDNF α7,prediction,2,16,2.02022,0.00783374,1.97908,4.90015,5.04909
SOM α7 + NDNF α7,prediction,2,17,1.99837,0.00782951,1.9751,4.89099,5.02233
SOM α7 + NDNF α7,prediction,2,18,2.01094,0.00783507,1.97686,4.89163,5.03445
SOM α7 + NDNF α7,prediction,2,19,2.04154,0.00783944,1.98475,4.91567,5.07852
SOM α7 + NDNF α7,prediction,2,20,2.05383,0.00783499,1.9865,4.92152,5.09709
SOM α7 + NDNF α7,prediction,2,21,1.98254,0.00782725,1.97061,4.87985,4.99989
SOM α7 + NDNF α7,prediction,2,22,2.02348,0.00783819,1.98017,4.90205,5.05885
SOM α7 + NDNF α7,prediction,2,23,2.02552,0.00782987,1.98138,4.90915,5.0608
SOM α7 + NDNF α7,prediction,2,24,2.03008,0.00783896,1.98042,4.90353,5.06089
SOM α7 + NDNF α7,prediction,2,25,1.98335,0.00783336,1.9725,4.88601,5.01231
SOM α7 + NDNF α7,prediction,2,26,2.02149,0.00784573,1.97996,4.89856,5.05318
SOM α7 + NDNF α7,prediction,2,27,2.02417,0.0078423,1.98042,4.90218,5.06108
SOM α7 + NDNF α7,prediction,2,28,2.01538,0.00784607,1.97846,4.89605,5.05442
SOM α7 + NDNF α7,prediction,2,29,1.99397,0.00782629,1.97276,4.88498,5.0141
SOM α7 + NDNF α7,prediction,2,30,2.02817,0.00784463,1.97979,4.89769,5.05546
SOM α7 + NDNF α7,prediction,2,31,2.02612,0.00783602,1.98166,4.90996,5.06847
SOM α7 + NDNF α7,prediction,2,32,2.02407,0.00783125,1.98062,4.90763,5.05309
SOM α7 + NDNF α7,prediction,2,33,2.063,0.00785592,1.98988,4.92416,5.11185
SOM α7 + NDNF α7,prediction,2,34,2.03766,0.00784596,1.9845,4.9127,5.07708
SOM α7 + NDNF α7,prediction,2,35,2.03333,0.0078561,1.98344,4.90736,5.07822
SOM α7 + NDNF α7,prediction,2,36,2.05188,0.00785187,1.98955,4.92601,5.10416
SOM α7 + NDNF α7,prediction,2,37,2.06208,0.00784648,1.98821,4.92307,5.10373
SOM α7 + NDNF α7,prediction,2,38,2.06055,0.00785208,1.98863,4.92167,5.10855
SOM α7 + NDNF α7,prediction,2,39,2.01965,0.00784599,1.97965,4.89556,5.04972
SOM α7 + NDNF α7,prediction,2,40,2.02346,0.00783127,1.97941,4.90253,5.04647
SOM α7 + NDNF α7,prediction,2,41,2.04573,0.00785204,1.98469,4.9109,5.08143
SOM α7 + NDNF α7,prediction,2,42,2.0376,0.00783512,1.98435,4.91482,5.07689
SOM α7 + NDNF α7,prediction,2,43,1.96708,0.00781877,1.96748,4.87489,4.98633
SOM α7 + NDNF α7,prediction,2,44,2.01893,0.00784459,1.97997,4.90049,5.04729
SOM α7 + NDNF α7,prediction,2,45,2.03068,0.00784397,1.98195,4.90543,5.06304
SOM α7 + NDNF α7,prediction,2,46,2.02726,0.00783941,1.9807,4.90174,5.04615
SOM α7 + NDNF α7,prediction,2,47,2.03246,0.00783976,1.98217,4.90815,5.06326
SOM α7 + NDNF α7,prediction,2,48,2.06138,0.00783904,1.98954,4.92886,5.11015
SOM α7 + NDNF α7,prediction,2,49,2.02457,0.00784378,1.98024,4.90179,5.05244
SOM α7 + NDNF β2,prediction,2,0,1.78681,0.0248895,2.36625,2.43456,4.96656
SOM α7 + NDNF β2,prediction,2,1,1.80264,0.0251148,2.37391,2.42511,4.98503
SOM α7 + NDNF β2,prediction,2,2,1.76307,0.0247159,2.35528,2.43273,4.93235
SOM α7 + NDNF β2,prediction,2,3,1.77213,0.0248422,2.35927,2.42788,4.94336
SOM α7 + NDNF β2,prediction,2,4,1.79369,0.0250148,2.37104,2.42888,4.9799
SOM α7 + NDNF β2,prediction,2,5,1.80822,0.0252431,2.37974,2.41891,5.00692
SOM α7 + NDNF β2,prediction,2,6,1.79347,0.0250216,2.36998,2.42617,4.97818
SOM α7 + NDNF β2,prediction,2,7,1.80444,0.0252373,2.38036,2.41985,5.00971
SOM α7 + NDNF β2,prediction,2,8,1.81182,0.0252523,2.37947,2.42102,5.00335
SOM α7 + NDNF β2,prediction,2,9,1.78178,0.0250231,2.36679,2.42025,4.96835
SOM α7 + NDNF β2,prediction,2,10,1.82592,0.0253305,2.38656,2.42332,5.02988
SOM α7 + NDNF β2,prediction,2,11,1.80878,0.0252064,2.3786,2.42282,5.00151
SOM α7 + NDNF β2,prediction,2,12,1.80843,0.0252258,2.37814,2.41996,4.99966
SOM α7 + NDNF β2,prediction,2,13,1.77221,0.0248686,2.36041,2.4246,4.95096
SOM α7 + NDNF β2,prediction,2,14,1.80359,0.0251551,2.37564,2.42384,4.99407
SOM α7 + NDNF β2,prediction,2,15,1.78791,0.0249968,2.36828,2.42527,4.97055
SOM α7 + NDNF β2,prediction,2,16,1.77954,0.0249435,2.36479,2.42452,4.96419
SOM α7 + NDNF β2,prediction,2,17,1.79425,0.0250452,2.37121,2.42762,4.97839
SOM α7 + NDNF β2,prediction,2,18,1.78417,0.0249558,2.36649,2.42642,4.96851
SOM α7 + NDNF β2,prediction,2,19,1.82134,0.0252519,2.3829,2.42695,5.01453
SOM α7 + NDNF β2,prediction,2,20,1.79963,0.0251188,2.37515,2.42405,4.99402
SOM α7 + NDNF β2,prediction,2,21,1.7558,0.0246414,2.35196,2.43334,4.92608
SOM α7 + NDNF β2,prediction,2,22,1.83025,0.0254259,2.38996,2.42004,5.03725
SOM α7 + NDNF β2,prediction,2,23,1.79527,0.0250524,2.36997,2.42507,4.97606
SOM α7 + NDNF β2,prediction,2,24,1.76952,0.0248171,2.35829,2.42707,4.9406
SOM α7 + NDNF β2,prediction,2,25,1.79936,0.0250792,2.37037,2.42269,4.97705
SOM α7 + NDNF β2,prediction,2,26,1.8092,0.0251922,2.3795,2.42546,5.00541
SOM α7 + NDNF β2,prediction,2,27,1.77159,0.0248414,2.36286,2.43015,4.95956
SOM α7 + NDNF β2,prediction,2,28,1.81183,0.0252557,2.37993,2.41988,5.00286
SOM α7 + NDNF β2,prediction,2,29,1.80053,0.0251383,2.37412,2.42216,4.9877
SOM α7 + NDNF β2,prediction,2,30,1.81931,0.0252857,2.38223,2.42281,5.0116
SOM α7 + NDNF β2,prediction,2,31,1.80082,0.0251287,2.37553,2.42302,4.99523
SOM α7 + NDNF β2,prediction,2,32,1.82113,0.0252911,2.38502,2.42495,5.02228
SOM α7 + NDNF β2,prediction,2,33,1.78244,0.0250067,2.3673,2.42087,4.96957
SOM α7 + NDNF β2,prediction,2,34,1.77381,0.0248556,2.3622,2.42796,4.95448
SOM α7 + NDNF β2,prediction,2,35,1.81754,0.0252689,2.38309,2.42405,5.01401
SOM α7 + NDNF β2,prediction,2,36,1.79444,0.0249217,2.36918,2.43591,4.97611
SOM α7 + NDNF β2,prediction,2,37,1.78426,0.0249548,2.36584,2.42619,4.96318
SOM α7 + NDNF β2,prediction,2,38,1.77962,0.024923,2.36648,2.42908,4.96761
SOM α7 + NDNF β2,prediction,2,39,1.781,0.0248767,2.36255,2.43092,4.95209
SOM α7 + NDNF β2,prediction,2,40,1.77651,0.0248474,2.36259,2.42988,4.9577
SOM α7 + NDNF β2,prediction,2,41,1.78509,0.0249433,2.36546,2.4251,4.96514
SOM α7 + NDNF β2,prediction,2,42,1.80146,0.0251497,2.37572,2.42355,4.99537
SOM α7 + NDNF β2,prediction,2,43,1.77618,0.0248587,2.36234,2.42896,4.95755
SOM α7 + NDNF β2,prediction,2,44,1.78873,0.0249751,2.36768,2.4278,4.96994
SOM α7 + NDNF β2,prediction,2,45,1.80099,0.0251081,2.37465,2.42749,4.98891
SOM α7 + NDNF β2,prediction,2,46,1.79887,0.0250641,2.37098,2.42424,4.97737
SOM α7 + NDNF β2,prediction,2,47,1.7888,0.0250127,2.36851,2.42388,4.97397
SOM α7 + NDNF β2,prediction,2,48,1.79426,0.0250249,2.37263,2.42974,4.98963
SOM α7 + NDNF β2,prediction,2,49,1.78211,0.0249225,2.36559,2.42857,4.96673
SOM β2 + VIP α5,prediction,2,0,1.29366,1.85792,2.75442,0.020829,1.75068
SOM β2 + VIP α5,prediction,2,1,1.30133,1.86146,2.75682,0.0208962,1.75034
SOM β2 + VIP α5,prediction,2,2,1.26262,1.82895,2.73567,0.0203749,1.76285
SOM β2 + VIP α5,prediction,2,3,1.26729,1.83083,2.73548,0.020463,1.75773
SOM β2 + VIP α5,prediction,2,4,1.28281,1.84968,2.74873,0.0206887,1.75398
SOM β2 + VIP α5,prediction,2,5,1.31034,1.87656,2.7678,0.0210963,1.74664
SOM β2 + VIP α5,prediction,2,6,1.29064,1.85598,2.75162,0.0208225,1.74847
SOM β2 + VIP α5,prediction,2,7,1.26285,1.83136,2.7381,0.0203795,1.7647
SOM β2 + VIP α5,prediction,2,8,1.28154,1.84805,2.7465,0.0207146,1.75145
SOM β2 + VIP α5,prediction,2,9,1.30112,1.86314,2.75668,0.0209731,1.74525
SOM β2 + VIP α5,prediction,2,10,1.28376,1.84896,2.74916,0.0206806,1.75594
SOM β2 + VIP α5,prediction,2,11,1.27723,1.84683,2.74673,0.0206403,1.75506
SOM β2 + VIP α5,prediction,2,12,1.27914,1.84614,2.74612,0.0206947,1.75234
SOM β2 + VIP α5,prediction,2,13,1.31287,1.87639,2.76597,0.0211561,1.74172
SOM β2 + VIP α5,prediction,2,14,1.28508,1.84984,2.74943,0.0207304,1.75377
SOM β2 + VIP α5,prediction,2,15,1.289,1.85371,2.75105,0.0207916,1.75061
SOM β2 + VIP α5,prediction,2,16,1.28613,1.85154,2.75124,0.0207457,1.75458
SOM β2 + VIP α5,prediction,2,17,1.28957,1.85871,2.75541,0.0207807,1.75421
SOM β2 + VIP α5,prediction,2,18,1.28053,1.84551,2.74651,0.0206799,1.75496
SOM β2 + VIP α5,prediction,2,19,1.27425,1.83824,2.7413,0.0205921,1.75525
SOM β2 + VIP α5,prediction,2,20,1.28266,1.8458,2.74719,0.0206419,1.75673
SOM β2 + VIP α5,prediction,2,21,1.2917,1.85341,2.75209,0.02079,1.75282
SOM β2 + VIP α5,prediction,2,22,1.2883,1.85449,2.75141,0.0207753,1.75094
SOM β2 + VIP α5,prediction,2,23,1.25999,1.82806,2.73447,0.0203191,1.764
SOM β2 + VIP α5,prediction,2,24,1.27708,1.84447,2.74481,0.0206677,1.75329
SOM β2 + VIP α5,prediction,2,25,1.2853,1.84541,2.7455,0.0207553,1.7498
SOM β2 + VIP α5,prediction,2,26,1.26871,1.83782,2.74181,0.0205306,1.75894
SOM β2 + VIP α5,prediction,2,27,1.30462,1.86719,2.76095,0.0210353,1.74593
SOM β2 + VIP α5,prediction,2,28,1.27582,1.84042,2.74223,0.0205862,1.75556
SOM β2 + VIP α5,prediction,2,29,1.30086,1.86646,2.76103,0.0209245,1.75134
SOM β2 + VIP α5,prediction,2,30,1.27336,1.83717,2.74036,0.0205325,1.75811
SOM β2 + VIP α5,prediction,2,31,1.26155,1.83007,2.73492,0.0204224,1.75858
SOM β2 + VIP α5,prediction,2,32,1.28802,1.85636,2.75277,0.0208304,1.74929
SOM β2 + VIP α5,prediction,2,33,1.29221,1.8544,2.75045,0.0208703,1.74605
SOM β2 + VIP α5,prediction,2,34,1.29833,1.86133,2.75559,0.0208772,1.74839
SOM β2 + VIP α5,prediction,2,35,1.30068,1.86488,2.75754,0.021032,1.74299
SOM β2 + VIP α5,prediction,2,36,1.27388,1.83953,2.74153,0.0206116,1.7536
SOM β2 + VIP α5,prediction,2,37,1.28281,1.84638,2.74612,0.0207311,1.75099
SOM β2 + VIP α5,prediction,2,38,1.26687,1.83398,2.74001,0.0204761,1.7621
SOM β2 + VIP α5,prediction,2,39,1.29491,1.86082,2.75565,0.0208812,1.74864
SOM β2 + VIP α5,prediction,2,40,1.31143,1.87128,2.76275,0.0210774,1.74392
SOM β2 + VIP α5,prediction,2,41,1.30461,1.86933,2.76151,0.0209963,1.74686
SOM β2 + VIP α5,prediction,2,42,1.28959,1.85356,2.75161,0.0207729,1.75218
SOM β2 + VIP α5,prediction,2,43,1.29466,1.8601,2.75714,0.020828,1.75407
SOM β2 + VIP α5,prediction,2,44,1.30658,1.86888,2.76069,0.0210727,1.74248
SOM β2 + VIP α5,prediction,2,45,1.25578,1.82018,2.72869,0.0203198,1.76098
SOM β2 + VIP α5,prediction,2,46,1.25745,1.82767,2.73437,0.0203065,1.76472
SOM β2 + VIP α5,prediction,2,47,1.27488,1.84553,2.74723,0.0205346,1.76138
SOM β2 + VIP α5,prediction,2,48,1.2945,1.85765,2.75271,0.0209352,1.74453
SOM β2 + VIP α5,prediction,2,49,1.30494,1.87027,2.76355,0.020954,1.75153
SOM β2 + NDNF α7,prediction,2,0,1.77002,0.495542,2.03925,3.43671,3.99641
SOM β2 + NDNF α7,prediction,2,1,1.74255,0.491185,2.02999,3.42885,3.9661
SOM β2 + NDNF α7,prediction,2,2,1.72482,0.488994,2.02484,3.42177,3.95118
SOM β2 + NDNF α7,prediction,2,3,1.74956,0.493262,2.0343,3.43071,3.97994
SOM β2 + NDNF α7,prediction,2,4,1.75018,0.493322,2.03419,3.42713,3.9775
SOM β2 + NDNF α7,prediction,2,5,1.74605,0.492071,2.03149,3.42774,3.97172
SOM β2 + NDNF α7,prediction,2,6,1.75643,0.493846,2.03603,3.43439,3.98039
SOM β2 + NDNF α7,prediction,2,7,1.77057,0.49534,2.03868,3.4354,3.99663
SOM β2 + NDNF α7,prediction,2,8,1.7147,0.48812,2.02289,3.4181,3.94502
SOM β2 + NDNF α7,prediction,2,9,1.74575,0.492244,2.033,3.433,3.97503
SOM β2 + NDNF α7,prediction,2,10,1.75237,0.492904,2.03252,3.42896,3.97514
SOM β2 + NDNF α7,prediction,2,11,1.71375,0.488193,2.0236,3.42018,3.94594
SOM β2 + NDNF α7,prediction,2,12,1.75963,0.493936,2.03632,3.4351,3.98445
SOM β2 + NDNF α7,prediction,2,13,1.73966,0.492016,2.03227,3.42937,3.97468
SOM β2 + NDNF α7,prediction,2,14,1.75782,0.493625,2.03446,3.431,3.97936
SOM β2 + NDNF α7,prediction,2,15,1.74324,0.492632,2.03317,3.42969,3.97763
SOM β2 + NDNF α7,prediction,2,16,1.75346,0.493697,2.03455,3.42857,3.9816
SOM β2 + NDNF α7,prediction,2,17,1.73738,0.491199,2.02987,3.42568,3.96594
SOM β2 + NDNF α7,prediction,2,18,1.77687,0.496674,2.04197,3.44076,4.00123
SOM β2 + NDNF α7,prediction,2,19,1.76956,0.49655,2.04245,3.44,4.00458
SOM β2 + NDNF α7,prediction,2,20,1.73809,0.491693,2.03264,3.43008,3.97401
SOM β2 + NDNF α7,prediction,2,21,1.73783,0.491814,2.03177,3.42899,3.97101
SOM β2 + NDNF α7,prediction,2,22,1.74638,0.493137,2.03453,3.43136,3.9819
SOM β2 + NDNF α7,prediction,2,23,1.7432,0.492088,2.03193,3.42985,3.97292
SOM β2 + NDNF α7,prediction,2,24,1.72351,0.489718,2.02582,3.41969,3.95531
SOM β2 + NDNF α7,prediction,2,25,1.75365,0.494016,2.03671,3.43294,3.98803
SOM β2 + NDNF α7,prediction,2,26,1.77778,0.497132,2.04235,3.43826,4.00363
SOM β2 + NDNF α7,prediction,2,27,1.70803,0.487513,2.0219,3.41813,3.94032
SOM β2 + NDNF α7,prediction,2,28,1.75266,0.493048,2.03393,3.42994,3.97806
SOM β2 + NDNF α7,prediction,2,29,1.73733,0.491497,2.03055,3.42675,3.96762
SOM β2 + NDNF α7,prediction,2,30,1.75702,0.493412,2.03455,3.43274,3.98106
SOM β2 + NDNF α7,prediction,2,31,1.7748,0.496427,2.04131,3.43769,4.00099
SOM β2 + NDNF α7,prediction,2,32,1.77046,0.496013,2.04043,3.43717,3.99613
SOM β2 + NDNF α7,prediction,2,33,1.75555,0.493241,2.03402,3.4309,3.9815
SOM β2 + NDNF α7,prediction,2,34,1.74967,0.492343,2.03171,3.43142,3.97064
SOM β2 + NDNF α7,prediction,2,35,1.75287,0.49314,2.03373,3.42958,3.98078
SOM β2 + NDNF α7,prediction,2,36,1.73774,0.49113,2.02944,3.42631,3.96536
SOM β2 + NDNF α7,prediction,2,37,1.73721,0.492177,2.03217,3.42527,3.97413
SOM β2 + NDNF α7,prediction,2,38,1.73629,0.491827,2.03097,3.42449,3.97084
SOM β2 + NDNF α7,prediction,2,39,1.7668,0.495211,2.03984,3.44013,4.00005
SOM β2 + NDNF α7,prediction,2,40,1.79101,0.498647,2.04652,3.44339,4.01938
SOM β2 + NDNF α7,prediction,2,41,1.73465,0.491592,2.0299,3.42251,3.96787
SOM β2 + NDNF α7,prediction,2,42,1.77637,0.495785,2.04034,3.44187,3.99761
SOM β2 + NDNF α7,prediction,2,43,1.76582,0.495314,2.03872,3.43549,3.99276
SOM β2 + NDNF α7,prediction,2,44,1.74212,0.492014,2.03152,3.42812,3.97299
SOM β2 + NDNF α7,prediction,2,45,1.76148,0.494833,2.03661,3.42983,3.98661
SOM β2 + NDNF α7,prediction,2,46,1.77772,0.49627,2.04007,3.43738,3.99965
SOM β2 + NDNF α7,prediction,2,47,1.74876,0.492697,2.03313,3.43026,3.97539
SOM β2 + NDNF α7,prediction,2,48,1.74977,0.492552,2.0333,3.4314,3.97566
SOM β2 + NDNF α7,prediction,2,49,1.76225,0.494129,2.03618,3.43372,3.98649
SOM β2 + NDNF β2,target,2,0,1.56904,0.634065,1.8514,2.79842,3.18927
SOM β2 + NDNF β2,target,2,1,1.54054,0.629335,1.84479,2.78932,3.17224
SOM β2 + NDNF β2,target,2,2,1.55719,0.63323,1.84992,2.79374,3.18718
SOM β2 + NDNF β2,target,2,3,1.61154,0.642492,1.86362,2.81425,3.22155
SOM β2 + NDNF β2,target,2,4,1.56457,0.633996,1.85146,2.79725,3.19008
SOM β2 + NDNF β2,target,2,5,1.57195,0.636206,1.85461,2.80095,3.19881
SOM β2 + NDNF β2,target,2,6,1.55974,0.634347,1.8524,2.79853,3.19174
SOM β2 + NDNF β2,target,2,7,1.59039,0.638918,1.85824,2.80582,3.20789
SOM β2 + NDNF β2,target,2,8,1.57237,0.636416,1.85407,2.79869,3.19641
SOM β2 + NDNF β2,target,2,9,1.57728,0.63617,1.85559,2.80395,3.20036
SOM β2 + NDNF β2,target,2,10,1.57634,0.635248,1.85277,2.80152,3.19337
SOM β2 + NDNF β2,target,2,11,1.564,0.633476,1.85042,2.79755,3.1867
SOM β2 + NDNF β2,target,2,12,1.57045,0.634571,1.85298,2.80174,3.19307
SOM β2 + NDNF β2,target,2,13,1.5652,0.635116,1.85308,2.79807,3.1935
SOM β2 + NDNF β2,target,2,14,1.55666,0.630699,1.84592,2.79257,3.17542
SOM β2 + NDNF β2,target,2,15,1.55261,0.632493,1.84905,2.79356,3.18447
SOM β2 + NDNF β2,target,2,16,1.58269,0.638198,1.85674,2.80228,3.20235
SOM β2 + NDNF β2,target,2,17,1.57546,0.635386,1.85336,2.80069,3.1938
SOM β2 + NDNF β2,target,2,18,1.5645,0.634531,1.8524,2.79908,3.19258
SOM β2 + NDNF β2,target,2,19,1.57099,0.634616,1.85175,2.79872,3.19013
SOM β2 + NDNF β2,target,2,20,1.56632,0.63354,1.84982,2.7961,3.18557
SOM β2 + NDNF β2,target,2,21,1.5584,0.632707,1.84904,2.79417,3.18317
SOM β2 + NDNF β2,target,2,22,1.5667,0.634226,1.85145,2.79883,3.18845
SOM β2 + NDNF β2,target,2,23,1.58688,0.638203,1.8564,2.80427,3.203
SOM β2 + NDNF β2,target,2,24,1.55827,0.632138,1.84961,2.79851,3.1844
SOM β2 + NDNF β2,target,2,25,1.57537,0.634761,1.85214,2.79933,3.19268
SOM β2 + NDNF β2,target,2,26,1.57914,0.635623,1.85369,2.80173,3.19606
SOM β2 + NDNF β2,target,2,27,1.55303,0.632363,1.84907,2.79388,3.18282
SOM β2 + NDNF β2,target,2,28,1.56909,0.635011,1.85261,2.79841,3.19304
SOM β2 + NDNF β2,target,2,29,1.55847,0.632055,1.84917,2.79639,3.18423
SOM β2 + NDNF β2,target,2,30,1.54076,0.628738,1.84389,2.7891,3.1701
SOM β2 + NDNF β2,target,2,31,1.56097,0.63322,1.84994,2.79434,3.1865
SOM β2 + NDNF β2,target,2,32,1.58766,0.639024,1.85791,2.80363,3.20716
SOM β2 + NDNF β2,target,2,33,1.59584,0.639822,1.85942,2.80821,3.21117
SOM β2 + NDNF β2,target,2,34,1.55321,0.631733,1.84764,2.79346,3.17899
SOM β2 + NDNF β2,target,2,35,1.5763,0.636411,1.8546,2.80097,3.19843
SOM β2 + NDNF β2,target,2,36,1.57745,0.635677,1.85378,2.80335,3.19622
SOM β2 + NDNF β2,target,2,37,1.5965,0.640212,1.86047,2.80971,3.21293
SOM β2 + NDNF β2,target,2,38,1.57973,0.63684,1.85624,2.80418,3.202
SOM β2 + NDNF β2,target,2,39,1.55161,0.632488,1.84998,2.7946,3.18634
SOM β2 + NDNF β2,target,2,40,1.55545,0.632281,1.84862,2.79375,3.18331
SOM β2 + NDNF β2,target,2,41,1.59668,0.639804,1.86088,2.81216,3.21362
SOM β2 + NDNF β2,target,2,42,1.54192,0.629294,1.84467,2.78952,3.17192
SOM β2 + NDNF β2,target,2,43,1.56623,0.634606,1.85239,2.7984,3.1915
SOM β2 + NDNF β2,target,2,44,1.54166,0.630208,1.84727,2.79321,3.17773
SOM β2 + NDNF β2,target,2,45,1.56173,0.634012,1.85126,2.7959,3.19069
SOM β2 + NDNF β2,target,2,46,1.55788,0.633204,1.85137,2.79897,3.18871
SOM β2 + NDNF β2,target,2,47,1.57642,0.636076,1.85379,2.8008,3.19694
SOM β2 + NDNF β2,target,2,48,1.56674,0.633404,1.84981,2.7969,3.18327
SOM β2 + NDNF β2,target,2,49,1.58418,0.639189,1.85938,2.80593,3.21031
VIP α5 + NDNF α7,prediction,2,0,0.971866,4.79585,3.3462,0.057243,0.290022
VIP α5 + NDNF α7,prediction,2,1,0.984452,4.84836,3.36257,0.0580422,0.283483
VIP α5 + NDNF α7,prediction,2,2,0.969661,4.79365,3.3445,0.0572318,0.289447
VIP α5 + NDNF α7,prediction,2,3,0.971141,4.80718,3.34647,0.0574573,0.285877
VIP α5 + NDNF α7,prediction,2,4,0.977045,4.8299,3.35811,0.0576941,0.286737
VIP α5 + NDNF α7,prediction,2,5,0.965506,4.78499,3.34075,0.0571085,0.289793
VIP α5 + NDNF α7,prediction,2,6,0.971926,4.80952,3.34973,0.0574442,0.287204
VIP α5 + NDNF α7,prediction,2,7,0.980815,4.83494,3.35908,0.0578306,0.285321
VIP α5 + NDNF α7,prediction,2,8,0.978234,4.82653,3.35453,0.0577288,0.284882
VIP α5 + NDNF α7,prediction,2,9,0.969664,4.79866,3.348,0.0572551,0.289837
VIP α5 + NDNF α7,prediction,2,10,0.956272,4.75663,3.33235,0.0566219,0.294381
VIP α5 + NDNF α7,prediction,2,11,0.959139,4.76813,3.33391,0.0568707,0.290384
VIP α5 + NDNF α7,prediction,2,12,0.971308,4.80879,3.35055,0.0574101,0.288136
VIP α5 + NDNF α7,prediction,2,13,0.96036,4.76984,3.33642,0.0568501,0.291467
VIP α5 + NDNF α7,prediction,2,14,0.954547,4.74007,3.32628,0.0564391,0.295492
VIP α5 + NDNF α7,prediction,2,15,0.987789,4.84519,3.36426,0.0579883,0.285267
VIP α5 + NDNF α7,prediction,2,16,0.968456,4.78885,3.34381,0.0571409,0.290346
VIP α5 + NDNF α7,prediction,2,17,0.978939,4.82667,3.35537,0.0577224,0.28546
VIP α5 + NDNF α7,prediction,2,18,0.949639,4.74598,3.32896,0.0564316,0.295197
VIP α5 + NDNF α7,prediction,2,19,0.978257,4.83071,3.35673,0.0577472,0.285232
VIP α5 + NDNF α7,prediction,2,20,0.972421,4.81103,3.34981,0.0575043,0.286739
VIP α5 + NDNF α7,prediction,2,21,0.949531,4.7336,3.32501,0.0563041,0.296515
VIP α5 + NDNF α7,prediction,2,22,0.96632,4.78237,3.3397,0.0570912,0.289718
VIP α5 + NDNF α7,prediction,2,23,0.957727,4.7694,3.3357,0.0568296,0.291435
VIP α5 + NDNF α7,prediction,2,24,0.959011,4.78114,3.33913,0.0569739,0.290242
VIP α5 + NDNF α7,prediction,2,25,0.956846,4.7562,3.33085,0.0566994,0.292245
VIP α5 + NDNF α7,prediction,2,26,0.959283,4.75102,3.32953,0.0566485,0.293444
VIP α5 + NDNF α7,prediction,2,27,0.958918,4.76153,3.33483,0.0567305,0.293376
VIP α5 + NDNF α7,prediction,2,28,0.97084,4.79971,3.34511,0.0573303,0.287993
VIP α5 + NDNF α7,prediction,2,29,0.974329,4.80758,3.35163,0.0573874,0.289606
VIP α5 + NDNF α7,prediction,2,30,0.959039,4.76356,3.33513,0.0567454,0.293427
VIP α5 + NDNF α7,prediction,2,31,0.962175,4.76967,3.33541,0.056891,0.291314
VIP α5 + NDNF α7,prediction,2,32,0.953563,4.7523,3.33013,0.0565999,0.293447
VIP α5 + NDNF α7,prediction,2,33,0.973512,4.79796,3.34588,0.0573249,0.288363
VIP α5 + NDNF α7,prediction,2,34,0.969637,4.79376,3.34653,0.0571873,0.290989
VIP α5 + NDNF α7,prediction,2,35,0.963959,4.77025,3.33792,0.0568827,0.292349
VIP α5 + NDNF α7,prediction,2,36,0.967342,4.77862,3.33863,0.0570474,0.290165
VIP α5 + NDNF α7,prediction,2,37,0.970522,4.79566,3.3436,0.0572889,0.288255
VIP α5 + NDNF α7,prediction,2,38,0.966579,4.79509,3.34436,0.0572312,0.288479
VIP α5 + NDNF α7,prediction,2,39,0.976196,4.80857,3.34812,0.0575068,0.286931
VIP α5 + NDNF α7,prediction,2,40,0.979433,4.83324,3.3576,0.0577817,0.28528
VIP α5 + NDNF α7,prediction,2,41,0.96546,4.77475,3.33944,0.0569234,0.292306
VIP α5 + NDNF α7,prediction,2,42,0.961948,4.77466,3.33945,0.0568569,0.292955
VIP α5 + NDNF α7,prediction,2,43,0.966114,4.78966,3.34127,0.0571913,0.288497
VIP α5 + NDNF α7,prediction,2,44,0.962107,4.7699,3.33835,0.0568305,0.293027
VIP α5 + NDNF α7,prediction,2,45,0.960928,4.77146,3.33751,0.056866,0.291836
VIP α5 + NDNF α7,prediction,2,46,0.958011,4.7688,3.33552,0.056823,0.292028
VIP α5 + NDNF α7,prediction,2,47,0.972862,4.81214,3.35095,0.0574756,0.287944
VIP α5 + NDNF α7,prediction,2,48,0.958539,4.76538,3.33374,0.056785,0.291839
VIP α5 + NDNF α7,prediction,2,49,0.968144,4.79071,3.34171,0.0572111,0.288602
VIP α5 + NDNF β2,prediction,2,0,0.666507,4.72404,2.63411,0.0605862,0.0743122
VIP α5 + NDNF β2,prediction,2,1,0.664111,4.72629,2.63319,0.0605959,0.0741146
VIP α5 + NDNF β2,prediction,2,2,0.664987,4.72521,2.63256,0.0606169,0.0736147
VIP α5 + NDNF β2,prediction,2,3,0.665912,4.73619,2.63384,0.0607731,0.0728923
VIP α5 + NDNF β2,prediction,2,4,0.666907,4.76136,2.63819,0.0611114,0.0712589
VIP α5 + NDNF β2,prediction,2,5,0.675469,4.77257,2.64341,0.0613299,0.0715016
VIP α5 + NDNF β2,prediction,2,6,0.673967,4.77569,2.64392,0.0613579,0.0712016
VIP α5 + NDNF β2,prediction,2,7,0.660416,4.70664,2.62712,0.0603287,0.0743214
VIP α5 + NDNF β2,prediction,2,8,0.659028,4.68605,2.62252,0.0600684,0.0754143
VIP α5 + NDNF β2,prediction,2,9,0.659252,4.68437,2.62246,0.0600459,0.0756827
VIP α5 + NDNF β2,prediction,2,10,0.667088,4.73414,2.63324,0.060767,0.0730771
VIP α5 + NDNF β2,prediction,2,11,0.664483,4.72827,2.63244,0.0606532,0.0732683
VIP α5 + NDNF β2,prediction,2,12,0.661584,4.69445,2.626,0.0601826,0.0756089
VIP α5 + NDNF β2,prediction,2,13,0.665016,4.71643,2.62991,0.0605196,0.0739613
VIP α5 + NDNF β2,prediction,2,14,0.673706,4.75708,2.63894,0.0611394,0.0719256
VIP α5 + NDNF β2,prediction,2,15,0.665519,4.74617,2.63559,0.0608811,0.0722811
VIP α5 + NDNF β2,prediction,2,16,0.668646,4.7689,2.64056,0.0612049,0.0711167
VIP α5 + NDNF β2,prediction,2,17,0.656458,4.68273,2.6195,0.0600193,0.0750108
VIP α5 + NDNF β2,prediction,2,18,0.658385,4.68083,2.62278,0.0599676,0.0760693
VIP α5 + NDNF β2,prediction,2,19,0.657646,4.68321,2.62234,0.0600222,0.0756671
VIP α5 + NDNF β2,prediction,2,20,0.667918,4.72616,2.63292,0.0606541,0.0738043
VIP α5 + NDNF β2,prediction,2,21,0.659968,4.70294,2.62613,0.0602852,0.074666
VIP α5 + NDNF β2,prediction,2,22,0.667047,4.73072,2.63295,0.060743,0.0729793
VIP α5 + NDNF β2,prediction,2,23,0.673303,4.78462,2.64626,0.0614375,0.0709252
VIP α5 + NDNF β2,prediction,2,24,0.655927,4.69407,2.6221,0.0601458,0.0744061
VIP α5 + NDNF β2,prediction,2,25,0.661505,4.70168,2.62563,0.0603006,0.0745114
VIP α5 + NDNF β2,prediction,2,26,0.666368,4.7397,2.63441,0.0608213,0.0725989
VIP α5 + NDNF β2,prediction,2,27,0.667944,4.73348,2.63413,0.0607555,0.0731741
VIP α5 + NDNF β2,prediction,2,28,0.67135,4.7652,2.64043,0.0612051,0.0714152
VIP α5 + NDNF β2,prediction,2,29,0.670378,4.74419,2.63731,0.0609001,0.0728707
VIP α5 + NDNF β2,prediction,2,30,0.667985,4.74401,2.63723,0.0608751,0.0729516
VIP α5 + NDNF β2,prediction,2,31,0.665331,4.75165,2.63805,0.0609387,0.0723228
VIP α5 + NDNF β2,prediction,2,32,0.67181,4.76999,2.64248,0.0612552,0.0714774
VIP α5 + NDNF β2,prediction,2,33,0.663585,4.71773,2.6297,0.0605206,0.0738319
VIP α5 + NDNF β2,prediction,2,34,0.671571,4.75638,2.64101,0.0610708,0.0725129
VIP α5 + NDNF β2,prediction,2,35,0.666682,4.73959,2.63451,0.0608275,0.0726841
VIP α5 + NDNF β2,prediction,2,36,0.668199,4.739,2.63465,0.060847,0.0726901
VIP α5 + NDNF β2,prediction,2,37,0.664449,4.72591,2.63148,0.0606341,0.0734682
VIP α5 + NDNF β2,prediction,2,38,0.665569,4.73196,2.631,0.0607652,0.072368
VIP α5 + NDNF β2,prediction,2,39,0.670874,4.74221,2.63464,0.0609259,0.0723929
VIP α5 + NDNF β2,prediction,2,40,0.66734,4.73017,2.63476,0.0606798,0.07386
VIP α5 + NDNF β2,prediction,2,41,0.663584,4.7136,2.62922,0.0604686,0.0741406
VIP α5 + NDNF β2,prediction,2,42,0.66927,4.741,2.63558,0.0608804,0.0726915
VIP α5 + NDNF β2,prediction,2,43,0.670024,4.74748,2.63823,0.0609441,0.0726406
VIP α5 + NDNF β2,prediction,2,44,0.662509,4.71475,2.62879,0.0604699,0.0737952
VIP α5 + NDNF β2,prediction,2,45,0.662427,4.71857,2.62858,0.0605253,0.0734502
VIP α5 + NDNF β2,prediction,2,46,0.666494,4.74437,2.63463,0.0608953,0.0721075
VIP α5 + NDNF β2,prediction,2,47,0.669017,4.75299,2.63888,0.0609878,0.0723901
VIP α5 + NDNF β2,prediction,2,48,0.657419,4.68348,2.6208,0.0600493,0.0752644
VIP α5 + NDNF β2,prediction,2,49,0.674033,4.77598,2.64305,0.0613705,0.0708385
NDNF α7 + NDNF β2,prediction,2,0,1.85268,0.705794,1.42178,5.54298,2.51799
NDNF α7 + NDNF β2,prediction,2,1,1.83638,0.705588,1.42107,5.52706,2.50259
NDNF α7 + NDNF β2,prediction,2,2,1.82761,0.703055,1.41799,5.52202,2.49955
NDNF α7 + NDNF β2,prediction,2,3,1.85055,0.705787,1.42209,5.54287,2.51319
NDNF α7 + NDNF β2,prediction,2,4,1.82504,0.705119,1.42069,5.52116,2.49531
NDNF α7 + NDNF β2,prediction,2,5,1.86821,0.706481,1.42321,5.55485,2.52853
NDNF α7 + NDNF β2,prediction,2,6,1.8117,0.701908,1.41619,5.51064,2.49139
NDNF α7 + NDNF β2,prediction,2,7,1.8137,0.703126,1.41773,5.50991,2.49114
NDNF α7 + NDNF β2,prediction,2,8,1.85129,0.705799,1.42202,5.54287,2.51433
NDNF α7 + NDNF β2,prediction,2,9,1.83055,0.703875,1.41908,5.52597,2.50083
NDNF α7 + NDNF β2,prediction,2,10,1.8083,0.702568,1.41706,5.50803,2.48735
NDNF α7 + NDNF β2,prediction,2,11,1.87762,0.707527,1.42499,5.56411,2.53276
NDNF α7 + NDNF β2,prediction,2,12,1.8372,0.704288,1.41946,5.52722,2.50337
NDNF α7 + NDNF β2,prediction,2,13,1.81298,0.702159,1.41637,5.50979,2.48883
NDNF α7 + NDNF β2,prediction,2,14,1.86379,0.705428,1.42153,5.54757,2.52355
NDNF α7 + NDNF β2,prediction,2,15,1.84267,0.705011,1.42048,5.53313,2.50807
NDNF α7 + NDNF β2,prediction,2,16,1.83014,0.704394,1.41994,5.52654,2.50306
NDNF α7 + NDNF β2,prediction,2,17,1.81899,0.702181,1.41639,5.50785,2.49165
NDNF α7 + NDNF β2,prediction,2,18,1.84214,0.703742,1.41896,5.53122,2.50838
NDNF α7 + NDNF β2,prediction,2,19,1.81662,0.703568,1.41854,5.5132,2.4922
NDNF α7 + NDNF β2,prediction,2,20,1.86587,0.705233,1.42132,5.54931,2.52323
NDNF α7 + NDNF β2,prediction,2,21,1.80396,0.702243,1.41612,5.49843,2.48109
NDNF α7 + NDNF β2,prediction,2,22,1.81812,0.702901,1.41703,5.50563,2.48573
NDNF α7 + NDNF β2,prediction,2,23,1.86958,0.707834,1.4254,5.56169,2.52963
NDNF α7 + NDNF β2,prediction,2,24,1.84856,0.704721,1.42053,5.53988,2.51579
NDNF α7 + NDNF β2,prediction,2,25,1.83358,0.704292,1.41963,5.52218,2.49972
NDNF α7 + NDNF β2,prediction,2,26,1.81118,0.703358,1.41806,5.5088,2.48512
NDNF α7 + NDNF β2,prediction,2,27,1.8367,0.704316,1.41982,5.52823,2.50581
NDNF α7 + NDNF β2,prediction,2,28,1.82156,0.703434,1.41831,5.51634,2.49497
NDNF α7 + NDNF β2,prediction,2,29,1.85982,0.706053,1.42241,5.5437,2.51521
NDNF α7 + NDNF β2,prediction,2,30,1.82876,0.704027,1.41877,5.51472,2.49437
NDNF α7 + NDNF β2,prediction,2,31,1.84968,0.704978,1.42097,5.54102,2.51606
NDNF α7 + NDNF β2,prediction,2,32,1.87586,0.707086,1.42372,5.55646,2.52958
NDNF α7 + NDNF β2,prediction,2,33,1.8269,0.704141,1.41919,5.52256,2.49755
NDNF α7 + NDNF β2,prediction,2,34,1.85682,0.705783,1.42202,5.54551,2.51898
NDNF α7 + NDNF β2,prediction,2,35,1.81633,0.703766,1.41882,5.51808,2.49269
NDNF α7 + NDNF β2,prediction,2,36,1.80434,0.702809,1.41725,5.5042,2.48289
NDNF α7 + NDNF β2,prediction,2,37,1.84105,0.704584,1.41984,5.52848,2.50457
NDNF α7 + NDNF β2,prediction,2,38,1.82182,0.703972,1.4191,5.51538,2.49098
NDNF α7 + NDNF β2,prediction,2,39,1.8265,0.705613,1.42128,5.52431,2.49879
NDNF α7 + NDNF β2,prediction,2,40,1.85766,0.705773,1.42181,5.5428,2.51809
NDNF α7 + NDNF β2,prediction,2,41,1.84647,0.70571,1.42148,5.53326,2.50753
NDNF α7 + NDNF β2,prediction,2,42,1.83108,0.704601,1.42027,5.52661,2.50254
NDNF α7 + NDNF β2,prediction,2,43,1.81117,0.701681,1.41539,5.49963,2.48399
NDNF α7 + NDNF β2,prediction,2,44,1.83251,0.704927,1.42054,5.52532,2.49893
NDNF α7 + NDNF β2,prediction,2,45,1.82989,0.703335,1.41817,5.51998,2.49945
NDNF α7 + NDNF β2,prediction,2,46,1.88203,0.70719,1.4241,5.56625,2.53841
NDNF α7 + NDNF β2,prediction,2,47,1.85843,0.705033,1.42095,5.54675,2.5227
NDNF α7 + NDNF β2,prediction,2,48,1.84315,0.704811,1.4204,5.53105,2.50586
NDNF α7 + NDNF β2,prediction,2,49,1.80423,0.701644,1.41574,5.50188,2.4833
PV α7 + SOM α7 + SOM β2,prediction,3,0,1.90176,0.00367249,1.98335,3.52274,6.7607
PV α7 + SOM α7 + SOM β2,prediction,3,1,1.91815,0.00369215,1.98905,3.5189,6.77785
PV α7 + SOM α7 + SOM β2,prediction,3,2,1.90109,0.00367015,1.98313,3.52573,6.75863
PV α7 + SOM α7 + SOM β2,prediction,3,3,1.93737,0.00369657,1.99719,3.52825,6.82296
PV α7 + SOM α7 + SOM β2,prediction,3,4,1.89967,0.00368464,1.98605,3.51984,6.77042
PV α7 + SOM α7 + SOM β2,prediction,3,5,1.90176,0.00367399,1.98298,3.52175,6.7591
PV α7 + SOM α7 + SOM β2,prediction,3,6,1.90789,0.00367563,1.98442,3.52315,6.7618
PV α7 + SOM α7 + SOM β2,prediction,3,7,1.88974,0.00366913,1.979,3.51738,6.73568
PV α7 + SOM α7 + SOM β2,prediction,3,8,1.92649,0.00368504,1.99213,3.53214,6.79821
PV α7 + SOM α7 + SOM β2,prediction,3,9,1.91699,0.00367902,1.98903,3.53044,6.78467
PV α7 + SOM α7 + SOM β2,prediction,3,10,1.87139,0.00364998,1.96976,3.51623,6.69349
PV α7 + SOM α7 + SOM β2,prediction,3,11,1.93671,0.00369735,1.99587,3.52717,6.81101
PV α7 + SOM α7 + SOM β2,prediction,3,12,1.89043,0.00367051,1.97956,3.51763,6.74174
PV α7 + SOM α7 + SOM β2,prediction,3,13,1.92196,0.00368881,1.99288,3.52837,6.80323
PV α7 + SOM α7 + SOM β2,prediction,3,14,1.94624,0.00369735,1.99965,3.53482,6.83556
PV α7 + SOM α7 + SOM β2,prediction,3,15,1.88591,0.00365363,1.97573,3.52162,6.72549
PV α7 + SOM α7 + SOM β2,prediction,3,16,1.94995,0.00371269,2.00284,3.52848,6.84296
PV α7 + SOM α7 + SOM β2,prediction,3,17,1.93759,0.00370053,1.99615,3.52549,6.81494
PV α7 + SOM α7 + SOM β2,prediction,3,18,1.92136,0.003681,1.98859,3.52616,6.78137
PV α7 + SOM α7 + SOM β2,prediction,3,19,1.89813,0.00366597,1.98065,3.52395,6.74215
PV α7 + SOM α7 + SOM β2,prediction,3,20,1.92133,0.00369548,1.9897,3.51938,6.78223
PV α7 + SOM α7 + SOM β2,prediction,3,21,1.89374,0.00367375,1.98306,3.52227,6.75855
PV α7 + SOM α7 + SOM β2,prediction,3,22,1.94377,0.00369968,1.99896,3.53073,6.8331
PV α7 + SOM α7 + SOM β2,prediction,3,23,1.89122,0.00367484,1.97933,3.5162,6.73372
PV α7 + SOM α7 + SOM β2,prediction,3,24,1.90818,0.00369033,1.98839,3.52072,6.77928
PV α7 + SOM α7 + SOM β2,prediction,3,25,1.93384,0.00368394,1.99486,3.53408,6.81066
PV α7 + SOM α7 + SOM β2,prediction,3,26,1.91719,0.00369348,1.9896,3.51993,6.7813
PV α7 + SOM α7 + SOM β2,prediction,3,27,1.88277,0.00366099,1.97579,3.5192,6.72168
PV α7 + SOM α7 + SOM β2,prediction,3,28,1.92924,0.0036849,1.9922,3.53024,6.79688
PV α7 + SOM α7 + SOM β2,prediction,3,29,1.96152,0.00370297,2.0049,3.53854,6.8564
PV α7 + SOM α7 + SOM β2,prediction,3,30,1.94436,0.00369887,1.99868,3.53317,6.83053
PV α7 + SOM α7 + SOM β2,prediction,3,31,1.90911,0.00367121,1.98685,3.53199,6.77645
PV α7 + SOM α7 + SOM β2,prediction,3,32,1.91955,0.00367646,1.99063,3.53428,6.79491
PV α7 + SOM α7 + SOM β2,prediction,3,33,1.93114,0.00367786,1.99115,3.53336,6.79617
PV α7 + SOM α7 + SOM β2,prediction,3,34,1.92801,0.00367655,1.99166,3.53458,6.79585
PV α7 + SOM α7 + SOM β2,prediction,3,35,1.90349,0.00367451,1.98267,3.52237,6.75377
PV α7 + SOM α7 + SOM β2,prediction,3,36,1.88033,0.0036699,1.97745,3.51436,6.73343
PV α7 + SOM α7 + SOM β2,prediction,3,37,1.90863,0.00367744,1.98754,3.52803,6.78113
PV α7 + SOM α7 + SOM β2,prediction,3,38,1.92194,0.00369284,1.98976,3.52095,6.78256
PV α7 + SOM α7 + SOM β2,prediction,3,39,1.91051,0.00368136,1.98835,3.52768,6.78552
PV α7 + SOM α7 + SOM β2,prediction,3,40,1.92973,0.00369726,1.99474,3.52521,6.81062
PV α7 + SOM α7 + SOM β2,prediction,3,41,1.93585,0.00369288,1.99499,3.52819,6.8133
PV α7 + SOM α7 + SOM β2,prediction,3,42,1.91778,0.00367835,1.98823,3.5286,6.78183
PV α7 + SOM α7 + SOM β2,prediction,3,43,1.93044,0.00369313,1.99359,3.52662,6.80505
PV α7 + SOM α7 + SOM β2,prediction,3,44,1.90637,0.00367882,1.98353,3.51922,6.75425
PV α7 + SOM α7 + SOM β2,prediction,3,45,1.92983,0.0036978,1.9961,3.52907,6.81371
PV α7 + SOM α7 + SOM β2,prediction,3,46,1.92754,0.00367823,1.99066,3.53239,6.79152
PV α7 + SOM α7 + SOM β2,prediction,3,47,1.92464,0.00369565,1.99539,3.52977,6.81041
PV α7 + SOM α7 + SOM β2,prediction,3,48,1.89865,0.00367306,1.98286,3.52224,6.75287
PV α7 + SOM α7 + SOM β2,prediction,3,49,1.92322,0.00369335,1.99311,3.52553,6.80537
PV α7 + SOM α7 + VIP α5,prediction,3,0,1.90192,0.0769973,3.8396,0.0113533,6.64983
PV α7 + SOM α7 + VIP α5,prediction,3,1,1.91833,0.077272,3.84749,0.0113497,6.66675
PV α7 + SOM α7 + VIP α5,prediction,3,2,1.91328,0.0772261,3.84571,0.0113479,6.66502
PV α7 + SOM α7 + VIP α5,prediction,3,3,1.94012,0.0779026,3.86442,0.011296,6.71647
PV α7 + SOM α7 + VIP α5,prediction,3,4,1.93819,0.0777393,3.85877,0.0113221,6.69708
PV α7 + SOM α7 + VIP α5,prediction,3,5,1.90864,0.0770786,3.84132,0.0113649,6.65074
PV α7 + SOM α7 + VIP α5,prediction,3,6,1.89797,0.076863,3.83639,0.0113705,6.63881
PV α7 + SOM α7 + VIP α5,prediction,3,7,1.89119,0.0766989,3.83222,0.0113866,6.627
PV α7 + SOM α7 + VIP α5,prediction,3,8,1.88907,0.0767865,3.83556,0.0113788,6.63706
PV α7 + SOM α7 + VIP α5,prediction,3,9,1.89512,0.0768013,3.83311,0.0113582,6.63578
PV α7 + SOM α7 + VIP α5,prediction,3,10,1.90242,0.0771355,3.84377,0.0113504,6.66126
PV α7 + SOM α7 + VIP α5,prediction,3,11,1.91374,0.0772566,3.84674,0.011337,6.66944
PV α7 + SOM α7 + VIP α5,prediction,3,12,1.92682,0.0774958,3.85127,0.0113069,6.68464
PV α7 + SOM α7 + VIP α5,prediction,3,13,1.89526,0.0768252,3.83417,0.0113547,6.63935
PV α7 + SOM α7 + VIP α5,prediction,3,14,1.93784,0.0778285,3.86315,0.0113054,6.71233
PV α7 + SOM α7 + VIP α5,prediction,3,15,1.91164,0.0771744,3.84279,0.0113284,6.66231
PV α7 + SOM α7 + VIP α5,prediction,3,16,1.87971,0.0764523,3.82471,0.0113914,6.6106
PV α7 + SOM α7 + VIP α5,prediction,3,17,1.89076,0.0768756,3.83816,0.0113713,6.64493
PV α7 + SOM α7 + VIP α5,prediction,3,18,1.89477,0.0769368,3.83873,0.0113396,6.65316
PV α7 + SOM α7 + VIP α5,prediction,3,19,1.89647,0.0768852,3.83518,0.0113519,6.64137
PV α7 + SOM α7 + VIP α5,prediction,3,20,1.92872,0.0777266,3.86261,0.0113167,6.70965
PV α7 + SOM α7 + VIP α5,prediction,3,21,1.93386,0.0776359,3.85872,0.0113472,6.69263
PV α7 + SOM α7 + VIP α5,prediction,3,22,1.90321,0.0770336,3.84215,0.0113816,6.65065
PV α7 + SOM α7 + VIP α5,prediction,3,23,1.9026,0.0771113,3.84353,0.0113525,6.66081
PV α7 + SOM α7 + VIP α5,prediction,3,24,1.93445,0.0776705,3.85705,0.0113098,6.69585
PV α7 + SOM α7 + VIP α5,prediction,3,25,1.89237,0.0767525,3.83143,0.0113723,6.62904
PV α7 + SOM α7 + VIP α5,prediction,3,26,1.91866,0.07745,3.85277,0.0113511,6.68108
PV α7 + SOM α7 + VIP α5,prediction,3,27,1.91317,0.0772898,3.84674,0.011328,6.67211
PV α7 + SOM α7 + VIP α5,prediction,3,28,1.88471,0.0765149,3.82533,0.0113834,6.61299
PV α7 + SOM α7 + VIP α5,prediction,3,29,1.90059,0.0769821,3.84007,0.0113665,6.64815
PV α7 + SOM α7 + VIP α5,prediction,3,30,1.91367,0.0772666,3.84708,0.0113411,6.66919
PV α7 + SOM α7 + VIP α5,prediction,3,31,1.92913,0.0776146,3.85672,0.0113386,6.69121
PV α7 + SOM α7 + VIP α5,prediction,3,32,1.91122,0.0771703,3.84524,0.0113594,6.66122
PV α7 + SOM α7 + VIP α5,prediction,3,33,1.9035,0.07705,3.84279,0.0113881,6.64998
PV α7 + SOM α7 + VIP α5,prediction,3,34,1.92153,0.0774799,3.85148,0.0113062,6.68563
PV α7 + SOM α7 + VIP α5,prediction,3,35,1.93131,0.0776679,3.85876,0.011318,6.7006
PV α7 + SOM α7 + VIP α5,prediction,3,36,1.93107,0.0776507,3.85974,0.011345,6.69547
PV α7 + SOM α7 + VIP α5,prediction,3,37,1.9273,0.0775079,3.85231,0.011346,6.67936
PV α7 + SOM α7 + VIP α5,prediction,3,38,1.90968,0.0771815,3.84507,0.0113438,6.66457
PV α7 + SOM α7 + VIP α5,prediction,3,39,1.90182,0.0769875,3.83922,0.0113622,6.64659
PV α7 + SOM α7 + VIP α5,prediction,3,40,1.904,0.0770456,3.83991,0.0113457,6.6542
PV α7 + SOM α7 + VIP α5,prediction,3,41,1.92044,0.0774057,3.85235,0.0113526,6.67828
PV α7 + SOM α7 + VIP α5,prediction,3,42,1.92766,0.07768,3.86,0.0113229,6.70284
PV α7 + SOM α7 + VIP α5,prediction,3,43,1.8944,0.076744,3.8314,0.0113676,6.62934
PV α7 + SOM α7 + VIP α5,prediction,3,44,1.93817,0.0777318,3.85908,0.0112974,6.70379
PV α7 + SOM α7 + VIP α5,prediction,3,45,1.88735,0.0766807,3.83136,0.0113855,6.62718
PV α7 + SOM α7 + VIP α5,prediction,3,46,1.9037,0.0769389,3.83609,0.0113397,6.64475
PV α7 + SOM α7 + VIP α5,prediction,3,47,1.91204,0.0772503,3.84733,0.0113654,6.66559
PV α7 + SOM α7 + VIP α5,prediction,3,48,1.90309,0.0770607,3.84334,0.011366,6.65773
PV α7 + SOM α7 + VIP α5,prediction,3,49,1.92221,0.0772958,3.84648,0.011349,6.66411
PV α7 + SOM α7 + NDNF α7,target,3,0,2.33016,0.00100658,0.553637,9.21283,5.12505
PV α7 + SOM α7 + NDNF α7,target,3,1,2.26786,0.00104573,0.562935,9.09395,5.05219
PV α7 + SOM α7 + NDNF α7,target,3,2,2.30769,0.00101639,0.554485,9.17714,5.1007
PV α7 + SOM α7 + NDNF α7,target,3,3,2.24477,0.00105552,0.563524,9.0555,5.02707
PV α7 + SOM α7 + NDNF α7,target,3,4,2.23015,0.00106367,0.565099,9.04417,5.0203
PV α7 + SOM α7 + NDNF α7,target,3,5,2.29089,0.00103054,0.55927,9.14488,5.08257
PV α7 + SOM α7 + NDNF α7,target,3,6,2.28612,0.00103104,0.558414,9.12984,5.07235
PV α7 + SOM α7 + NDNF α7,target,3,7,2.24659,0.00105557,0.564219,9.06059,5.03043
PV α7 + SOM α7 + NDNF α7,target,3,8,2.29027,0.00102908,0.558487,9.1375,5.07751
PV α7 + SOM α7 + NDNF α7,target,3,9,2.31841,0.00101408,0.554826,9.1856,5.10634
PV α7 + SOM α7 + NDNF α7,target,3,10,2.27894,0.0010281,0.556054,9.13107,5.07288
PV α7 + SOM α7 + NDNF α7,target,3,11,2.24458,0.00105936,0.565612,9.0554,5.02773
PV α7 + SOM α7 + NDNF α7,target,3,12,2.25325,0.00105133,0.562967,9.07992,5.04202
PV α7 + SOM α7 + NDNF α7,target,3,13,2.35479,0.000988339,0.547407,9.2602,5.1515
PV α7 + SOM α7 + NDNF α7,target,3,14,2.28211,0.00103467,0.560115,9.13849,5.07917
PV α7 + SOM α7 + NDNF α7,target,3,15,2.31449,0.00101162,0.553484,9.18723,5.10719
PV α7 + SOM α7 + NDNF α7,target,3,16,2.27754,0.0010374,0.560433,9.11826,5.06632
PV α7 + SOM α7 + NDNF α7,target,3,17,2.30865,0.00101987,0.556752,9.17125,5.0991
PV α7 + SOM α7 + NDNF α7,target,3,18,2.28107,0.00103548,0.559669,9.11229,5.06118
PV α7 + SOM α7 + NDNF α7,target,3,19,2.23551,0.00106751,0.568887,9.0351,5.01739
PV α7 + SOM α7 + NDNF α7,target,3,20,2.34203,0.00100006,0.550824,9.21462,5.12199
PV α7 + SOM α7 + NDNF α7,target,3,21,2.26088,0.0010477,0.563267,9.08052,5.04453
PV α7 + SOM α7 + NDNF α7,target,3,22,2.30439,0.00102381,0.558317,9.16663,5.09723
PV α7 + SOM α7 + NDNF α7,target,3,23,2.25292,0.00105339,0.563803,9.06809,5.03476
PV α7 + SOM α7 + NDNF α7,target,3,24,2.26464,0.00104221,0.559664,9.07879,5.0391
PV α7 + SOM α7 + NDNF α7,target,3,25,2.26887,0.00103812,0.559584,9.10979,5.06069
PV α7 + SOM α7 + NDNF α7,target,3,26,2.30305,0.00102692,0.558912,9.1491,5.08427
PV α7 + SOM α7 + NDNF α7,target,3,27,2.27129,0.00104152,0.561031,9.11323,5.06298
PV α7 + SOM α7 + NDNF α7,target,3,28,2.27083,0.00104274,0.561277,9.09827,5.05253
PV α7 + SOM α7 + NDNF α7,target,3,29,2.2844,0.00102715,0.556278,9.14342,5.08029
PV α7 + SOM α7 + NDNF α7,target,3,30,2.29371,0.00102729,0.557622,9.15459,5.08682
PV α7 + SOM α7 + NDNF α7,target,3,31,2.25775,0.00104648,0.561897,9.08767,5.04707
PV α7 + SOM α7 + NDNF α7,target,3,32,2.26406,0.00104574,0.561627,9.0947,5.05046
PV α7 + SOM α7 + NDNF α7,target,3,33,2.26591,0.00104624,0.562819,9.08114,5.04315
PV α7 + SOM α7 + NDNF α7,target,3,34,2.27739,0.0010401,0.560178,9.09343,5.04865
PV α7 + SOM α7 + NDNF α7,target,3,35,2.31296,0.00101144,0.552167,9.17746,5.09872
PV α7 + SOM α7 + NDNF α7,target,3,36,2.31426,0.00101749,0.556999,9.18209,5.10773
PV α7 + SOM α7 + NDNF α7,target,3,37,2.26308,0.0010464,0.562301,9.09487,5.05143
PV α7 + SOM α7 + NDNF α7,target,3,38,2.29692,0.00102638,0.558365,9.1559,5.09128
PV α7 + SOM α7 + NDNF α7,target,3,39,2.24753,0.00105551,0.564202,9.06167,5.03149
PV α7 + SOM α7 + NDNF α7,target,3,40,2.28222,0.0010314,0.557837,9.11469,5.06254
PV α7 + SOM α7 + NDNF α7,target,3,41,2.30496,0.00101526,0.553434,9.17564,5.09891
PV α7 + SOM α7 + NDNF α7,target,3,42,2.24574,0.00105759,0.565013,9.05902,5.02991
PV α7 + SOM α7 + NDNF α7,target,3,43,2.26608,0.00104489,0.562245,9.08998,5.04889
PV α7 + SOM α7 + NDNF α7,target,3,44,2.26923,0.00103468,0.557858,9.11345,5.06287
PV α7 + SOM α7 + NDNF α7,target,3,45,2.2999,0.00102273,0.556414,9.14894,5.08312
PV α7 + SOM α7 + NDNF α7,target,3,46,2.2583,0.00105502,0.56509,9.06419,5.0316
PV α7 + SOM α7 + NDNF α7,target,3,47,2.274,0.00103976,0.561161,9.10457,5.05746
PV α7 + SOM α7 + NDNF α7,target,3,48,2.31146,0.0010176,0.555291,9.17465,5.09833
PV α7 + SOM α7 + NDNF α7,target,3,49,2.2954,0.00102869,0.558734,9.1424,5.08148
PV α7 + SOM α7 + NDNF β2,prediction,3,0,2.05445,0.00773157,1.50482,4.94925,5.05224
PV α7 + SOM α7 + NDNF β2,prediction,3,1,2.03193,0.00771333,1.50014,4.9405,5.02615
PV α7 + SOM α7 + NDNF β2,prediction,3,2,2.03327,0.00772605,1.5021,4.93901,5.02722
PV α7 + SOM α7 + NDNF β2,prediction,3,3,2.01633,0.00771663,1.49846,4.93458,5.01983
PV α7 + SOM α7 + NDNF β2,prediction,3,4,2.06619,0.00774199,1.50765,4.95685,5.07587
PV α7 + SOM α7 + NDNF β2,prediction,3,5,2.0579,0.00773461,1.50463,4.94815,5.05757
PV α7 + SOM α7 + NDNF β2,prediction,3,6,2.04552,0.00773326,1.50339,4.94712,5.05013
PV α7 + SOM α7 + NDNF β2,prediction,3,7,1.97248,0.00771947,1.49005,4.90365,4.95885
PV α7 + SOM α7 + NDNF β2,prediction,3,8,2.06475,0.00773927,1.50681,4.9543,5.07629
PV α7 + SOM α7 + NDNF β2,prediction,3,9,2.04737,0.00773401,1.5046,4.94733,5.05639
PV α7 + SOM α7 + NDNF β2,prediction,3,10,2.04631,0.00773412,1.50301,4.94305,5.05209
PV α7 + SOM α7 + NDNF β2,prediction,3,11,2.01803,0.00771972,1.49798,4.9277,5.00755
PV α7 + SOM α7 + NDNF β2,prediction,3,12,1.99845,0.00771697,1.49518,4.91796,4.98546
PV α7 + SOM α7 + NDNF β2,prediction,3,13,2.03713,0.00773328,1.50148,4.9381,5.03705
PV α7 + SOM α7 + NDNF β2,prediction,3,14,2.00438,0.0077194,1.49673,4.92412,4.99301
PV α7 + SOM α7 + NDNF β2,prediction,3,15,2.03627,0.00773604,1.50188,4.93615,5.03467
PV α7 + SOM α7 + NDNF β2,prediction,3,16,2.04582,0.00772461,1.50428,4.95176,5.05843
PV α7 + SOM α7 + NDNF β2,prediction,3,17,2.07082,0.00773446,1.5071,4.9555,5.07147
PV α7 + SOM α7 + NDNF β2,prediction,3,18,2.01109,0.00772329,1.49552,4.91967,4.99674
PV α7 + SOM α7 + NDNF β2,prediction,3,19,2.03895,0.00773156,1.50296,4.94471,5.04151
PV α7 + SOM α7 + NDNF β2,prediction,3,20,2.03208,0.00772409,1.50323,4.94339,5.0365
PV α7 + SOM α7 + NDNF β2,prediction,3,21,2.04872,0.00773095,1.50497,4.94983,5.05094
PV α7 + SOM α7 + NDNF β2,prediction,3,22,1.99556,0.00771874,1.49462,4.91791,4.98835
PV α7 + SOM α7 + NDNF β2,prediction,3,23,2.03486,0.00772716,1.50239,4.94601,5.03613
PV α7 + SOM α7 + NDNF β2,prediction,3,24,2.02801,0.00772408,1.50015,4.93679,5.01935
PV α7 + SOM α7 + NDNF β2,prediction,3,25,2.0186,0.00772334,1.49677,4.92181,5.00254
PV α7 + SOM α7 + NDNF β2,prediction,3,26,2.02417,0.00772097,1.50012,4.93527,5.01687
PV α7 + SOM α7 + NDNF β2,prediction,3,27,2.05943,0.0077316,1.50557,4.95558,5.07924
PV α7 + SOM α7 + NDNF β2,prediction,3,28,2.01871,0.00772267,1.49976,4.93625,5.02252
PV α7 + SOM α7 + NDNF β2,prediction,3,29,1.98453,0.00771188,1.49225,4.91215,4.97515
PV α7 + SOM α7 + NDNF β2,prediction,3,30,2.04315,0.00772255,1.50174,4.93757,5.02895
PV α7 + SOM α7 + NDNF β2,prediction,3,31,2.01763,0.00771969,1.49682,4.92503,5.00583
PV α7 + SOM α7 + NDNF β2,prediction,3,32,2.04455,0.00772607,1.50381,4.94681,5.04434
PV α7 + SOM α7 + NDNF β2,prediction,3,33,2.05319,0.00772872,1.5045,4.94842,5.05844
PV α7 + SOM α7 + NDNF β2,prediction,3,34,2.05902,0.00772204,1.50692,4.96151,5.06561
PV α7 + SOM α7 + NDNF β2,prediction,3,35,2.02421,0.00772061,1.49894,4.93056,5.01071
PV α7 + SOM α7 + NDNF β2,prediction,3,36,2.02114,0.00772347,1.49916,4.93136,5.01612
PV α7 + SOM α7 + NDNF β2,prediction,3,37,2.03788,0.00772349,1.50193,4.94245,5.03495
PV α7 + SOM α7 + NDNF β2,prediction,3,38,2.03309,0.0077221,1.50007,4.9338,5.01732
PV α7 + SOM α7 + NDNF β2,prediction,3,39,2.05172,0.00772981,1.50466,4.94962,5.05077
PV α7 + SOM α7 + NDNF β2,prediction,3,40,2.02127,0.00772569,1.49781,4.92085,5.00547
PV α7 + SOM α7 + NDNF β2,prediction,3,41,2.04255,0.00772751,1.50503,4.95323,5.05421
PV α7 + SOM α7 + NDNF β2,prediction,3,42,2.04688,0.00773315,1.50352,4.94473,5.04619
PV α7 + SOM α7 + NDNF β2,prediction,3,43,2.0016,0.00771686,1.49654,4.92477,4.99951
PV α7 + SOM α7 + NDNF β2,prediction,3,44,2.02807,0.00772696,1.4995,4.93121,5.01996
PV α7 + SOM α7 + NDNF β2,prediction,3,45,2.03178,0.00771893,1.50112,4.93717,5.02343
PV α7 + SOM α7 + NDNF β2,prediction,3,46,2.08215,0.00773433,1.50989,4.9698,5.10377
PV α7 + SOM α7 + NDNF β2,prediction,3,47,2.03174,0.00772589,1.5015,4.93806,5.02844
PV α7 + SOM α7 + NDNF β2,prediction,3,48,2.00538,0.00771992,1.49696,4.9247,4.9987
PV α7 + SOM α7 + NDNF β2,prediction,3,49,2.04586,0.00771646,1.50301,4.9455,5.03989
PV α7 + SOM β2 + VIP α5,prediction,3,0,1.44433,1.84459,2.88268,0.01887,2.69714
PV α7 + SOM β2 + VIP α5,prediction,3,1,1.455,1.85577,2.89421,0.0189081,2.7081
PV α7 + SOM β2 + VIP α5,prediction,3,2,1.46822,1.86804,2.90337,0.0190138,2.70759
PV α7 + SOM β2 + VIP α5,prediction,3,3,1.48031,1.87557,2.90797,0.0191192,2.70308
PV α7 + SOM β2 + VIP α5,prediction,3,4,1.48287,1.87582,2.90945,0.0191224,2.70575
PV α7 + SOM β2 + VIP α5,prediction,3,5,1.46589,1.8603,2.89638,0.0189868,2.70244
PV α7 + SOM β2 + VIP α5,prediction,3,6,1.44467,1.84819,2.88809,0.0188249,2.70738
PV α7 + SOM β2 + VIP α5,prediction,3,7,1.46357,1.85875,2.89395,0.0189565,2.70053
PV α7 + SOM β2 + VIP α5,prediction,3,8,1.46836,1.86601,2.90129,0.0190217,2.70491
PV α7 + SOM β2 + VIP α5,prediction,3,9,1.46153,1.85976,2.89551,0.0189762,2.702
PV α7 + SOM β2 + VIP α5,prediction,3,10,1.45113,1.8495,2.88867,0.0188613,2.7056
PV α7 + SOM β2 + VIP α5,prediction,3,11,1.47261,1.86939,2.90337,0.0190366,2.7055
PV α7 + SOM β2 + VIP α5,prediction,3,12,1.46401,1.86308,2.8989,0.0190019,2.70437
PV α7 + SOM β2 + VIP α5,prediction,3,13,1.47133,1.86873,2.90273,0.0190534,2.70392
PV α7 + SOM β2 + VIP α5,prediction,3,14,1.47718,1.87532,2.9088,0.0190823,2.70791
PV α7 + SOM β2 + VIP α5,prediction,3,15,1.4275,1.83574,2.87861,0.0187069,2.70749
PV α7 + SOM β2 + VIP α5,prediction,3,16,1.46318,1.85962,2.89419,0.0190057,2.69817
PV α7 + SOM β2 + VIP α5,prediction,3,17,1.41683,1.82445,2.86849,0.0186328,2.70213
PV α7 + SOM β2 + VIP α5,prediction,3,18,1.46153,1.86322,2.89867,0.0189642,2.70562
PV α7 + SOM β2 + VIP α5,prediction,3,19,1.46618,1.86436,2.90036,0.0190014,2.70634
PV α7 + SOM β2 + VIP α5,prediction,3,20,1.48233,1.87669,2.91027,0.019111,2.70741
PV α7 + SOM β2 + VIP α5,prediction,3,21,1.46791,1.86187,2.89647,0.0190184,2.69877
PV α7 + SOM β2 + VIP α5,prediction,3,22,1.44934,1.84642,2.88507,0.0188829,2.69917
PV α7 + SOM β2 + VIP α5,prediction,3,23,1.46593,1.8612,2.89672,0.0190015,2.70189
PV α7 + SOM β2 + VIP α5,prediction,3,24,1.45228,1.85477,2.89255,0.0188971,2.70524
PV α7 + SOM β2 + VIP α5,prediction,3,25,1.46673,1.86425,2.90058,0.0189891,2.70697
PV α7 + SOM β2 + VIP α5,prediction,3,26,1.46967,1.86369,2.89788,0.0190507,2.69854
PV α7 + SOM β2 + VIP α5,prediction,3,27,1.43525,1.84106,2.88209,0.0187813,2.70476
PV α7 + SOM β2 + VIP α5,prediction,3,28,1.44966,1.84911,2.88694,0.0189186,2.69816
PV α7 + SOM β2 + VIP α5,prediction,3,29,1.45856,1.85682,2.89387,0.0189438,2.70348
PV α7 + SOM β2 + VIP α5,prediction,3,30,1.45469,1.85411,2.89247,0.018919,2.70439
PV α7 + SOM β2 + VIP α5,prediction,3,31,1.47181,1.86955,2.90427,0.0190178,2.70803
PV α7 + SOM β2 + VIP α5,prediction,3,32,1.46257,1.86097,2.89676,0.0189806,2.70324
PV α7 + SOM β2 + VIP α5,prediction,3,33,1.4814,1.8747,2.90687,0.0191229,2.70198
PV α7 + SOM β2 + VIP α5,prediction,3,34,1.47041,1.86882,2.90244,0.0190514,2.7023
PV α7 + SOM β2 + VIP α5,prediction,3,35,1.46271,1.86607,2.90183,0.018969,2.70947
PV α7 + SOM β2 + VIP α5,prediction,3,36,1.46851,1.86128,2.89596,0.0190076,2.69974
PV α7 + SOM β2 + VIP α5,prediction,3,37,1.47251,1.86866,2.90356,0.0190561,2.70484
PV α7 + SOM β2 + VIP α5,prediction,3,38,1.42223,1.83086,2.87407,0.0186695,2.70495
PV α7 + SOM β2 + VIP α5,prediction,3,39,1.45248,1.85476,2.89188,0.0189173,2.70283
PV α7 + SOM β2 + VIP α5,prediction,3,40,1.4688,1.8686,2.90325,0.0190105,2.70727
PV α7 + SOM β2 + VIP α5,prediction,3,41,1.47257,1.86929,2.90478,0.0190449,2.70765
PV α7 + SOM β2 + VIP α5,prediction,3,42,1.45595,1.8551,2.89187,0.01892,2.7027
PV α7 + SOM β2 + VIP α5,prediction,3,43,1.47307,1.86947,2.90447,0.0190715,2.70591
PV α7 + SOM β2 + VIP α5,prediction,3,44,1.48243,1.87297,2.90503,0.0191364,2.69877
PV α7 + SOM β2 + VIP α5,prediction,3,45,1.4826,1.87361,2.90636,0.0191471,2.70032
PV α7 + SOM β2 + VIP α5,prediction,3,46,1.48388,1.87524,2.90729,0.0191559,2.69973
PV α7 + SOM β2 + VIP α5,prediction,3,47,1.44139,1.8438,2.88219,0.0188231,2.69932
PV α7 + SOM β2 + VIP α5,prediction,3,48,1.44591,1.84712,2.88761,0.0188368,2.70653
PV α7 + SOM β2 + VIP α5,prediction,3,49,1.46378,1.86183,2.89674,0.0190221,2.69948
PV α7 + SOM β2 + NDNF α7,prediction,3,0,2.04419,0.237097,1.41918,5.20747,4.79518
PV α7 + SOM β2 + NDNF α7,prediction,3,1,1.98751,0.23574,1.41099,5.1679,4.7273
PV α7 + SOM β2 + NDNF α7,prediction,3,2,2.03096,0.236914,1.41807,5.2007,4.78385
PV α7 + SOM β2 + NDNF α7,prediction,3,3,2.00123,0.23601,1.41303,5.18135,4.74896
PV α7 + SOM β2 + NDNF α7,prediction,3,4,1.99928,0.235945,1.41285,5.18167,4.74974
PV α7 + SOM β2 + NDNF α7,prediction,3,5,2.03028,0.236507,1.4154,5.19038,4.77387
PV α7 + SOM β2 + NDNF α7,prediction,3,6,1.9768,0.235615,1.41057,5.16617,4.71864
PV α7 + SOM β2 + NDNF α7,prediction,3,7,1.96557,0.235296,1.40851,5.16042,4.70905
PV α7 + SOM β2 + NDNF α7,prediction,3,8,1.97434,0.235567,1.41018,5.16456,4.71429
PV α7 + SOM β2 + NDNF α7,prediction,3,9,2.03398,0.236993,1.41804,5.19921,4.78163
PV α7 + SOM β2 + NDNF α7,prediction,3,10,2.00466,0.236446,1.4154,5.18803,4.75136
PV α7 + SOM β2 + NDNF α7,prediction,3,11,2.00213,0.236097,1.41382,5.18297,4.75242
PV α7 + SOM β2 + NDNF α7,prediction,3,12,1.99788,0.236287,1.41426,5.18109,4.74123
PV α7 + SOM β2 + NDNF α7,prediction,3,13,2.02867,0.236625,1.41674,5.19712,4.78305
PV α7 + SOM β2 + NDNF α7,prediction,3,14,2.01021,0.236448,1.41546,5.18806,4.75287
PV α7 + SOM β2 + NDNF α7,prediction,3,15,1.98822,0.23587,1.41164,5.17061,4.7321
PV α7 + SOM β2 + NDNF α7,prediction,3,16,2.05847,0.237424,1.42122,5.21805,4.81991
PV α7 + SOM β2 + NDNF α7,prediction,3,17,2.00701,0.236346,1.41477,5.18355,4.75852
PV α7 + SOM β2 + NDNF α7,prediction,3,18,2.00604,0.236295,1.41419,5.18147,4.74871
PV α7 + SOM β2 + NDNF α7,prediction,3,19,2.02617,0.236568,1.41582,5.18995,4.77175
PV α7 + SOM β2 + NDNF α7,prediction,3,20,1.97626,0.23548,1.41021,5.16991,4.72424
PV α7 + SOM β2 + NDNF α7,prediction,3,21,2.00708,0.236335,1.41485,5.18584,4.74897
PV α7 + SOM β2 + NDNF α7,prediction,3,22,2.00377,0.236309,1.41393,5.17804,4.74283
PV α7 + SOM β2 + NDNF α7,prediction,3,23,1.99307,0.236009,1.41239,5.17444,4.73487
PV α7 + SOM β2 + NDNF α7,prediction,3,24,1.99557,0.236017,1.41283,5.17758,4.74033
PV α7 + SOM β2 + NDNF α7,prediction,3,25,2.03699,0.237094,1.41911,5.20496,4.79033
PV α7 + SOM β2 + NDNF α7,prediction,3,26,2.002,0.235771,1.41143,5.17416,4.74472
PV α7 + SOM β2 + NDNF α7,prediction,3,27,2.05296,0.23729,1.42014,5.21087,4.80381
PV α7 + SOM β2 + NDNF α7,prediction,3,28,1.98262,0.235603,1.40983,5.16092,4.71332
PV α7 + SOM β2 + NDNF α7,prediction,3,29,2.00342,0.236029,1.41271,5.1789,4.74669
PV α7 + SOM β2 + NDNF α7,prediction,3,30,1.99158,0.236126,1.41329,5.1777,4.73412
PV α7 + SOM β2 + NDNF α7,prediction,3,31,2.01425,0.236423,1.41553,5.19102,4.763
PV α7 + SOM β2 + NDNF α7,prediction,3,32,2.00603,0.236167,1.41399,5.18388,4.7527
PV α7 + SOM β2 + NDNF α7,prediction,3,33,2.03405,0.236856,1.41791,5.20226,4.79117
PV α7 + SOM β2 + NDNF α7,prediction,3,34,1.97683,0.235687,1.41066,5.16644,4.71994
PV α7 + SOM β2 + NDNF α7,prediction,3,35,2.0381,0.237399,1.42067,5.20901,4.79649
PV α7 + SOM β2 + NDNF α7,prediction,3,36,1.98928,0.235887,1.4116,5.17375,4.73091
PV α7 + SOM β2 + NDNF α7,prediction,3,37,2.00832,0.236473,1.41547,5.18977,4.7556
PV α7 + SOM β2 + NDNF α7,prediction,3,38,1.98673,0.235731,1.41132,5.17052,4.7234
PV α7 + SOM β2 + NDNF α7,prediction,3,39,2.00756,0.236308,1.41403,5.18064,4.75346
PV α7 + SOM β2 + NDNF α7,prediction,3,40,2.03174,0.236854,1.41727,5.19556,4.77232
PV α7 + SOM β2 + NDNF α7,prediction,3,41,1.99069,0.235888,1.41221,5.17427,4.73358
PV α7 + SOM β2 + NDNF α7,prediction,3,42,1.99282,0.235986,1.41259,5.17461,4.73465
PV α7 + SOM β2 + NDNF α7,prediction,3,43,2.01716,0.2364,1.41543,5.19278,4.77262
PV α7 + SOM β2 + NDNF α7,prediction,3,44,1.99271,0.235798,1.41141,5.1705,4.73417
PV α7 + SOM β2 + NDNF α7,prediction,3,45,1.97926,0.235548,1.40983,5.16378,4.72461
PV α7 + SOM β2 + NDNF α7,prediction,3,46,1.98943,0.235748,1.41126,5.17049,4.73326
PV α7 + SOM β2 + NDNF α7,prediction,3,47,1.99813,0.235927,1.41275,5.18098,4.7509
PV α7 + SOM β2 + NDNF α7,prediction,3,48,2.02291,0.236602,1.41636,5.19626,4.76705
PV α7 + SOM β2 + NDNF α7,prediction,3,49,1.97018,0.235244,1.40818,5.15863,4.71383
PV α7 + SOM β2 + NDNF β2,prediction,3,0,1.78086,0.492002,1.63512,3.46026,3.98324
PV α7 + SOM β2 + NDNF β2,prediction,3,1,1.76677,0.490022,1.63132,3.45498,3.96936
PV α7 + SOM β2 + NDNF β2,prediction,3,2,1.7632,0.489319,1.63095,3.45922,3.96958
PV α7 + SOM β2 + NDNF β2,prediction,3,3,1.7477,0.486668,1.62571,3.4532,3.94803
PV α7 + SOM β2 + NDNF β2,prediction,3,4,1.77473,0.490225,1.63256,3.46155,3.97644
PV α7 + SOM β2 + NDNF β2,prediction,3,5,1.74438,0.487266,1.62682,3.45175,3.95549
PV α7 + SOM β2 + NDNF β2,prediction,3,6,1.72882,0.485523,1.6236,3.44685,3.94423
PV α7 + SOM β2 + NDNF β2,prediction,3,7,1.74532,0.486714,1.6258,3.45298,3.9509
PV α7 + SOM β2 + NDNF β2,prediction,3,8,1.75703,0.488484,1.62909,3.45697,3.96234
PV α7 + SOM β2 + NDNF β2,prediction,3,9,1.75956,0.488507,1.62819,3.45294,3.95983
PV α7 + SOM β2 + NDNF β2,prediction,3,10,1.78878,0.493148,1.63842,3.46883,3.9982
PV α7 + SOM β2 + NDNF β2,prediction,3,11,1.73107,0.485064,1.6222,3.44652,3.93433
PV α7 + SOM β2 + NDNF β2,prediction,3,12,1.76622,0.489219,1.63078,3.45949,3.96827
PV α7 + SOM β2 + NDNF β2,prediction,3,13,1.78117,0.49237,1.63634,3.463,3.98747
PV α7 + SOM β2 + NDNF β2,prediction,3,14,1.77553,0.491638,1.63428,3.45734,3.98263
PV α7 + SOM β2 + NDNF β2,prediction,3,15,1.75174,0.488379,1.62866,3.45339,3.96012
PV α7 + SOM β2 + NDNF β2,prediction,3,16,1.74257,0.486322,1.62537,3.45329,3.94775
PV α7 + SOM β2 + NDNF β2,prediction,3,17,1.754,0.487957,1.62759,3.45362,3.95642
PV α7 + SOM β2 + NDNF β2,prediction,3,18,1.79041,0.493735,1.63843,3.46424,3.99869
PV α7 + SOM β2 + NDNF β2,prediction,3,19,1.73802,0.486135,1.62419,3.4482,3.94253
PV α7 + SOM β2 + NDNF β2,prediction,3,20,1.73203,0.486513,1.62586,3.45076,3.95301
PV α7 + SOM β2 + NDNF β2,prediction,3,21,1.71292,0.482775,1.61811,3.44235,3.92097
PV α7 + SOM β2 + NDNF β2,prediction,3,22,1.79118,0.493331,1.63816,3.4683,3.99472
PV α7 + SOM β2 + NDNF β2,prediction,3,23,1.75874,0.488905,1.63008,3.45718,3.96572
PV α7 + SOM β2 + NDNF β2,prediction,3,24,1.76883,0.490418,1.63316,3.46158,3.97671
PV α7 + SOM β2 + NDNF β2,prediction,3,25,1.77659,0.490612,1.63173,3.45791,3.96906
PV α7 + SOM β2 + NDNF β2,prediction,3,26,1.7514,0.487567,1.62711,3.45436,3.95443
PV α7 + SOM β2 + NDNF β2,prediction,3,27,1.78416,0.49188,1.63515,3.46317,3.98058
PV α7 + SOM β2 + NDNF β2,prediction,3,28,1.71679,0.483179,1.61848,3.44136,3.9241
PV α7 + SOM β2 + NDNF β2,prediction,3,29,1.72262,0.484347,1.62067,3.44369,3.92781
PV α7 + SOM β2 + NDNF β2,prediction,3,30,1.74112,0.4865,1.62474,3.44787,3.94645
PV α7 + SOM β2 + NDNF β2,prediction,3,31,1.72659,0.484069,1.62041,3.44597,3.92974
PV α7 + SOM β2 + NDNF β2,prediction,3,32,1.76077,0.48914,1.63048,3.4589,3.96914
PV α7 + SOM β2 + NDNF β2,prediction,3,33,1.76049,0.489865,1.6314,3.4553,3.9697
PV α7 + SOM β2 + NDNF β2,prediction,3,34,1.75627,0.48864,1.62901,3.45347,3.96242
PV α7 + SOM β2 + NDNF β2,prediction,3,35,1.72292,0.484023,1.61987,3.44301,3.92787
PV α7 + SOM β2 + NDNF β2,prediction,3,36,1.76268,0.488722,1.62926,3.45585,3.96287
PV α7 + SOM β2 + NDNF β2,prediction,3,37,1.73378,0.485541,1.6242,3.45158,3.94484
PV α7 + SOM β2 + NDNF β2,prediction,3,38,1.78449,0.491837,1.63465,3.46208,3.97998
PV α7 + SOM β2 + NDNF β2,prediction,3,39,1.76417,0.488792,1.62924,3.45748,3.96218
PV α7 + SOM β2 + NDNF β2,prediction,3,40,1.74852,0.487794,1.62687,3.4492,3.95468
PV α7 + SOM β2 + NDNF β2,prediction,3,41,1.75031,0.487261,1.6262,3.4508,3.95207
PV α7 + SOM β2 + NDNF β2,prediction,3,42,1.77175,0.490179,1.63176,3.45876,3.97039
PV α7 + SOM β2 + NDNF β2,prediction,3,43,1.72735,0.484753,1.62136,3.44436,3.93269
PV α7 + SOM β2 + NDNF β2,prediction,3,44,1.76645,0.489344,1.63039,3.45811,3.96783
PV α7 + SOM β2 + NDNF β2,prediction,3,45,1.76653,0.489583,1.63123,3.45954,3.97231
PV α7 + SOM β2 + NDNF β2,prediction,3,46,1.76033,0.489354,1.6305,3.45591,3.96945
PV α7 + SOM β2 + NDNF β2,prediction,3,47,1.74298,0.486622,1.62534,3.45012,3.9469
PV α7 + SOM β2 + NDNF β2,prediction,3,48,1.77449,0.491275,1.63398,3.45992,3.98212
PV α7 + SOM β2 + NDNF β2,prediction,3,49,1.73947,0.486098,1.62451,3.45094,3.94339
PV α7 + VIP α5 + NDNF α7,prediction,3,0,1.40032,4.87263,3.86851,0.0510044,1.0609
PV α7 + VIP α5 + NDNF α7,prediction,3,1,1.39455,4.87099,3.86613,0.0509991,1.05719
PV α7 + VIP α5 + NDNF α7,prediction,3,2,1.39327,4.87791,3.86919,0.0510365,1.05719
PV α7 + VIP α5 + NDNF α7,prediction,3,3,1.42093,4.9141,3.88603,0.0515829,1.05355
PV α7 + VIP α5 + NDNF α7,prediction,3,4,1.39603,4.86597,3.86448,0.0509134,1.06098
PV α7 + VIP α5 + NDNF α7,prediction,3,5,1.41057,4.89346,3.8743,0.0513597,1.0512
PV α7 + VIP α5 + NDNF α7,prediction,3,6,1.3817,4.85707,3.85886,0.0507544,1.05906
PV α7 + VIP α5 + NDNF α7,prediction,3,7,1.38905,4.85077,3.85809,0.0507515,1.06207
PV α7 + VIP α5 + NDNF α7,prediction,3,8,1.39229,4.87691,3.87078,0.0509924,1.06015
PV α7 + VIP α5 + NDNF α7,prediction,3,9,1.39162,4.87105,3.86465,0.0510219,1.05489
PV α7 + VIP α5 + NDNF α7,prediction,3,10,1.37503,4.82653,3.84377,0.0504903,1.05963
PV α7 + VIP α5 + NDNF α7,prediction,3,11,1.37722,4.83348,3.84918,0.050533,1.06262
PV α7 + VIP α5 + NDNF α7,prediction,3,12,1.38346,4.84145,3.85041,0.0506794,1.05827
PV α7 + VIP α5 + NDNF α7,prediction,3,13,1.3733,4.83218,3.84779,0.0504921,1.0623
PV α7 + VIP α5 + NDNF α7,prediction,3,14,1.39259,4.86571,3.86372,0.0509148,1.05922
PV α7 + VIP α5 + NDNF α7,prediction,3,15,1.38349,4.84321,3.85192,0.0506654,1.05983
PV α7 + VIP α5 + NDNF α7,prediction,3,16,1.40689,4.9073,3.88232,0.0514204,1.05297
PV α7 + VIP α5 + NDNF α7,prediction,3,17,1.40833,4.90491,3.88088,0.0514159,1.0519
PV α7 + VIP α5 + NDNF α7,prediction,3,18,1.40672,4.89388,3.87632,0.0512839,1.05453
PV α7 + VIP α5 + NDNF α7,prediction,3,19,1.40318,4.88045,3.8724,0.0511127,1.05981
PV α7 + VIP α5 + NDNF α7,prediction,3,20,1.37197,4.82917,3.84624,0.0504525,1.06186
PV α7 + VIP α5 + NDNF α7,prediction,3,21,1.40255,4.8772,3.87069,0.0510799,1.0606
PV α7 + VIP α5 + NDNF α7,prediction,3,22,1.41381,4.90735,3.88222,0.0514553,1.05343
PV α7 + VIP α5 + NDNF α7,prediction,3,23,1.41555,4.92004,3.88881,0.0515902,1.05242
PV α7 + VIP α5 + NDNF α7,prediction,3,24,1.36069,4.8095,3.83516,0.0502025,1.0614
PV α7 + VIP α5 + NDNF α7,prediction,3,25,1.38048,4.84328,3.85366,0.0506365,1.06049
PV α7 + VIP α5 + NDNF α7,prediction,3,26,1.39637,4.8671,3.8633,0.0510011,1.05634
PV α7 + VIP α5 + NDNF α7,prediction,3,27,1.3781,4.85373,3.85798,0.0506869,1.06077
PV α7 + VIP α5 + NDNF α7,prediction,3,28,1.41114,4.901,3.87984,0.0513747,1.05397
PV α7 + VIP α5 + NDNF α7,prediction,3,29,1.38461,4.85061,3.8572,0.0507169,1.06198
PV α7 + VIP α5 + NDNF α7,prediction,3,30,1.42282,4.91595,3.8863,0.0516217,1.05141
PV α7 + VIP α5 + NDNF α7,prediction,3,31,1.39483,4.86628,3.86432,0.050956,1.05963
PV α7 + VIP α5 + NDNF α7,prediction,3,32,1.3915,4.86284,3.86178,0.0509128,1.05742
PV α7 + VIP α5 + NDNF α7,prediction,3,33,1.40023,4.88027,3.87012,0.0511322,1.05607
PV α7 + VIP α5 + NDNF α7,prediction,3,34,1.37318,4.82545,3.84485,0.050451,1.06108
PV α7 + VIP α5 + NDNF α7,prediction,3,35,1.37729,4.83354,3.84867,0.0505363,1.06146
PV α7 + VIP α5 + NDNF α7,prediction,3,36,1.38441,4.85936,3.86065,0.0508034,1.05884
PV α7 + VIP α5 + NDNF α7,prediction,3,37,1.39964,4.88048,3.86952,0.0511508,1.05428
PV α7 + VIP α5 + NDNF α7,prediction,3,38,1.38881,4.86363,3.86631,0.0508204,1.06443
PV α7 + VIP α5 + NDNF α7,prediction,3,39,1.37411,4.83897,3.85249,0.050523,1.06279
PV α7 + VIP α5 + NDNF α7,prediction,3,40,1.39704,4.86056,3.86057,0.0509366,1.05794
PV α7 + VIP α5 + NDNF α7,prediction,3,41,1.37235,4.8302,3.84655,0.0504761,1.06118
PV α7 + VIP α5 + NDNF α7,prediction,3,42,1.39816,4.87179,3.86688,0.0510244,1.05785
PV α7 + VIP α5 + NDNF α7,prediction,3,43,1.41486,4.89848,3.87759,0.0514053,1.05342
PV α7 + VIP α5 + NDNF α7,prediction,3,44,1.3727,4.82296,3.84441,0.0503884,1.06483
PV α7 + VIP α5 + NDNF α7,prediction,3,45,1.40374,4.88908,3.87406,0.0512297,1.05524
PV α7 + VIP α5 + NDNF α7,prediction,3,46,1.38465,4.85753,3.86049,0.0507857,1.05975
PV α7 + VIP α5 + NDNF α7,prediction,3,47,1.39359,4.87556,3.86495,0.0510889,1.05154
PV α7 + VIP α5 + NDNF α7,prediction,3,48,1.40765,4.90038,3.88045,0.0513391,1.05543
PV α7 + VIP α5 + NDNF α7,prediction,3,49,1.39129,4.86384,3.86154,0.0509226,1.05633
PV α7 + VIP α5 + NDNF β2,prediction,3,0,0.970686,4.80547,2.84994,0.0574418,0.285658
PV α7 + VIP α5 + NDNF β2,prediction,3,1,0.959494,4.76196,2.83373,0.0568624,0.288597
PV α7 + VIP α5 + NDNF β2,prediction,3,2,0.948547,4.73917,2.82746,0.0564635,0.292036
PV α7 + VIP α5 + NDNF β2,prediction,3,3,0.976405,4.8057,2.85117,0.0574692,0.286551
PV α7 + VIP α5 + NDNF β2,prediction,3,4,0.974494,4.80371,2.84775,0.057493,0.285099
PV α7 + VIP α5 + NDNF β2,prediction,3,5,0.960156,4.7627,2.83514,0.0568455,0.289534
PV α7 + VIP α5 + NDNF β2,prediction,3,6,0.972232,4.79372,2.84549,0.0573311,0.286536
PV α7 + VIP α5 + NDNF β2,prediction,3,7,0.958756,4.74613,2.83109,0.0566564,0.291122
PV α7 + VIP α5 + NDNF β2,prediction,3,8,0.963359,4.76574,2.83659,0.0569292,0.289128
PV α7 + VIP α5 + NDNF β2,prediction,3,9,0.976353,4.818,2.85416,0.0576402,0.284857
PV α7 + VIP α5 + NDNF β2,prediction,3,10,0.968502,4.79314,2.84526,0.0572732,0.286823
PV α7 + VIP α5 + NDNF β2,prediction,3,11,0.971243,4.79319,2.8448,0.0573174,0.286197
PV α7 + VIP α5 + NDNF β2,prediction,3,12,0.971769,4.82093,2.85128,0.0576954,0.281784
PV α7 + VIP α5 + NDNF β2,prediction,3,13,0.953848,4.75844,2.83457,0.0567367,0.290131
PV α7 + VIP α5 + NDNF β2,prediction,3,14,0.968729,4.79862,2.84646,0.0573639,0.285764
PV α7 + VIP α5 + NDNF β2,prediction,3,15,0.970874,4.80207,2.84541,0.0574678,0.283761
PV α7 + VIP α5 + NDNF β2,prediction,3,16,0.97099,4.80056,2.84587,0.0574343,0.284647
PV α7 + VIP α5 + NDNF β2,prediction,3,17,0.969411,4.79611,2.84479,0.0573616,0.285344
PV α7 + VIP α5 + NDNF β2,prediction,3,18,0.964067,4.78295,2.84205,0.0570948,0.287963
PV α7 + VIP α5 + NDNF β2,prediction,3,19,0.969009,4.78407,2.84298,0.0571607,0.288033
PV α7 + VIP α5 + NDNF β2,prediction,3,20,0.966552,4.79069,2.84374,0.05723,0.286592
PV α7 + VIP α5 + NDNF β2,prediction,3,21,0.970947,4.79058,2.84485,0.0572706,0.287247
PV α7 + VIP α5 + NDNF β2,prediction,3,22,0.969085,4.78587,2.84278,0.0572316,0.286916
PV α7 + VIP α5 + NDNF β2,prediction,3,23,0.969276,4.78275,2.84463,0.0571004,0.289578
PV α7 + VIP α5 + NDNF β2,prediction,3,24,0.970231,4.79296,2.8456,0.0572828,0.287019
PV α7 + VIP α5 + NDNF β2,prediction,3,25,0.96023,4.77619,2.83772,0.0570393,0.28689
PV α7 + VIP α5 + NDNF β2,prediction,3,26,0.965171,4.78456,2.84323,0.0571423,0.288203
PV α7 + VIP α5 + NDNF β2,prediction,3,27,0.966677,4.78291,2.84313,0.0571145,0.288407
PV α7 + VIP α5 + NDNF β2,prediction,3,28,0.968536,4.80483,2.84811,0.057424,0.285246
PV α7 + VIP α5 + NDNF β2,prediction,3,29,0.962712,4.77421,2.83909,0.056976,0.288947
PV α7 + VIP α5 + NDNF β2,prediction,3,30,0.967663,4.78582,2.84212,0.0571915,0.287064
PV α7 + VIP α5 + NDNF β2,prediction,3,31,0.969756,4.79271,2.84616,0.057263,0.287709
PV α7 + VIP α5 + NDNF β2,prediction,3,32,0.980953,4.81991,2.85333,0.057739,0.283557
PV α7 + VIP α5 + NDNF β2,prediction,3,33,0.955995,4.7592,2.83559,0.0567318,0.291043
PV α7 + VIP α5 + NDNF β2,prediction,3,34,0.958001,4.75999,2.83579,0.056777,0.290691
PV α7 + VIP α5 + NDNF β2,prediction,3,35,0.967283,4.78897,2.84376,0.057225,0.287395
PV α7 + VIP α5 + NDNF β2,prediction,3,36,0.960585,4.76385,2.83572,0.0568809,0.289268
PV α7 + VIP α5 + NDNF β2,prediction,3,37,0.958918,4.7576,2.83535,0.0567495,0.290852
PV α7 + VIP α5 + NDNF β2,prediction,3,38,0.957891,4.74931,2.83189,0.0566444,0.291629
PV α7 + VIP α5 + NDNF β2,prediction,3,39,0.963231,4.76658,2.8376,0.0569082,0.289651
PV α7 + VIP α5 + NDNF β2,prediction,3,40,0.959782,4.77412,2.83927,0.0569464,0.288701
PV α7 + VIP α5 + NDNF β2,prediction,3,41,0.969934,4.78306,2.84247,0.0571822,0.287802
PV α7 + VIP α5 + NDNF β2,prediction,3,42,0.95391,4.76516,2.83546,0.0568191,0.28904
PV α7 + VIP α5 + NDNF β2,prediction,3,43,0.963144,4.7767,2.84143,0.0569896,0.289844
PV α7 + VIP α5 + NDNF β2,prediction,3,44,0.958006,4.77714,2.83683,0.0570638,0.285859
PV α7 + VIP α5 + NDNF β2,prediction,3,45,0.96344,4.76821,2.83752,0.0569616,0.288962
PV α7 + VIP α5 + NDNF β2,prediction,3,46,0.978419,4.82247,2.85469,0.0577146,0.283869
PV α7 + VIP α5 + NDNF β2,prediction,3,47,0.964279,4.78268,2.84017,0.0571417,0.286661
PV α7 + VIP α5 + NDNF β2,prediction,3,48,0.948676,4.7259,2.82218,0.0563722,0.291487
PV α7 + VIP α5 + NDNF β2,prediction,3,49,0.961322,4.76755,2.83563,0.0569343,0.288007
PV α7 + NDNF α7 + NDNF β2,prediction,3,0,2.08417,0.426773,0.96452,6.7877,3.23245
PV α7 + NDNF α7 + NDNF β2,prediction,3,1,2.04082,0.426671,0.962802,6.74352,3.1954
PV α7 + NDNF α7 + NDNF β2,prediction,3,2,2.0809,0.426897,0.964412,6.7799,3.22699
PV α7 + NDNF α7 + NDNF β2,prediction,3,3,2.05022,0.426761,0.963303,6.74882,3.2023
PV α7 + NDNF α7 + NDNF β2,prediction,3,4,2.03494,0.426975,0.963411,6.74031,3.19187
PV α7 + NDNF α7 + NDNF β2,prediction,3,5,2.08369,0.426939,0.964808,6.79718,3.23525
PV α7 + NDNF α7 + NDNF β2,prediction,3,6,2.07192,0.427467,0.965038,6.7738,3.21883
PV α7 + NDNF α7 + NDNF β2,prediction,3,7,2.07876,0.426606,0.963902,6.78736,3.22949
PV α7 + NDNF α7 + NDNF β2,prediction,3,8,2.0589,0.427678,0.965128,6.7604,3.21
PV α7 + NDNF α7 + NDNF β2,prediction,3,9,2.07946,0.428191,0.966503,6.77832,3.22279
PV α7 + NDNF α7 + NDNF β2,prediction,3,10,2.11804,0.425354,0.963031,6.82119,3.25822
PV α7 + NDNF α7 + NDNF β2,prediction,3,11,2.04424,0.429155,0.966913,6.74057,3.19292
PV α7 + NDNF α7 + NDNF β2,prediction,3,12,2.09809,0.425745,0.962894,6.79133,3.23558
PV α7 + NDNF α7 + NDNF β2,prediction,3,13,2.05795,0.426833,0.963357,6.75003,3.20331
PV α7 + NDNF α7 + NDNF β2,prediction,3,14,2.06198,0.427236,0.964409,6.76208,3.21112
PV α7 + NDNF α7 + NDNF β2,prediction,3,15,2.0492,0.428124,0.965354,6.74905,3.19884
PV α7 + NDNF α7 + NDNF β2,prediction,3,16,2.0812,0.427229,0.964898,6.78162,3.22524
PV α7 + NDNF α7 + NDNF β2,prediction,3,17,2.09791,0.427232,0.965265,6.79029,3.235
PV α7 + NDNF α7 + NDNF β2,prediction,3,18,2.03507,0.427964,0.964761,6.73164,3.18678
PV α7 + NDNF α7 + NDNF β2,prediction,3,19,2.04688,0.429817,0.968211,6.74237,3.19427
PV α7 + NDNF α7 + NDNF β2,prediction,3,20,2.09218,0.427186,0.965194,6.78907,3.23375
PV α7 + NDNF α7 + NDNF β2,prediction,3,21,2.1091,0.426874,0.965372,6.81788,3.25284
PV α7 + NDNF α7 + NDNF β2,prediction,3,22,2.0749,0.426379,0.963572,6.77988,3.22548
PV α7 + NDNF α7 + NDNF β2,prediction,3,23,2.05553,0.427175,0.964323,6.76529,3.21227
PV α7 + NDNF α7 + NDNF β2,prediction,3,24,2.09102,0.426718,0.964252,6.7891,3.23584
PV α7 + NDNF α7 + NDNF β2,prediction,3,25,2.0077,0.429426,0.966344,6.7038,3.16249
PV α7 + NDNF α7 + NDNF β2,prediction,3,26,2.09592,0.427331,0.965478,6.79121,3.23431
PV α7 + NDNF α7 + NDNF β2,prediction,3,27,2.06628,0.427952,0.965737,6.76626,3.21544
PV α7 + NDNF α7 + NDNF β2,prediction,3,28,2.11213,0.426309,0.964445,6.81808,3.25627
PV α7 + NDNF α7 + NDNF β2,prediction,3,29,2.09253,0.427272,0.965297,6.79132,3.2346
PV α7 + NDNF α7 + NDNF β2,prediction,3,30,2.12332,0.426266,0.964431,6.82109,3.25854
PV α7 + NDNF α7 + NDNF β2,prediction,3,31,2.08444,0.427897,0.966557,6.79485,3.23457
PV α7 + NDNF α7 + NDNF β2,prediction,3,32,2.0549,0.427471,0.964669,6.75449,3.20331
PV α7 + NDNF α7 + NDNF β2,prediction,3,33,2.10181,0.426952,0.965399,6.80968,3.24722
PV α7 + NDNF α7 + NDNF β2,prediction,3,34,2.03184,0.427662,0.964005,6.72421,3.18505
PV α7 + NDNF α7 + NDNF β2,prediction,3,35,2.04992,0.427871,0.96478,6.74631,3.19615
PV α7 + NDNF α7 + NDNF β2,prediction,3,36,2.08137,0.427265,0.965246,6.79016,3.23162
PV α7 + NDNF α7 + NDNF β2,prediction,3,37,2.09545,0.426645,0.964568,6.80018,3.24197
PV α7 + NDNF α7 + NDNF β2,prediction,3,38,2.08109,0.427227,0.965041,6.78482,3.22844
PV α7 + NDNF α7 + NDNF β2,prediction,3,39,2.03306,0.427421,0.963874,6.73666,3.19067
PV α7 + NDNF α7 + NDNF β2,prediction,3,40,2.10441,0.426926,0.96531,6.81083,3.24787
PV α7 + NDNF α7 + NDNF β2,prediction,3,41,2.10206,0.427801,0.966813,6.81427,3.24854
PV α7 + NDNF α7 + NDNF β2,prediction,3,42,2.0862,0.427796,0.966148,6.79266,3.23314
PV α7 + NDNF α7 + NDNF β2,prediction,3,43,2.02794,0.428422,0.965706,6.7364,3.18738
PV α7 + NDNF α7 + NDNF β2,prediction,3,44,2.05396,0.426732,0.96349,6.76178,3.21007
PV α7 + NDNF α7 + NDNF β2,prediction,3,45,2.05248,0.427744,0.964917,6.75156,3.20227
PV α7 + NDNF α7 + NDNF β2,prediction,3,46,2.03882,0.427821,0.964477,6.73306,3.18811
PV α7 + NDNF α7 + NDNF β2,prediction,3,47,2.07977,0.426319,0.963704,6.78821,3.23149
PV α7 + NDNF α7 + NDNF β2,prediction,3,48,2.07424,0.428372,0.966384,6.76792,3.21508
PV α7 + NDNF α7 + NDNF β2,prediction,3,49,2.06182,0.427481,0.964801,6.75782,3.20844
SOM α7 + SOM β2 + VIP α5,prediction,3,0,1.60409,0.0194058,3.22445,0.00273845,6.70797
SOM α7 + SOM β2 + VIP α5,prediction,3,1,1.61328,0.019459,3.22643,0.0027128,6.72735
SOM α7 + SOM β2 + VIP α5,prediction,3,2,1.62739,0.0195361,3.2359,0.00271602,6.74983
SOM α7 + SOM β2 + VIP α5,prediction,3,3,1.63562,0.0196002,3.23977,0.00268404,6.77563
SOM α7 + SOM β2 + VIP α5,prediction,3,4,1.58799,0.0193148,3.21165,0.00274501,6.67725
SOM α7 + SOM β2 + VIP α5,prediction,3,5,1.62835,0.0195582,3.23313,0.0026876,6.76149
SOM α7 + SOM β2 + VIP α5,prediction,3,6,1.61961,0.0194692,3.22961,0.00272867,6.72639
SOM α7 + SOM β2 + VIP α5,prediction,3,7,1.59499,0.0193615,3.21836,0.00274005,6.69561
SOM α7 + SOM β2 + VIP α5,prediction,3,8,1.59747,0.0194096,3.22326,0.00272801,6.7173
SOM α7 + SOM β2 + VIP α5,prediction,3,9,1.61108,0.0194207,3.22245,0.00272146,6.71108
SOM α7 + SOM β2 + VIP α5,prediction,3,10,1.61096,0.0194449,3.22753,0.00272921,6.72117
SOM α7 + SOM β2 + VIP α5,prediction,3,11,1.57906,0.019259,3.21209,0.0027809,6.65746
SOM α7 + SOM β2 + VIP α5,prediction,3,12,1.61408,0.0194641,3.2274,0.00272452,6.72473
SOM α7 + SOM β2 + VIP α5,prediction,3,13,1.626,0.0195703,3.23636,0.00268307,6.77108
SOM α7 + SOM β2 + VIP α5,prediction,3,14,1.59951,0.0193834,3.21964,0.00273353,6.70069
SOM α7 + SOM β2 + VIP α5,prediction,3,15,1.64964,0.0196769,3.24513,0.00265802,6.80307
SOM α7 + SOM β2 + VIP α5,prediction,3,16,1.61191,0.0194584,3.22559,0.00270987,6.72845
SOM α7 + SOM β2 + VIP α5,prediction,3,17,1.62884,0.019559,3.23335,0.00268801,6.76113
SOM α7 + SOM β2 + VIP α5,prediction,3,18,1.62134,0.0195274,3.23295,0.00269581,6.75424
SOM α7 + SOM β2 + VIP α5,prediction,3,19,1.6515,0.0197044,3.24648,0.00264858,6.81377
SOM α7 + SOM β2 + VIP α5,prediction,3,20,1.63246,0.0195843,3.23689,0.00267589,6.77241
SOM α7 + SOM β2 + VIP α5,prediction,3,21,1.58069,0.0192639,3.21142,0.00277814,6.65751
SOM α7 + SOM β2 + VIP α5,prediction,3,22,1.61365,0.0194569,3.22784,0.0027251,6.72571
SOM α7 + SOM β2 + VIP α5,prediction,3,23,1.62356,0.0195169,3.22846,0.0026888,6.74601
SOM α7 + SOM β2 + VIP α5,prediction,3,24,1.60418,0.0194198,3.22374,0.00272244,6.7147
SOM α7 + SOM β2 + VIP α5,prediction,3,25,1.6231,0.0195666,3.23859,0.00269317,6.77073
SOM α7 + SOM β2 + VIP α5,prediction,3,26,1.62209,0.0195313,3.23261,0.00269386,6.7558
SOM α7 + SOM β2 + VIP α5,prediction,3,27,1.58786,0.0193147,3.21634,0.00276522,6.677
SOM α7 + SOM β2 + VIP α5,prediction,3,28,1.6121,0.01948,3.22957,0.00271514,6.73808
SOM α7 + SOM β2 + VIP α5,prediction,3,29,1.61652,0.0194997,3.22845,0.00269727,6.7445
SOM α7 + SOM β2 + VIP α5,prediction,3,30,1.59162,0.019349,3.21735,0.00274902,6.69035
SOM α7 + SOM β2 + VIP α5,prediction,3,31,1.62823,0.0195465,3.23404,0.00268964,6.75772
SOM α7 + SOM β2 + VIP α5,prediction,3,32,1.61439,0.0194827,3.22765,0.00270217,6.73784
SOM α7 + SOM β2 + VIP α5,prediction,3,33,1.60814,0.0194525,3.22501,0.00271089,6.72978
SOM α7 + SOM β2 + VIP α5,prediction,3,34,1.5963,0.0193529,3.21886,0.00274877,6.69018
SOM α7 + SOM β2 + VIP α5,prediction,3,35,1.63212,0.0195613,3.23522,0.00268833,6.76075
SOM α7 + SOM β2 + VIP α5,prediction,3,36,1.63499,0.0195873,3.23657,0.00267741,6.77138
SOM α7 + SOM β2 + VIP α5,prediction,3,37,1.59636,0.0193518,3.21844,0.00274973,6.69007
SOM α7 + SOM β2 + VIP α5,prediction,3,38,1.62387,0.0195061,3.23296,0.00271522,6.73924
SOM α7 + SOM β2 + VIP α5,prediction,3,39,1.62964,0.019536,3.22848,0.00268595,6.74813
SOM α7 + SOM β2 + VIP α5,prediction,3,40,1.60702,0.0194589,3.22648,0.00270623,6.73514
SOM α7 + SOM β2 + VIP α5,prediction,3,41,1.61253,0.0194683,3.22679,0.00270931,6.73375
SOM α7 + SOM β2 + VIP α5,prediction,3,42,1.61587,0.0195068,3.23056,0.00270027,6.74598
SOM α7 + SOM β2 + VIP α5,prediction,3,43,1.58665,0.0192879,3.2148,0.0027761,6.66515
SOM α7 + SOM β2 + VIP α5,prediction,3,44,1.61161,0.0194711,3.22835,0.00270945,6.73613
SOM α7 + SOM β2 + VIP α5,prediction,3,45,1.60399,0.0194205,3.22544,0.00273615,6.71515
SOM α7 + SOM β2 + VIP α5,prediction,3,46,1.61585,0.0195,3.23208,0.00270994,6.74711
SOM α7 + SOM β2 + VIP α5,prediction,3,47,1.57858,0.0192827,3.21021,0.00276044,6.66888
SOM α7 + SOM β2 + VIP α5,prediction,3,48,1.61894,0.0195183,3.2323,0.00269623,6.75314
SOM α7 + SOM β2 + VIP α5,prediction,3,49,1.60344,0.0194003,3.22226,0.0027377,6.70405
SOM α7 + SOM β2 + NDNF α7,prediction,3,0,2.0256,0.00190625,1.98311,4.89426,5.06698
SOM α7 + SOM β2 + NDNF α7,prediction,3,1,2.02942,0.0019091,1.98559,4.89805,5.07408
SOM α7 + SOM β2 + NDNF α7,prediction,3,2,2.02038,0.00190452,1.9823,4.89626,5.06068
SOM α7 + SOM β2 + NDNF α7,prediction,3,3,2.08143,0.00190523,1.9978,4.92987,5.1406
SOM α7 + SOM β2 + NDNF α7,prediction,3,4,2.02715,0.00190768,1.98499,4.89897,5.08168
SOM α7 + SOM β2 + NDNF α7,prediction,3,5,2.08485,0.00190778,1.99684,4.92535,5.13847
SOM α7 + SOM β2 + NDNF α7,prediction,3,6,2.02831,0.00190674,1.98469,4.89691,5.07353
SOM α7 + SOM β2 + NDNF α7,prediction,3,7,2.06175,0.00190663,1.99206,4.91501,5.11409
SOM α7 + SOM β2 + NDNF α7,prediction,3,8,2.04927,0.00190589,1.98938,4.90903,5.09409
SOM α7 + SOM β2 + NDNF α7,prediction,3,9,2.00059,0.0019058,1.9785,4.88465,5.03455
SOM α7 + SOM β2 + NDNF α7,prediction,3,10,2.04587,0.00190879,1.98539,4.89797,5.08665
SOM α7 + SOM β2 + NDNF α7,prediction,3,11,1.99785,0.00190902,1.97806,4.88405,5.03299
SOM α7 + SOM β2 + NDNF α7,prediction,3,12,2.01256,0.00190954,1.97963,4.8827,5.04504
SOM α7 + SOM β2 + NDNF α7,prediction,3,13,1.9989,0.00190742,1.97825,4.88398,5.03478
SOM α7 + SOM β2 + NDNF α7,prediction,3,14,2.01565,0.00190502,1.97991,4.89076,5.04747
SOM α7 + SOM β2 + NDNF α7,prediction,3,15,2.01498,0.00190748,1.98101,4.89023,5.05254
SOM α7 + SOM β2 + NDNF α7,prediction,3,16,2.04257,0.00190213,1.98786,4.91103,5.08813
SOM α7 + SOM β2 + NDNF α7,prediction,3,17,2.03145,0.00190732,1.98583,4.89873,5.07391
SOM α7 + SOM β2 + NDNF α7,prediction,3,18,2.00607,0.00190509,1.98014,4.89027,5.04345
SOM α7 + SOM β2 + NDNF α7,prediction,3,19,2.01743,0.00190439,1.98086,4.89029,5.05031
SOM α7 + SOM β2 + NDNF α7,prediction,3,20,2.04061,0.00190404,1.98763,4.91071,5.09296
SOM α7 + SOM β2 + NDNF α7,prediction,3,21,2.0224,0.00190976,1.98371,4.89207,5.06906
SOM α7 + SOM β2 + NDNF α7,prediction,3,22,2.04944,0.00190471,1.98918,4.91057,5.09939
SOM α7 + SOM β2 + NDNF α7,prediction,3,23,2.03587,0.00190586,1.98483,4.90125,5.07189
SOM α7 + SOM β2 + NDNF α7,prediction,3,24,2.03175,0.00190635,1.98489,4.90238,5.07799
SOM α7 + SOM β2 + NDNF α7,prediction,3,25,2.05482,0.00190544,1.98952,4.90984,5.10314
SOM α7 + SOM β2 + NDNF α7,prediction,3,26,1.99764,0.00190858,1.97799,4.88644,5.03955
SOM α7 + SOM β2 + NDNF α7,prediction,3,27,2.04003,0.00190483,1.98697,4.90793,5.08296
SOM α7 + SOM β2 + NDNF α7,prediction,3,28,2.02852,0.00190677,1.98458,4.89829,5.06929
SOM α7 + SOM β2 + NDNF α7,prediction,3,29,2.03438,0.0019057,1.98457,4.89678,5.0703
SOM α7 + SOM β2 + NDNF α7,prediction,3,30,2.04544,0.00190518,1.9884,4.90864,5.0846
SOM α7 + SOM β2 + NDNF α7,prediction,3,31,2.04757,0.00190317,1.98684,4.90862,5.08913
SOM α7 + SOM β2 + NDNF α7,prediction,3,32,2.01822,0.00190617,1.98092,4.89268,5.0604
SOM α7 + SOM β2 + NDNF α7,prediction,3,33,2.0043,0.00190748,1.97804,4.87879,5.03328
SOM α7 + SOM β2 + NDNF α7,prediction,3,34,1.9945,0.00190902,1.97583,4.87697,5.02137
SOM α7 + SOM β2 + NDNF α7,prediction,3,35,2.05663,0.00190422,1.98929,4.91022,5.10299
SOM α7 + SOM β2 + NDNF α7,prediction,3,36,2.02064,0.00190575,1.98386,4.89724,5.06374
SOM α7 + SOM β2 + NDNF α7,prediction,3,37,2.03239,0.00190764,1.98433,4.89568,5.07321
SOM α7 + SOM β2 + NDNF α7,prediction,3,38,2.02032,0.00190532,1.98287,4.89607,5.05721
SOM α7 + SOM β2 + NDNF α7,prediction,3,39,2.02196,0.00190827,1.9825,4.89187,5.05883
SOM α7 + SOM β2 + NDNF α7,prediction,3,40,2.03626,0.0019047,1.98684,4.90769,5.08286
SOM α7 + SOM β2 + NDNF α7,prediction,3,41,2.03237,0.00190403,1.98334,4.89823,5.07
SOM α7 + SOM β2 + NDNF α7,prediction,3,42,2.02755,0.00190676,1.98619,4.90237,5.07788
SOM α7 + SOM β2 + NDNF α7,prediction,3,43,2.02702,0.00190572,1.98165,4.88781,5.05268
SOM α7 + SOM β2 + NDNF α7,prediction,3,44,2.09591,0.00190554,1.99918,4.93305,5.1478
SOM α7 + SOM β2 + NDNF α7,prediction,3,45,2.03869,0.00190741,1.98619,4.90081,5.07665
SOM α7 + SOM β2 + NDNF α7,prediction,3,46,2.04324,0.00190527,1.98836,4.9116,5.09079
SOM α7 + SOM β2 + NDNF α7,prediction,3,47,2.02701,0.00190562,1.98306,4.89733,5.0714
SOM α7 + SOM β2 + NDNF α7,prediction,3,48,2.02504,0.00190375,1.98291,4.89712,5.05802
SOM α7 + SOM β2 + NDNF α7,prediction,3,49,2.01708,0.00190494,1.98116,4.89068,5.05211
SOM α7 + SOM β2 + NDNF β2,prediction,3,0,1.80084,0.00633106,2.38562,2.38831,5.02915
SOM α7 + SOM β2 + NDNF β2,prediction,3,1,1.7881,0.00630099,2.38132,2.39349,5.01808
SOM α7 + SOM β2 + NDNF β2,prediction,3,2,1.81233,0.00636093,2.39181,2.38603,5.04754
SOM α7 + SOM β2 + NDNF β2,prediction,3,3,1.8184,0.00638672,2.39536,2.38048,5.05967
SOM α7 + SOM β2 + NDNF β2,prediction,3,4,1.7947,0.00631369,2.38146,2.38821,5.0196
SOM α7 + SOM β2 + NDNF β2,prediction,3,5,1.80334,0.00633274,2.38646,2.38899,5.03257
SOM α7 + SOM β2 + NDNF β2,prediction,3,6,1.80972,0.00636952,2.39104,2.38164,5.04345
SOM α7 + SOM β2 + NDNF β2,prediction,3,7,1.81086,0.00636193,2.39078,2.38363,5.04626
SOM α7 + SOM β2 + NDNF β2,prediction,3,8,1.77792,0.00629222,2.37616,2.38929,5.00252
SOM α7 + SOM β2 + NDNF β2,prediction,3,9,1.78178,0.00629327,2.37856,2.39242,5.00825
SOM α7 + SOM β2 + NDNF β2,prediction,3,10,1.80552,0.00637365,2.3917,2.38055,5.04609
SOM α7 + SOM β2 + NDNF β2,prediction,3,11,1.79793,0.00632554,2.38537,2.38997,5.02951
SOM α7 + SOM β2 + NDNF β2,prediction,3,12,1.8052,0.00635292,2.38617,2.3833,5.02691
SOM α7 + SOM β2 + NDNF β2,prediction,3,13,1.78522,0.00629211,2.37662,2.3922,5.00043
SOM α7 + SOM β2 + NDNF β2,prediction,3,14,1.78554,0.00628608,2.37653,2.39464,5.00125
SOM α7 + SOM β2 + NDNF β2,prediction,3,15,1.78973,0.00631934,2.38058,2.38683,5.01269
SOM α7 + SOM β2 + NDNF β2,prediction,3,16,1.7983,0.00632745,2.38264,2.38488,5.0219
SOM α7 + SOM β2 + NDNF β2,prediction,3,17,1.77877,0.00628793,2.37719,2.3934,5.00551
SOM α7 + SOM β2 + NDNF β2,prediction,3,18,1.79922,0.00633582,2.38467,2.38514,5.02603
SOM α7 + SOM β2 + NDNF β2,prediction,3,19,1.78028,0.00630364,2.37876,2.38996,5.01288
SOM α7 + SOM β2 + NDNF β2,prediction,3,20,1.76905,0.00626714,2.37143,2.39332,4.98591
SOM α7 + SOM β2 + NDNF β2,prediction,3,21,1.82514,0.00639998,2.39752,2.37969,5.06169
SOM α7 + SOM β2 + NDNF β2,prediction,3,22,1.78267,0.00631034,2.3782,2.38669,5.00506
SOM α7 + SOM β2 + NDNF β2,prediction,3,23,1.76938,0.00626424,2.37018,2.3934,4.98234
SOM α7 + SOM β2 + NDNF β2,prediction,3,24,1.76588,0.00626624,2.37024,2.39324,4.98153
SOM α7 + SOM β2 + NDNF β2,prediction,3,25,1.78358,0.0062933,2.37864,2.39441,5.00888
SOM α7 + SOM β2 + NDNF β2,prediction,3,26,1.78719,0.00630627,2.37953,2.39042,5.00978
SOM α7 + SOM β2 + NDNF β2,prediction,3,27,1.8204,0.00638358,2.39731,2.384,5.06505
SOM α7 + SOM β2 + NDNF β2,prediction,3,28,1.79672,0.00633541,2.38414,2.38572,5.02403
SOM α7 + SOM β2 + NDNF β2,prediction,3,29,1.80775,0.00637533,2.39059,2.38028,5.04106
SOM α7 + SOM β2 + NDNF β2,prediction,3,30,1.81249,0.00635759,2.39083,2.38597,5.04588
SOM α7 + SOM β2 + NDNF β2,prediction,3,31,1.79965,0.00634478,2.38597,2.38427,5.02819
SOM α7 + SOM β2 + NDNF β2,prediction,3,32,1.78283,0.00626877,2.37608,2.3985,5.00288
SOM α7 + SOM β2 + NDNF β2,prediction,3,33,1.76006,0.00625121,2.36831,2.39461,4.97817
SOM α7 + SOM β2 + NDNF β2,prediction,3,34,1.79925,0.00631614,2.3837,2.39193,5.02505
SOM α7 + SOM β2 + NDNF β2,prediction,3,35,1.77538,0.00626068,2.37344,2.39867,4.99413
SOM α7 + SOM β2 + NDNF β2,prediction,3,36,1.82054,0.00636114,2.39663,2.39123,5.06404
SOM α7 + SOM β2 + NDNF β2,prediction,3,37,1.82588,0.00637256,2.39955,2.39123,5.07281
SOM α7 + SOM β2 + NDNF β2,prediction,3,38,1.81471,0.00637573,2.39527,2.38491,5.05775
SOM α7 + SOM β2 + NDNF β2,prediction,3,39,1.79073,0.00630134,2.38105,2.3939,5.01856
SOM α7 + SOM β2 + NDNF β2,prediction,3,40,1.78415,0.00631417,2.37808,2.38284,5.01024
SOM α7 + SOM β2 + NDNF β2,prediction,3,41,1.78345,0.0063017,2.37924,2.38889,5.01074
SOM α7 + SOM β2 + NDNF β2,prediction,3,42,1.80532,0.00635062,2.38713,2.38469,5.03211
SOM α7 + SOM β2 + NDNF β2,prediction,3,43,1.78792,0.00629404,2.37819,2.39206,5.00652
SOM α7 + SOM β2 + NDNF β2,prediction,3,44,1.80654,0.00636342,2.38823,2.3809,5.035
SOM α7 + SOM β2 + NDNF β2,prediction,3,45,1.81128,0.0063587,2.39229,2.38586,5.0536
SOM α7 + SOM β2 + NDNF β2,prediction,3,46,1.80977,0.00635441,2.39223,2.38734,5.05101
SOM α7 + SOM β2 + NDNF β2,prediction,3,47,1.77744,0.00630085,2.37748,2.3868,5.00761
SOM α7 + SOM β2 + NDNF β2,prediction,3,48,1.81295,0.00637717,2.39173,2.38164,5.04527
SOM α7 + SOM β2 + NDNF β2,prediction,3,49,1.80493,0.00636386,2.38839,2.3814,5.03346
SOM α7 + VIP α5 + NDNF α7,prediction,3,0,2.02528,0.0775223,4.70035,0.0183802,4.97333
SOM α7 + VIP α5 + NDNF α7,prediction,3,1,2.03864,0.0777771,4.70846,0.0183689,4.98721
SOM α7 + VIP α5 + NDNF α7,prediction,3,2,2.02933,0.0776274,4.70444,0.0183741,4.98008
SOM α7 + VIP α5 + NDNF α7,prediction,3,3,1.98928,0.0767707,4.68048,0.0183861,4.93634
SOM α7 + VIP α5 + NDNF α7,prediction,3,4,1.98648,0.0766622,4.67425,0.018406,4.92459
SOM α7 + VIP α5 + NDNF α7,prediction,3,5,2.08008,0.0787834,4.74099,0.0183288,5.04652
SOM α7 + VIP α5 + NDNF α7,prediction,3,6,2.04245,0.0779877,4.71593,0.0183711,5.00072
SOM α7 + VIP α5 + NDNF α7,prediction,3,7,2.02005,0.0774562,4.70054,0.0183753,4.97255
SOM α7 + VIP α5 + NDNF α7,prediction,3,8,1.94763,0.075866,4.64619,0.0183945,4.87972
SOM α7 + VIP α5 + NDNF α7,prediction,3,9,2.04513,0.078093,4.72108,0.0183718,5.009
SOM α7 + VIP α5 + NDNF α7,prediction,3,10,1.9976,0.0769632,4.68465,0.0183802,4.94427
SOM α7 + VIP α5 + NDNF α7,prediction,3,11,1.99141,0.0767143,4.67534,0.0184,4.92751
SOM α7 + VIP α5 + NDNF α7,prediction,3,12,2.05145,0.078137,4.72317,0.0183867,5.00965
SOM α7 + VIP α5 + NDNF α7,prediction,3,13,2.02787,0.0776521,4.70654,0.0183715,4.98396
SOM α7 + VIP α5 + NDNF α7,prediction,3,14,2.00529,0.0771754,4.69301,0.0184262,4.95528
SOM α7 + VIP α5 + NDNF α7,prediction,3,15,1.98119,0.0766033,4.67216,0.0183717,4.92478
SOM α7 + VIP α5 + NDNF α7,prediction,3,16,2.05451,0.0782245,4.72358,0.0183453,5.01522
SOM α7 + VIP α5 + NDNF α7,prediction,3,17,1.99693,0.077026,4.68895,0.0184015,4.95031
SOM α7 + VIP α5 + NDNF α7,prediction,3,18,2.03958,0.0778868,4.71307,0.0183429,4.99708
SOM α7 + VIP α5 + NDNF α7,prediction,3,19,2.00015,0.0770632,4.68873,0.0183865,4.95146
SOM α7 + VIP α5 + NDNF α7,prediction,3,20,2.0148,0.0773085,4.69338,0.0183844,4.96057
SOM α7 + VIP α5 + NDNF α7,prediction,3,21,2.04789,0.0781321,4.72422,0.0183823,5.01177
SOM α7 + VIP α5 + NDNF α7,prediction,3,22,2.01327,0.0772969,4.69627,0.0183972,4.96246
SOM α7 + VIP α5 + NDNF α7,prediction,3,23,1.97001,0.0764161,4.66692,0.0183899,4.91478
SOM α7 + VIP α5 + NDNF α7,prediction,3,24,2.01085,0.0772358,4.69334,0.0183631,4.96091
SOM α7 + VIP α5 + NDNF α7,prediction,3,25,1.98401,0.076709,4.67719,0.0183841,4.93162
SOM α7 + VIP α5 + NDNF α7,prediction,3,26,2.02144,0.077475,4.70068,0.0183627,4.97382
SOM α7 + VIP α5 + NDNF α7,prediction,3,27,2.02026,0.0775088,4.70035,0.0183594,4.97493
SOM α7 + VIP α5 + NDNF α7,prediction,3,28,2.05907,0.0784034,4.72921,0.0183536,5.02537
SOM α7 + VIP α5 + NDNF α7,prediction,3,29,2.04638,0.0779825,4.71531,0.0183598,4.99989
SOM α7 + VIP α5 + NDNF α7,prediction,3,30,2.03254,0.0777335,4.70958,0.0183919,4.98653
SOM α7 + VIP α5 + NDNF α7,prediction,3,31,2.00692,0.0772454,4.69506,0.0183861,4.96176
SOM α7 + VIP α5 + NDNF α7,prediction,3,32,2.03012,0.077546,4.70018,0.0183851,4.97198
SOM α7 + VIP α5 + NDNF α7,prediction,3,33,2.04763,0.0781363,4.72222,0.0183471,5.01267
SOM α7 + VIP α5 + NDNF α7,prediction,3,34,2.00238,0.0770129,4.68583,0.0183919,4.94529
SOM α7 + VIP α5 + NDNF α7,prediction,3,35,1.99661,0.0768702,4.67838,0.018363,4.9366
SOM α7 + VIP α5 + NDNF α7,prediction,3,36,2.00811,0.0772703,4.69556,0.0183823,4.96355
SOM α7 + VIP α5 + NDNF α7,prediction,3,37,2.0382,0.0777487,4.70588,0.0183644,4.98394
SOM α7 + VIP α5 + NDNF α7,prediction,3,38,2.02591,0.0776306,4.7064,0.0183699,4.98328
SOM α7 + VIP α5 + NDNF α7,prediction,3,39,2.038,0.0778336,4.71237,0.018383,4.99207
SOM α7 + VIP α5 + NDNF α7,prediction,3,40,2.02576,0.0774921,4.69861,0.0183649,4.97092
SOM α7 + VIP α5 + NDNF α7,prediction,3,41,2.06503,0.0784308,4.72926,0.018367,5.02353
SOM α7 + VIP α5 + NDNF α7,prediction,3,42,2.02619,0.0776746,4.70664,0.0183586,4.98553
SOM α7 + VIP α5 + NDNF α7,prediction,3,43,1.99443,0.0768534,4.67764,0.0183775,4.93524
SOM α7 + VIP α5 + NDNF α7,prediction,3,44,2.01142,0.0772166,4.6916,0.0184154,4.95416
SOM α7 + VIP α5 + NDNF α7,prediction,3,45,2.05259,0.0781685,4.72274,0.0183739,5.01152
SOM α7 + VIP α5 + NDNF α7,prediction,3,46,1.99611,0.0769251,4.68127,0.0183845,4.94005
SOM α7 + VIP α5 + NDNF α7,prediction,3,47,2.04681,0.0780003,4.71517,0.0183475,5.00107
SOM α7 + VIP α5 + NDNF α7,prediction,3,48,2.02299,0.0775853,4.70499,0.0183771,4.98056
SOM α7 + VIP α5 + NDNF α7,prediction,3,49,2.05772,0.0783072,4.72856,0.018384,5.01965
SOM α7 + VIP α5 + NDNF β2,prediction,3,0,1.81314,0.0773877,3.39124,0.00684167,4.89096
SOM α7 + VIP α5 + NDNF β2,prediction,3,1,1.81762,0.0775869,3.39629,0.00683416,4.90346
SOM α7 + VIP α5 + NDNF β2,prediction,3,2,1.79231,0.0768712,3.38262,0.00690064,4.86158
SOM α7 + VIP α5 + NDNF β2,prediction,3,3,1.78626,0.0767936,3.38162,0.0069263,4.85692
SOM α7 + VIP α5 + NDNF β2,prediction,3,4,1.77691,0.0765819,3.37553,0.00692872,4.84463
SOM α7 + VIP α5 + NDNF β2,prediction,3,5,1.77952,0.0766683,3.3781,0.00691976,4.85069
SOM α7 + VIP α5 + NDNF β2,prediction,3,6,1.78656,0.0767069,3.38008,0.00692586,4.85179
SOM α7 + VIP α5 + NDNF β2,prediction,3,7,1.75878,0.0760992,3.36579,0.0069706,4.81762
SOM α7 + VIP α5 + NDNF β2,prediction,3,8,1.78668,0.0767915,3.38198,0.00692266,4.85764
SOM α7 + VIP α5 + NDNF β2,prediction,3,9,1.77927,0.0765013,3.37272,0.00691489,4.83971
SOM α7 + VIP α5 + NDNF β2,prediction,3,10,1.79092,0.0769185,3.38255,0.00688085,4.86753
SOM α7 + VIP α5 + NDNF β2,prediction,3,11,1.78881,0.0768605,3.38278,0.00691341,4.86196
SOM α7 + VIP α5 + NDNF β2,prediction,3,12,1.77798,0.0765058,3.373,0.00692618,4.83834
SOM α7 + VIP α5 + NDNF β2,prediction,3,13,1.8104,0.0774106,3.39535,0.00687914,4.89261
SOM α7 + VIP α5 + NDNF β2,prediction,3,14,1.7887,0.0768101,3.3822,0.00691391,4.85991
SOM α7 + VIP α5 + NDNF β2,prediction,3,15,1.76495,0.0762733,3.36888,0.00693849,4.82912
SOM α7 + VIP α5 + NDNF β2,prediction,3,16,1.80556,0.0772189,3.38879,0.00686672,4.88056
SOM α7 + VIP α5 + NDNF β2,prediction,3,17,1.79008,0.0768286,3.38052,0.00690062,4.85909
SOM α7 + VIP α5 + NDNF β2,prediction,3,18,1.7719,0.0764272,3.37286,0.00694015,4.83652
SOM α7 + VIP α5 + NDNF β2,prediction,3,19,1.74537,0.075755,3.35914,0.00698546,4.80051
SOM α7 + VIP α5 + NDNF β2,prediction,3,20,1.7876,0.0767357,3.37591,0.00690013,4.84965
SOM α7 + VIP α5 + NDNF β2,prediction,3,21,1.82847,0.0778121,3.40243,0.00683894,4.91343
SOM α7 + VIP α5 + NDNF β2,prediction,3,22,1.77004,0.0763339,3.37189,0.00694503,4.83257
SOM α7 + VIP α5 + NDNF β2,prediction,3,23,1.80947,0.0772934,3.39087,0.00685632,4.88602
SOM α7 + VIP α5 + NDNF β2,prediction,3,24,1.78572,0.0766709,3.37755,0.00692922,4.84721
SOM α7 + VIP α5 + NDNF β2,prediction,3,25,1.76244,0.0761325,3.36463,0.00694504,4.81928
SOM α7 + VIP α5 + NDNF β2,prediction,3,26,1.81441,0.0774975,3.3953,0.00684659,4.89826
SOM α7 + VIP α5 + NDNF β2,prediction,3,27,1.78712,0.076788,3.38015,0.0069081,4.85688
SOM α7 + VIP α5 + NDNF β2,prediction,3,28,1.78168,0.076555,3.37674,0.00694908,4.84119
SOM α7 + VIP α5 + NDNF β2,prediction,3,29,1.7773,0.0765171,3.37326,0.00691687,4.84118
SOM α7 + VIP α5 + NDNF β2,prediction,3,30,1.80141,0.0771744,3.38755,0.00685645,4.88165
SOM α7 + VIP α5 + NDNF β2,prediction,3,31,1.82092,0.0776496,3.39769,0.00682017,4.90754
SOM α7 + VIP α5 + NDNF β2,prediction,3,32,1.78283,0.0766133,3.37769,0.00693331,4.84475
SOM α7 + VIP α5 + NDNF β2,prediction,3,33,1.81834,0.0775375,3.39662,0.00685341,4.89911
SOM α7 + VIP α5 + NDNF β2,prediction,3,34,1.79795,0.0771137,3.38825,0.00688458,4.87774
SOM α7 + VIP α5 + NDNF β2,prediction,3,35,1.77925,0.0764901,3.37218,0.00692542,4.83742
SOM α7 + VIP α5 + NDNF β2,prediction,3,36,1.78932,0.0768504,3.38345,0.00691411,4.86188
SOM α7 + VIP α5 + NDNF β2,prediction,3,37,1.77754,0.0765375,3.3744,0.00691767,4.84396
SOM α7 + VIP α5 + NDNF β2,prediction,3,38,1.77684,0.0765929,3.37683,0.00692837,4.8468
SOM α7 + VIP α5 + NDNF β2,prediction,3,39,1.81282,0.0773204,3.39093,0.0068728,4.88374
SOM α7 + VIP α5 + NDNF β2,prediction,3,40,1.77734,0.0765837,3.37615,0.00691844,4.84764
SOM α7 + VIP α5 + NDNF β2,prediction,3,41,1.78198,0.0765981,3.37569,0.00691716,4.84593
SOM α7 + VIP α5 + NDNF β2,prediction,3,42,1.79802,0.077031,3.38573,0.0068958,4.86942
SOM α7 + VIP α5 + NDNF β2,prediction,3,43,1.81033,0.077404,3.39343,0.00686128,4.89174
SOM α7 + VIP α5 + NDNF β2,prediction,3,44,1.7606,0.0761275,3.36711,0.00696615,4.82007
SOM α7 + VIP α5 + NDNF β2,prediction,3,45,1.79143,0.0768411,3.38201,0.00690646,4.85975
SOM α7 + VIP α5 + NDNF β2,prediction,3,46,1.82042,0.0776713,3.3997,0.00683883,4.90865
SOM α7 + VIP α5 + NDNF β2,prediction,3,47,1.79403,0.0770384,3.3877,0.00689876,4.87407
SOM α7 + VIP α5 + NDNF β2,prediction,3,48,1.8037,0.0771968,3.38976,0.00687239,4.88174
SOM α7 + VIP α5 + NDNF β2,prediction,3,49,1.75845,0.0761152,3.36762,0.00696819,4.82176
SOM α7 + NDNF α7 + NDNF β2,prediction,3,0,2.17797,0.00399187,1.48803,6.34783,3.70534
SOM α7 + NDNF α7 + NDNF β2,prediction,3,1,2.13029,0.00401549,1.4841,6.31525,3.66885
SOM α7 + NDNF α7 + NDNF β2,prediction,3,2,2.09944,0.00404613,1.48347,6.28017,3.6323
SOM α7 + NDNF α7 + NDNF β2,prediction,3,3,2.11277,0.00403621,1.48456,6.29326,3.64671
SOM α7 + NDNF α7 + NDNF β2,prediction,3,4,2.11482,0.00403704,1.48622,6.2892,3.64559
SOM α7 + NDNF α7 + NDNF β2,prediction,3,5,2.09383,0.00404256,1.48086,6.27063,3.62611
SOM α7 + NDNF α7 + NDNF β2,prediction,3,6,2.10837,0.00403764,1.48441,6.29362,3.64515
SOM α7 + NDNF α7 + NDNF β2,prediction,3,7,2.13384,0.00401915,1.48461,6.31413,3.66652
SOM α7 + NDNF α7 + NDNF β2,prediction,3,8,2.16065,0.00399928,1.48509,6.333,3.68885
SOM α7 + NDNF α7 + NDNF β2,prediction,3,9,2.13148,0.00401573,1.48294,6.3118,3.66558
SOM α7 + NDNF α7 + NDNF β2,prediction,3,10,2.12978,0.00402664,1.48625,6.31214,3.66387
SOM α7 + NDNF α7 + NDNF β2,prediction,3,11,2.15807,0.00400491,1.48688,6.33651,3.68969
SOM α7 + NDNF α7 + NDNF β2,prediction,3,12,2.10914,0.00403856,1.48477,6.29257,3.6449
SOM α7 + NDNF α7 + NDNF β2,prediction,3,13,2.1266,0.00401839,1.48449,6.31596,3.66788
SOM α7 + NDNF α7 + NDNF β2,prediction,3,14,2.10987,0.00403022,1.48325,6.29892,3.65255
SOM α7 + NDNF α7 + NDNF β2,prediction,3,15,2.12362,0.00402372,1.4843,6.30957,3.66248
SOM α7 + NDNF α7 + NDNF β2,prediction,3,16,2.16435,0.0040043,1.48843,6.34427,3.69535
SOM α7 + NDNF α7 + NDNF β2,prediction,3,17,2.10899,0.00403265,1.484,6.29793,3.64862
SOM α7 + NDNF α7 + NDNF β2,prediction,3,18,2.17266,0.00400051,1.48943,6.3517,3.70354
SOM α7 + NDNF α7 + NDNF β2,prediction,3,19,2.1226,0.00402396,1.48442,6.30288,3.65839
SOM α7 + NDNF α7 + NDNF β2,prediction,3,20,2.14246,0.00401888,1.48849,6.32981,3.67953
SOM α7 + NDNF α7 + NDNF β2,prediction,3,21,2.14576,0.00401502,1.48528,6.31714,3.6705
SOM α7 + NDNF α7 + NDNF β2,prediction,3,22,2.13545,0.00401854,1.48614,6.31616,3.67103
SOM α7 + NDNF α7 + NDNF β2,prediction,3,23,2.11994,0.00402538,1.48382,6.30228,3.65645
SOM α7 + NDNF α7 + NDNF β2,prediction,3,24,2.1112,0.00404653,1.48901,6.29328,3.64625
SOM α7 + NDNF α7 + NDNF β2,prediction,3,25,2.14952,0.00401184,1.48694,6.32693,3.68219
SOM α7 + NDNF α7 + NDNF β2,prediction,3,26,2.089,0.00405669,1.48608,6.27427,3.62983
SOM α7 + NDNF α7 + NDNF β2,prediction,3,27,2.134,0.00401958,1.48449,6.31247,3.66689
SOM α7 + NDNF α7 + NDNF β2,prediction,3,28,2.12228,0.00402601,1.48346,6.3008,3.65458
SOM α7 + NDNF α7 + NDNF β2,prediction,3,29,2.14281,0.0040069,1.48257,6.32212,3.6767
SOM α7 + NDNF α7 + NDNF β2,prediction,3,30,2.14367,0.00400426,1.48473,6.33149,3.6872
SOM α7 + NDNF α7 + NDNF β2,prediction,3,31,2.1228,0.00402798,1.48423,6.29722,3.65193
SOM α7 + NDNF α7 + NDNF β2,prediction,3,32,2.12701,0.00402218,1.48465,6.31559,3.66731
SOM α7 + NDNF α7 + NDNF β2,prediction,3,33,2.15537,0.00400222,1.48534,6.3387,3.69094
SOM α7 + NDNF α7 + NDNF β2,prediction,3,34,2.11988,0.00402777,1.48415,6.30267,3.65567
SOM α7 + NDNF α7 + NDNF β2,prediction,3,35,2.15966,0.00400802,1.48742,6.33186,3.68569
SOM α7 + NDNF α7 + NDNF β2,prediction,3,36,2.13059,0.00402117,1.48474,6.31144,3.6658
SOM α7 + NDNF α7 + NDNF β2,prediction,3,37,2.13225,0.00401331,1.4833,6.3136,3.66841
SOM α7 + NDNF α7 + NDNF β2,prediction,3,38,2.13521,0.00402241,1.48698,6.31895,3.66996
SOM α7 + NDNF α7 + NDNF β2,prediction,3,39,2.09212,0.00404118,1.48122,6.27963,3.6324
SOM α7 + NDNF α7 + NDNF β2,prediction,3,40,2.16698,0.00400006,1.48752,6.34573,3.69746
SOM α7 + NDNF α7 + NDNF β2,prediction,3,41,2.11356,0.0040259,1.48218,6.29576,3.65152
SOM α7 + NDNF α7 + NDNF β2,prediction,3,42,2.12049,0.00402862,1.48469,6.30375,3.6568
SOM α7 + NDNF α7 + NDNF β2,prediction,3,43,2.15366,0.0040093,1.48648,6.33009,3.68258
SOM α7 + NDNF α7 + NDNF β2,prediction,3,44,2.13173,0.00402461,1.48606,6.31734,3.66674
SOM α7 + NDNF α7 + NDNF β2,prediction,3,45,2.13313,0.00402073,1.48539,6.31132,3.66513
SOM α7 + NDNF α7 + NDNF β2,prediction,3,46,2.14969,0.00400461,1.48542,6.3347,3.68777
SOM α7 + NDNF α7 + NDNF β2,prediction,3,47,2.13858,0.00401396,1.4847,6.32244,3.67495
SOM α7 + NDNF α7 + NDNF β2,prediction,3,48,2.13648,0.00401925,1.48411,6.3085,3.66208
SOM α7 + NDNF α7 + NDNF β2,prediction,3,49,2.13771,0.00401772,1.4855,6.3185,3.67065
SOM β2 + VIP α5 + NDNF α7,prediction,3,0,1.558,1.87498,3.47359,0.0285953,1.8726
SOM β2 + VIP α5 + NDNF α7,prediction,3,1,1.52058,1.84672,3.45222,0.0281128,1.8788
SOM β2 + VIP α5 + NDNF α7,prediction,3,2,1.53051,1.85626,3.46155,0.0282216,1.88128
SOM β2 + VIP α5 + NDNF α7,prediction,3,3,1.52822,1.85379,3.45823,0.0282054,1.87942
SOM β2 + VIP α5 + NDNF α7,prediction,3,4,1.55289,1.87421,3.47701,0.0284833,1.88161
SOM β2 + VIP α5 + NDNF α7,prediction,3,5,1.56308,1.8807,3.48215,0.0285836,1.88087
SOM β2 + VIP α5 + NDNF α7,prediction,3,6,1.55608,1.87575,3.47706,0.0285393,1.87883
SOM β2 + VIP α5 + NDNF α7,prediction,3,7,1.52618,1.85142,3.45603,0.0281737,1.88067
SOM β2 + VIP α5 + NDNF α7,prediction,3,8,1.55877,1.87513,3.47583,0.0285473,1.87754
SOM β2 + VIP α5 + NDNF α7,prediction,3,9,1.54714,1.86766,3.47033,0.0284116,1.8797
SOM β2 + VIP α5 + NDNF α7,prediction,3,10,1.54927,1.87154,3.47498,0.0284352,1.88242
SOM β2 + VIP α5 + NDNF α7,prediction,3,11,1.54488,1.86715,3.47028,0.0283795,1.88152
SOM β2 + VIP α5 + NDNF α7,prediction,3,12,1.54138,1.86745,3.47064,0.0283557,1.88172
SOM β2 + VIP α5 + NDNF α7,prediction,3,13,1.56945,1.88707,3.48905,0.0286591,1.88383
SOM β2 + VIP α5 + NDNF α7,prediction,3,14,1.5479,1.86889,3.47261,0.0284045,1.88222
SOM β2 + VIP α5 + NDNF α7,prediction,3,15,1.53649,1.85994,3.4639,0.0282791,1.88074
SOM β2 + VIP α5 + NDNF α7,prediction,3,16,1.53866,1.8685,3.47398,0.0283451,1.88541
SOM β2 + VIP α5 + NDNF α7,prediction,3,17,1.53076,1.85809,3.46368,0.0282267,1.88317
SOM β2 + VIP α5 + NDNF α7,prediction,3,18,1.54723,1.86958,3.47187,0.0284285,1.87957
SOM β2 + VIP α5 + NDNF α7,prediction,3,19,1.52936,1.85314,3.45832,0.028197,1.88055
SOM β2 + VIP α5 + NDNF α7,prediction,3,20,1.55216,1.87565,3.47878,0.0284594,1.88373
SOM β2 + VIP α5 + NDNF α7,prediction,3,21,1.53603,1.85973,3.46375,0.0282794,1.88086
SOM β2 + VIP α5 + NDNF α7,prediction,3,22,1.56251,1.88032,3.48058,0.0285998,1.87901
SOM β2 + VIP α5 + NDNF α7,prediction,3,23,1.5302,1.85771,3.46204,0.0282078,1.88227
SOM β2 + VIP α5 + NDNF α7,prediction,3,24,1.54043,1.86313,3.46859,0.0283149,1.88335
SOM β2 + VIP α5 + NDNF α7,prediction,3,25,1.52473,1.85562,3.46113,0.0281698,1.88294
SOM β2 + VIP α5 + NDNF α7,prediction,3,26,1.54352,1.86643,3.46974,0.0283881,1.88067
SOM β2 + VIP α5 + NDNF α7,prediction,3,27,1.52845,1.85808,3.46368,0.0281857,1.88504
SOM β2 + VIP α5 + NDNF α7,prediction,3,28,1.51188,1.84502,3.45237,0.0280104,1.8844
SOM β2 + VIP α5 + NDNF α7,prediction,3,29,1.54099,1.86256,3.46665,0.0283155,1.88162
SOM β2 + VIP α5 + NDNF α7,prediction,3,30,1.54801,1.87183,3.47551,0.0283931,1.88573
SOM β2 + VIP α5 + NDNF α7,prediction,3,31,1.5296,1.85473,3.45893,0.0281924,1.88101
SOM β2 + VIP α5 + NDNF α7,prediction,3,32,1.51922,1.84576,3.45213,0.0280663,1.8817
SOM β2 + VIP α5 + NDNF α7,prediction,3,33,1.5282,1.85159,3.4572,0.0281601,1.88115
SOM β2 + VIP α5 + NDNF α7,prediction,3,34,1.52582,1.84947,3.45562,0.0281704,1.88088
SOM β2 + VIP α5 + NDNF α7,prediction,3,35,1.53969,1.86395,3.46832,0.0283342,1.88191
SOM β2 + VIP α5 + NDNF α7,prediction,3,36,1.51937,1.84518,3.45072,0.0280727,1.88054
SOM β2 + VIP α5 + NDNF α7,prediction,3,37,1.57247,1.88758,3.4887,0.0286834,1.88205
SOM β2 + VIP α5 + NDNF α7,prediction,3,38,1.54064,1.8623,3.46511,0.0283563,1.87876
SOM β2 + VIP α5 + NDNF α7,prediction,3,39,1.53464,1.86149,3.46527,0.0282947,1.88038
SOM β2 + VIP α5 + NDNF α7,prediction,3,40,1.53135,1.85766,3.46103,0.0282596,1.87886
SOM β2 + VIP α5 + NDNF α7,prediction,3,41,1.52494,1.85354,3.45853,0.0281785,1.88036
SOM β2 + VIP α5 + NDNF α7,prediction,3,42,1.5316,1.85799,3.46306,0.028228,1.88212
SOM β2 + VIP α5 + NDNF α7,prediction,3,43,1.55656,1.87382,3.47473,0.0285377,1.87727
SOM β2 + VIP α5 + NDNF α7,prediction,3,44,1.53777,1.86173,3.46641,0.0282764,1.88349
SOM β2 + VIP α5 + NDNF α7,prediction,3,45,1.53491,1.8629,3.46686,0.0282348,1.88515
SOM β2 + VIP α5 + NDNF α7,prediction,3,46,1.51688,1.84649,3.45408,0.0280739,1.88256
SOM β2 + VIP α5 + NDNF α7,prediction,3,47,1.57242,1.88674,3.48581,0.0287352,1.8765
SOM β2 + VIP α5 + NDNF α7,prediction,3,48,1.55997,1.87712,3.47843,0.0285759,1.87805
SOM β2 + VIP α5 + NDNF α7,prediction,3,49,1.55085,1.8745,3.47741,0.0284348,1.88453
SOM β2 + VIP α5 + NDNF β2,prediction,3,0,1.36598,1.86075,2.80691,0.0309454,1.17954
SOM β2 + VIP α5 + NDNF β2,prediction,3,1,1.3505,1.84848,2.7986,0.0306359,1.18428
SOM β2 + VIP α5 + NDNF β2,prediction,3,2,1.341,1.84019,2.79198,0.0305619,1.1825
SOM β2 + VIP α5 + NDNF β2,prediction,3,3,1.34411,1.84402,2.79524,0.0305431,1.18437
SOM β2 + VIP α5 + NDNF β2,prediction,3,4,1.35302,1.84876,2.79767,0.0307509,1.18016
SOM β2 + VIP α5 + NDNF β2,prediction,3,5,1.35707,1.85421,2.80268,0.0307725,1.18262
SOM β2 + VIP α5 + NDNF β2,prediction,3,6,1.36765,1.86313,2.80854,0.0309635,1.17985
SOM β2 + VIP α5 + NDNF β2,prediction,3,7,1.35623,1.8529,2.80252,0.0307261,1.1845
SOM β2 + VIP α5 + NDNF β2,prediction,3,8,1.34806,1.84447,2.79547,0.0306302,1.18293
SOM β2 + VIP α5 + NDNF β2,prediction,3,9,1.32345,1.82334,2.78141,0.0301268,1.1901
SOM β2 + VIP α5 + NDNF β2,prediction,3,10,1.38074,1.87236,2.81331,0.0312435,1.17375
SOM β2 + VIP α5 + NDNF β2,prediction,3,11,1.34034,1.8439,2.79526,0.0305179,1.18473
SOM β2 + VIP α5 + NDNF β2,prediction,3,12,1.36259,1.86042,2.8063,0.0309388,1.17905
SOM β2 + VIP α5 + NDNF β2,prediction,3,13,1.36095,1.85639,2.80265,0.0309212,1.17752
SOM β2 + VIP α5 + NDNF β2,prediction,3,14,1.35924,1.85899,2.80446,0.0308753,1.17927
SOM β2 + VIP α5 + NDNF β2,prediction,3,15,1.34348,1.84448,2.7947,0.0306211,1.18141
SOM β2 + VIP α5 + NDNF β2,prediction,3,16,1.36808,1.85948,2.80453,0.0310342,1.1751
SOM β2 + VIP α5 + NDNF β2,prediction,3,17,1.35699,1.85327,2.80049,0.0308718,1.17761
SOM β2 + VIP α5 + NDNF β2,prediction,3,18,1.3278,1.82465,2.78196,0.0302035,1.18867
SOM β2 + VIP α5 + NDNF β2,prediction,3,19,1.36472,1.85742,2.80458,0.0308887,1.18042
SOM β2 + VIP α5 + NDNF β2,prediction,3,20,1.33123,1.83221,2.78729,0.0303474,1.18667
SOM β2 + VIP α5 + NDNF β2,prediction,3,21,1.35132,1.84641,2.79623,0.030642,1.18233
SOM β2 + VIP α5 + NDNF β2,prediction,3,22,1.31712,1.81916,2.7782,0.0300131,1.19101
SOM β2 + VIP α5 + NDNF β2,prediction,3,23,1.35876,1.85388,2.80015,0.0308934,1.17678
SOM β2 + VIP α5 + NDNF β2,prediction,3,24,1.33726,1.83511,2.78918,0.0303948,1.1861
SOM β2 + VIP α5 + NDNF β2,prediction,3,25,1.34952,1.84581,2.79537,0.0307425,1.17868
SOM β2 + VIP α5 + NDNF β2,prediction,3,26,1.34902,1.84203,2.79386,0.0306265,1.18279
SOM β2 + VIP α5 + NDNF β2,prediction,3,27,1.34876,1.84684,2.79846,0.0305766,1.18573
SOM β2 + VIP α5 + NDNF β2,prediction,3,28,1.34141,1.84144,2.79378,0.0304679,1.18592
SOM β2 + VIP α5 + NDNF β2,prediction,3,29,1.36628,1.85919,2.80546,0.0309382,1.17907
SOM β2 + VIP α5 + NDNF β2,prediction,3,30,1.35267,1.8489,2.79827,0.0306528,1.18333
SOM β2 + VIP α5 + NDNF β2,prediction,3,31,1.35976,1.85359,2.80067,0.0308716,1.17786
SOM β2 + VIP α5 + NDNF β2,prediction,3,32,1.37985,1.87392,2.81378,0.0311992,1.17472
SOM β2 + VIP α5 + NDNF β2,prediction,3,33,1.34337,1.83813,2.78992,0.0305585,1.18166
SOM β2 + VIP α5 + NDNF β2,prediction,3,34,1.34065,1.84246,2.79458,0.0305227,1.18485
SOM β2 + VIP α5 + NDNF β2,prediction,3,35,1.35713,1.85628,2.80457,0.0307784,1.18289
SOM β2 + VIP α5 + NDNF β2,prediction,3,36,1.36276,1.8542,2.80138,0.0309188,1.17739
SOM β2 + VIP α5 + NDNF β2,prediction,3,37,1.36472,1.8601,2.80527,0.0309168,1.17889
SOM β2 + VIP α5 + NDNF β2,prediction,3,38,1.3776,1.87484,2.81582,0.031141,1.17767
SOM β2 + VIP α5 + NDNF β2,prediction,3,39,1.34451,1.84349,2.79432,0.0305791,1.18258
SOM β2 + VIP α5 + NDNF β2,prediction,3,40,1.32239,1.82189,2.78036,0.0301197,1.18989
SOM β2 + VIP α5 + NDNF β2,prediction,3,41,1.34411,1.84175,2.79382,0.0305443,1.18456
SOM β2 + VIP α5 + NDNF β2,prediction,3,42,1.35896,1.8542,2.80114,0.0308752,1.17792
SOM β2 + VIP α5 + NDNF β2,prediction,3,43,1.3557,1.85088,2.79955,0.030775,1.18033
SOM β2 + VIP α5 + NDNF β2,prediction,3,44,1.32728,1.82802,2.78432,0.0302059,1.18887
SOM β2 + VIP α5 + NDNF β2,prediction,3,45,1.3397,1.83927,2.79158,0.0304799,1.18457
SOM β2 + VIP α5 + NDNF β2,prediction,3,46,1.34503,1.84381,2.79423,0.0306049,1.18165
SOM β2 + VIP α5 + NDNF β2,prediction,3,47,1.33336,1.83347,2.78839,0.0303383,1.18719
SOM β2 + VIP α5 + NDNF β2,prediction,3,48,1.33726,1.84294,2.79579,0.0304435,1.1878
SOM β2 + VIP α5 + NDNF β2,prediction,3,49,1.34626,1.84535,2.79623,0.0306255,1.18263
SOM β2 + NDNF α7 + NDNF β2,prediction,3,0,1.93541,0.305866,1.71197,4.60248,3.14553
SOM β2 + NDNF α7 + NDNF β2,prediction,3,1,1.91073,0.304454,1.70636,4.59035,3.12503
SOM β2 + NDNF α7 + NDNF β2,prediction,3,2,1.91636,0.30465,1.70734,4.59061,3.12748
SOM β2 + NDNF α7 + NDNF β2,prediction,3,3,1.92385,0.305453,1.70991,4.59747,3.13838
SOM β2 + NDNF α7 + NDNF β2,prediction,3,4,1.87172,0.302284,1.69966,4.57619,3.10102
SOM β2 + NDNF α7 + NDNF β2,prediction,3,5,1.90707,0.303983,1.70433,4.58422,3.11791
SOM β2 + NDNF α7 + NDNF β2,prediction,3,6,1.90369,0.304227,1.70631,4.59199,3.12882
SOM β2 + NDNF α7 + NDNF β2,prediction,3,7,1.89207,0.303443,1.70307,4.58225,3.10936
SOM β2 + NDNF α7 + NDNF β2,prediction,3,8,1.8728,0.302269,1.69827,4.56819,3.09451
SOM β2 + NDNF α7 + NDNF β2,prediction,3,9,1.88687,0.303346,1.70226,4.57887,3.105
SOM β2 + NDNF α7 + NDNF β2,prediction,3,10,1.88157,0.302735,1.70119,4.5813,3.10186
SOM β2 + NDNF α7 + NDNF β2,prediction,3,11,1.9057,0.304154,1.70495,4.58209,3.12508
SOM β2 + NDNF α7 + NDNF β2,prediction,3,12,1.92282,0.305207,1.70996,4.60187,3.13343
SOM β2 + NDNF α7 + NDNF β2,prediction,3,13,1.89947,0.303992,1.70577,4.59075,3.12692
SOM β2 + NDNF α7 + NDNF β2,prediction,3,14,1.87735,0.302322,1.69809,4.56908,3.09412
SOM β2 + NDNF α7 + NDNF β2,prediction,3,15,1.90886,0.304398,1.70673,4.59291,3.12491
SOM β2 + NDNF α7 + NDNF β2,prediction,3,16,1.90578,0.304341,1.70669,4.59203,3.1212
SOM β2 + NDNF α7 + NDNF β2,prediction,3,17,1.87243,0.302097,1.69827,4.57144,3.09507
SOM β2 + NDNF α7 + NDNF β2,prediction,3,18,1.92207,0.30498,1.70856,4.59442,3.13346
SOM β2 + NDNF α7 + NDNF β2,prediction,3,19,1.87376,0.30225,1.6989,4.57515,3.0983
SOM β2 + NDNF α7 + NDNF β2,prediction,3,20,1.8221,0.299537,1.68825,4.54568,3.05809
SOM β2 + NDNF α7 + NDNF β2,prediction,3,21,1.9003,0.303846,1.70488,4.58746,3.11938
SOM β2 + NDNF α7 + NDNF β2,prediction,3,22,1.95238,0.306803,1.71508,4.60904,3.15942
SOM β2 + NDNF α7 + NDNF β2,prediction,3,23,1.90295,0.303849,1.70459,4.58519,3.11821
SOM β2 + NDNF α7 + NDNF β2,prediction,3,24,1.93833,0.306041,1.71292,4.60596,3.15253
SOM β2 + NDNF α7 + NDNF β2,prediction,3,25,1.95687,0.307108,1.7157,4.60974,3.15848
SOM β2 + NDNF α7 + NDNF β2,prediction,3,26,1.89179,0.303059,1.7012,4.57785,3.10636
SOM β2 + NDNF α7 + NDNF β2,prediction,3,27,1.89419,0.303121,1.70238,4.58729,3.11486
SOM β2 + NDNF α7 + NDNF β2,prediction,3,28,1.86887,0.302026,1.69779,4.5689,3.0906
SOM β2 + NDNF α7 + NDNF β2,prediction,3,29,1.88275,0.302693,1.70033,4.57596,3.10537
SOM β2 + NDNF α7 + NDNF β2,prediction,3,30,1.92172,0.304939,1.70851,4.59625,3.13432
SOM β2 + NDNF α7 + NDNF β2,prediction,3,31,1.89633,0.303267,1.70322,4.58838,3.11479
SOM β2 + NDNF α7 + NDNF β2,prediction,3,32,1.92398,0.305343,1.70927,4.59405,3.13207
SOM β2 + NDNF α7 + NDNF β2,prediction,3,33,1.92436,0.305077,1.70942,4.59854,3.13712
SOM β2 + NDNF α7 + NDNF β2,prediction,3,34,1.92302,0.305087,1.70899,4.59747,3.13553
SOM β2 + NDNF α7 + NDNF β2,prediction,3,35,1.91571,0.304602,1.70763,4.59547,3.13092
SOM β2 + NDNF α7 + NDNF β2,prediction,3,36,1.91087,0.304772,1.70855,4.59777,3.12965
SOM β2 + NDNF α7 + NDNF β2,prediction,3,37,1.89456,0.303357,1.70247,4.58281,3.11388
SOM β2 + NDNF α7 + NDNF β2,prediction,3,38,1.93698,0.305451,1.7105,4.60111,3.14715
SOM β2 + NDNF α7 + NDNF β2,prediction,3,39,1.92292,0.304979,1.70809,4.59592,3.13514
SOM β2 + NDNF α7 + NDNF β2,prediction,3,40,1.88499,0.302879,1.70136,4.58084,3.10382
SOM β2 + NDNF α7 + NDNF β2,prediction,3,41,1.92163,0.305097,1.70912,4.6002,3.13772
SOM β2 + NDNF α7 + NDNF β2,prediction,3,42,1.91518,0.30435,1.70641,4.59213,3.12874
SOM β2 + NDNF α7 + NDNF β2,prediction,3,43,1.92146,0.304893,1.70775,4.59324,3.13296
SOM β2 + NDNF α7 + NDNF β2,prediction,3,44,1.91359,0.304426,1.70686,4.59193,3.13106
SOM β2 + NDNF α7 + NDNF β2,prediction,3,45,1.96547,0.307357,1.71749,4.61784,3.16885
SOM β2 + NDNF α7 + NDNF β2,prediction,3,46,1.89071,0.303181,1.70182,4.57849,3.10841
SOM β2 + NDNF α7 + NDNF β2,prediction,3,47,1.88848,0.303284,1.70253,4.58093,3.10618
SOM β2 + NDNF α7 + NDNF β2,prediction,3,48,1.88896,0.303191,1.7022,4.58155,3.10992
SOM β2 + NDNF α7 + NDNF β2,prediction,3,49,1.95069,0.30656,1.71395,4.60777,3.15883
VIP α5 + NDNF α7 + NDNF β2,prediction,3,0,0.9565,4.71322,3.32704,0.0590919,0.189145
VIP α5 + NDNF α7 + NDNF β2,prediction,3,1,0.980901,4.78857,3.35259,0.0601994,0.183641
VIP α5 + NDNF α7 + NDNF β2,prediction,3,2,0.969325,4.78599,3.34978,0.0600284,0.18356
VIP α5 + NDNF α7 + NDNF β2,prediction,3,3,0.961784,4.75341,3.33912,0.059591,0.185608
VIP α5 + NDNF α7 + NDNF β2,prediction,3,4,0.968255,4.76443,3.34375,0.0597903,0.185175
VIP α5 + NDNF α7 + NDNF β2,prediction,3,5,0.983725,4.81399,3.36176,0.0605046,0.182698
VIP α5 + NDNF α7 + NDNF β2,prediction,3,6,0.971621,4.78724,3.35081,0.0600784,0.183511
VIP α5 + NDNF α7 + NDNF β2,prediction,3,7,0.971508,4.77892,3.34782,0.0599869,0.183838
VIP α5 + NDNF α7 + NDNF β2,prediction,3,8,0.966186,4.75937,3.34296,0.0596986,0.186067
VIP α5 + NDNF α7 + NDNF β2,prediction,3,9,0.964184,4.74681,3.33789,0.0595441,0.186548
VIP α5 + NDNF α7 + NDNF β2,prediction,3,10,0.957521,4.74652,3.33824,0.059437,0.187111
VIP α5 + NDNF α7 + NDNF β2,prediction,3,11,0.961978,4.76694,3.34396,0.0597478,0.184784
VIP α5 + NDNF α7 + NDNF β2,prediction,3,12,0.979305,4.79859,3.3553,0.0602932,0.182783
VIP α5 + NDNF α7 + NDNF β2,prediction,3,13,0.975242,4.77992,3.34828,0.060063,0.183871
VIP α5 + NDNF α7 + NDNF β2,prediction,3,14,0.968391,4.76999,3.34386,0.0598783,0.184316
VIP α5 + NDNF α7 + NDNF β2,prediction,3,15,0.987875,4.82461,3.36462,0.0606641,0.181583
VIP α5 + NDNF α7 + NDNF β2,prediction,3,16,0.975208,4.7845,3.35127,0.0600652,0.184074
VIP α5 + NDNF α7 + NDNF β2,prediction,3,17,0.986356,4.82236,3.36146,0.0606657,0.180607
VIP α5 + NDNF α7 + NDNF β2,prediction,3,18,0.974878,4.78585,3.35157,0.060096,0.183873
VIP α5 + NDNF α7 + NDNF β2,prediction,3,19,0.966611,4.7576,3.33845,0.0597521,0.184667
VIP α5 + NDNF α7 + NDNF β2,prediction,3,20,0.981904,4.81479,3.36032,0.0605176,0.181455
VIP α5 + NDNF α7 + NDNF β2,prediction,3,21,0.975798,4.79162,3.35198,0.0601812,0.183149
VIP α5 + NDNF α7 + NDNF β2,prediction,3,22,0.963128,4.74288,3.33411,0.0595336,0.185795
VIP α5 + NDNF α7 + NDNF β2,prediction,3,23,0.970304,4.75895,3.34328,0.0597367,0.186338
VIP α5 + NDNF α7 + NDNF β2,prediction,3,24,0.969782,4.77109,3.34615,0.0598712,0.184638
VIP α5 + NDNF α7 + NDNF β2,prediction,3,25,0.955184,4.72464,3.3304,0.0591948,0.188072
VIP α5 + NDNF α7 + NDNF β2,prediction,3,26,0.970238,4.7792,3.34761,0.0599973,0.183742
VIP α5 + NDNF α7 + NDNF β2,prediction,3,27,0.973487,4.7736,3.34947,0.059921,0.18588
VIP α5 + NDNF α7 + NDNF β2,prediction,3,28,0.983118,4.82175,3.35999,0.0606448,0.179932
VIP α5 + NDNF α7 + NDNF β2,prediction,3,29,0.971694,4.77326,3.3464,0.0599282,0.184753
VIP α5 + NDNF α7 + NDNF β2,prediction,3,30,0.977823,4.80142,3.35528,0.0603111,0.182472
VIP α5 + NDNF α7 + NDNF β2,prediction,3,31,0.977348,4.77924,3.34539,0.0600871,0.182845
VIP α5 + NDNF α7 + NDNF β2,prediction,3,32,0.962482,4.75453,3.3398,0.059627,0.185699
VIP α5 + NDNF α7 + NDNF β2,prediction,3,33,0.978277,4.80724,3.35619,0.0604109,0.181449
VIP α5 + NDNF α7 + NDNF β2,prediction,3,34,0.966134,4.74966,3.33996,0.0595828,0.186868
VIP α5 + NDNF α7 + NDNF β2,prediction,3,35,0.967941,4.76978,3.34165,0.0598978,0.183128
VIP α5 + NDNF α7 + NDNF β2,prediction,3,36,0.958517,4.73623,3.33452,0.0593529,0.187509
VIP α5 + NDNF α7 + NDNF β2,prediction,3,37,0.970183,4.77927,3.34771,0.0599757,0.183834
VIP α5 + NDNF α7 + NDNF β2,prediction,3,38,0.985436,4.79501,3.35516,0.0603148,0.183501
VIP α5 + NDNF α7 + NDNF β2,prediction,3,39,0.975118,4.79314,3.35158,0.0602095,0.182355
VIP α5 + NDNF α7 + NDNF β2,prediction,3,40,0.972883,4.77437,3.34654,0.0599512,0.184581
VIP α5 + NDNF α7 + NDNF β2,prediction,3,41,0.980173,4.81153,3.35812,0.0604589,0.181604
VIP α5 + NDNF α7 + NDNF β2,prediction,3,42,0.967808,4.77116,3.34456,0.0598684,0.184424
VIP α5 + NDNF α7 + NDNF β2,prediction,3,43,0.963282,4.75363,3.33948,0.0596039,0.186215
VIP α5 + NDNF α7 + NDNF β2,prediction,3,44,0.975539,4.78469,3.35006,0.060088,0.184054
VIP α5 + NDNF α7 + NDNF β2,prediction,3,45,0.980696,4.80573,3.35588,0.060389,0.181792
VIP α5 + NDNF α7 + NDNF β2,prediction,3,46,0.981523,4.79788,3.35583,0.0602715,0.183632
VIP α5 + NDNF α7 + NDNF β2,prediction,3,47,0.964795,4.76501,3.34103,0.0597922,0.184064
VIP α5 + NDNF α7 + NDNF β2,prediction,3,48,0.974493,4.78681,3.35231,0.0600834,0.184344
VIP α5 + NDNF α7 + NDNF β2,prediction,3,49,0.977096,4.77142,3.3487,0.0599339,0.185689
PV α7 + SOM α7 + SOM β2 + VIP α5,prediction,4,0,1.91881,0.0197426,3.83749,0.0110337,6.75233
PV α7 + SOM α7 + SOM β2 + VIP α5,prediction,4,1,1.94265,0.0199265,3.86701,0.0109803,6.8297
PV α7 + SOM α7 + SOM β2 + VIP α5,prediction,4,2,1.95711,0.0199776,3.87275,0.0109861,6.84042
PV α7 + SOM α7 + SOM β2 + VIP α5,prediction,4,3,1.92768,0.01981,3.85045,0.0110434,6.77964
PV α7 + SOM α7 + SOM β2 + VIP α5,prediction,4,4,1.9439,0.0198649,3.85545,0.0110095,6.79509
PV α7 + SOM α7 + SOM β2 + VIP α5,prediction,4,5,1.90968,0.0197127,3.83718,0.0110565,6.74786
PV α7 + SOM α7 + SOM β2 + VIP α5,prediction,4,6,1.91279,0.0197128,3.83727,0.011058,6.74553
PV α7 + SOM α7 + SOM β2 + VIP α5,prediction,4,7,1.91931,0.0197874,3.84475,0.0110012,6.77699
PV α7 + SOM α7 + SOM β2 + VIP α5,prediction,4,8,1.92462,0.0197852,3.84628,0.0110442,6.76937
PV α7 + SOM α7 + SOM β2 + VIP α5,prediction,4,9,1.93229,0.019838,3.85483,0.0110322,6.79058
PV α7 + SOM α7 + SOM β2 + VIP α5,prediction,4,10,1.91452,0.0197321,3.83994,0.0110678,6.75028
PV α7 + SOM α7 + SOM β2 + VIP α5,prediction,4,11,1.93373,0.0198347,3.85053,0.0110012,6.78684
PV α7 + SOM α7 + SOM β2 + VIP α5,prediction,4,12,1.97332,0.0200256,3.87504,0.0109676,6.84709
PV α7 + SOM α7 + SOM β2 + VIP α5,prediction,4,13,1.95219,0.0199276,3.86417,0.0109902,6.8195
PV α7 + SOM α7 + SOM β2 + VIP α5,prediction,4,14,1.91465,0.0197415,3.84146,0.0110412,6.76016
PV α7 + SOM α7 + SOM β2 + VIP α5,prediction,4,15,1.92805,0.0197981,3.84725,0.0110269,6.77446
PV α7 + SOM α7 + SOM β2 + VIP α5,prediction,4,16,1.86801,0.0195068,3.81287,0.0111124,6.68222
PV α7 + SOM α7 + SOM β2 + VIP α5,prediction,4,17,1.91319,0.0197435,3.84265,0.0110407,6.76279
PV α7 + SOM α7 + SOM β2 + VIP α5,prediction,4,18,1.92562,0.0197793,3.84731,0.0110505,6.76984
PV α7 + SOM α7 + SOM β2 + VIP α5,prediction,4,19,1.89131,0.0196502,3.82994,0.0110582,6.73316
PV α7 + SOM α7 + SOM β2 + VIP α5,prediction,4,20,1.90358,0.0196772,3.83599,0.0110845,6.7374
PV α7 + SOM α7 + SOM β2 + VIP α5,prediction,4,21,1.88099,0.0195761,3.82093,0.0110961,6.70407
PV α7 + SOM α7 + SOM β2 + VIP α5,prediction,4,22,1.90453,0.0196848,3.83294,0.0110465,6.73902
PV α7 + SOM α7 + SOM β2 + VIP α5,prediction,4,23,1.89271,0.0196365,3.83023,0.0110929,6.72489
PV α7 + SOM α7 + SOM β2 + VIP α5,prediction,4,24,1.92075,0.0197838,3.84769,0.0110356,6.77416
PV α7 + SOM α7 + SOM β2 + VIP α5,prediction,4,25,1.9249,0.0197832,3.84235,0.0110151,6.76728
PV α7 + SOM α7 + SOM β2 + VIP α5,prediction,4,26,1.92268,0.019786,3.85014,0.0110767,6.7718
PV α7 + SOM α7 + SOM β2 + VIP α5,prediction,4,27,1.93683,0.0198437,3.85157,0.0110092,6.78906
PV α7 + SOM α7 + SOM β2 + VIP α5,prediction,4,28,1.90004,0.0196437,3.82772,0.011075,6.72154
PV α7 + SOM α7 + SOM β2 + VIP α5,prediction,4,29,1.93857,0.0198715,3.85934,0.0110289,6.80233
PV α7 + SOM α7 + SOM β2 + VIP α5,prediction,4,30,1.90345,0.019698,3.83732,0.0110699,6.74694
PV α7 + SOM α7 + SOM β2 + VIP α5,prediction,4,31,1.91188,0.0197255,3.84005,0.0110554,6.75285
PV α7 + SOM α7 + SOM β2 + VIP α5,prediction,4,32,1.89167,0.0196266,3.82728,0.0110856,6.72013
PV α7 + SOM α7 + SOM β2 + VIP α5,prediction,4,33,1.94003,0.0198672,3.85841,0.0110351,6.79916
PV α7 + SOM α7 + SOM β2 + VIP α5,prediction,4,34,1.9284,0.0198055,3.85057,0.0110358,6.77962
PV α7 + SOM α7 + SOM β2 + VIP α5,prediction,4,35,1.95429,0.0199556,3.86815,0.0109879,6.8305
PV α7 + SOM α7 + SOM β2 + VIP α5,prediction,4,36,1.87843,0.0195439,3.81749,0.0111212,6.69164
PV α7 + SOM α7 + SOM β2 + VIP α5,prediction,4,37,1.90932,0.0197234,3.84117,0.0110605,6.75385
PV α7 + SOM α7 + SOM β2 + VIP α5,prediction,4,38,1.92035,0.0197655,3.84125,0.011021,6.76368
PV α7 + SOM α7 + SOM β2 + VIP α5,prediction,4,39,1.94001,0.0198878,3.8591,0.0110102,6.80797
PV α7 + SOM α7 + SOM β2 + VIP α5,prediction,4,40,1.92289,0.0197719,3.84438,0.011056,6.76269
PV α7 + SOM α7 + SOM β2 + VIP α5,prediction,4,41,1.90492,0.0196869,3.83522,0.0110633,6.74073
PV α7 + SOM α7 + SOM β2 + VIP α5,prediction,4,42,1.92876,0.0198125,3.85116,0.0110438,6.78003
PV α7 + SOM α7 + SOM β2 + VIP α5,prediction,4,43,1.90178,0.0196895,3.83337,0.011048,6.74197
PV α7 + SOM α7 + SOM β2 + VIP α5,prediction,4,44,1.90996,0.0197123,3.83716,0.0110485,6.74787
PV α7 + SOM α7 + SOM β2 + VIP α5,prediction,4,45,1.91539,0.0197496,3.84362,0.011054,6.76199
PV α7 + SOM α7 + SOM β2 + VIP α5,prediction,4,46,1.89776,0.0196629,3.83183,0.0110663,6.73389
PV α7 + SOM α7 + SOM β2 + VIP α5,prediction,4,47,1.93737,0.019831,3.85232,0.0110372,6.7834
PV α7 + SOM α7 + SOM β2 + VIP α5,prediction,4,48,1.8655,0.0194889,3.80761,0.0111046,6.67394
PV α7 + SOM α7 + SOM β2 + VIP α5,prediction,4,49,1.8993,0.0196808,3.83622,0.0110725,6.74245
PV α7 + SOM α7 + SOM β2 + NDNF α7,prediction,4,0,2.33422,0.000234583,0.549363,9.2319,5.13433
PV α7 + SOM α7 + SOM β2 + NDNF α7,prediction,4,1,2.26155,0.000247159,0.562717,9.08813,5.04863
PV α7 + SOM α7 + SOM β2 + NDNF α7,prediction,4,2,2.3114,0.000239332,0.555669,9.17205,5.09891
PV α7 + SOM α7 + SOM β2 + NDNF α7,prediction,4,3,2.27168,0.000245674,0.561705,9.10978,5.06159
PV α7 + SOM α7 + SOM β2 + NDNF α7,prediction,4,4,2.24138,0.000251163,0.567749,9.03472,5.01604
PV α7 + SOM α7 + SOM β2 + NDNF α7,prediction,4,5,2.27559,0.000244554,0.560011,9.11669,5.06454
PV α7 + SOM α7 + SOM β2 + NDNF α7,prediction,4,6,2.28155,0.000243197,0.558579,9.13556,5.07801
PV α7 + SOM α7 + SOM β2 + NDNF α7,prediction,4,7,2.28034,0.000242961,0.557125,9.13098,5.07346
PV α7 + SOM α7 + SOM β2 + NDNF α7,prediction,4,8,2.27186,0.000245649,0.561036,9.09722,5.0512
PV α7 + SOM α7 + SOM β2 + NDNF α7,prediction,4,9,2.3049,0.00023911,0.55389,9.17405,5.0993
PV α7 + SOM α7 + SOM β2 + NDNF α7,prediction,4,10,2.31381,0.000238842,0.554824,9.17851,5.10291
PV α7 + SOM α7 + SOM β2 + NDNF α7,prediction,4,11,2.30343,0.000240122,0.555303,9.16679,5.09359
PV α7 + SOM α7 + SOM β2 + NDNF α7,prediction,4,12,2.26133,0.000248067,0.564024,9.07595,5.03925
PV α7 + SOM α7 + SOM β2 + NDNF α7,prediction,4,13,2.30122,0.000240165,0.555066,9.16353,5.09239
PV α7 + SOM α7 + SOM β2 + NDNF α7,prediction,4,14,2.24255,0.000250262,0.566121,9.05648,5.02901
PV α7 + SOM α7 + SOM β2 + NDNF α7,prediction,4,15,2.30343,0.000240553,0.556214,9.16294,5.09195
PV α7 + SOM α7 + SOM β2 + NDNF α7,prediction,4,16,2.31676,0.000238573,0.554394,9.18047,5.10242
PV α7 + SOM α7 + SOM β2 + NDNF α7,prediction,4,17,2.29758,0.000240261,0.555067,9.15701,5.08924
PV α7 + SOM α7 + SOM β2 + NDNF α7,prediction,4,18,2.30763,0.000238761,0.553416,9.17651,5.09993
PV α7 + SOM α7 + SOM β2 + NDNF α7,prediction,4,19,2.30064,0.000240216,0.556112,9.16845,5.09856
PV α7 + SOM α7 + SOM β2 + NDNF α7,prediction,4,20,2.28434,0.0002434,0.55882,9.1217,5.06737
PV α7 + SOM α7 + SOM β2 + NDNF α7,prediction,4,21,2.27894,0.000244361,0.560077,9.11585,5.06519
PV α7 + SOM α7 + SOM β2 + NDNF α7,prediction,4,22,2.29676,0.00024098,0.556466,9.15421,5.08856
PV α7 + SOM α7 + SOM β2 + NDNF α7,prediction,4,23,2.29837,0.000240919,0.555942,9.14709,5.08323
PV α7 + SOM α7 + SOM β2 + NDNF α7,prediction,4,24,2.27639,0.000244041,0.559563,9.13135,5.07533
PV α7 + SOM α7 + SOM β2 + NDNF α7,prediction,4,25,2.30916,0.000240139,0.556969,9.17452,5.10047
PV α7 + SOM α7 + SOM β2 + NDNF α7,prediction,4,26,2.32913,0.000235826,0.550879,9.21688,5.12633
PV α7 + SOM α7 + SOM β2 + NDNF α7,prediction,4,27,2.29939,0.000240406,0.555076,9.1422,5.07928
PV α7 + SOM α7 + SOM β2 + NDNF α7,prediction,4,28,2.33036,0.00023554,0.550229,9.21081,5.11997
PV α7 + SOM α7 + SOM β2 + NDNF α7,prediction,4,29,2.27749,0.000242468,0.555797,9.12348,5.06775
PV α7 + SOM α7 + SOM β2 + NDNF α7,prediction,4,30,2.25644,0.000247817,0.563072,9.0751,5.03965
PV α7 + SOM α7 + SOM β2 + NDNF α7,prediction,4,31,2.29359,0.000241422,0.557084,9.1443,5.08196
PV α7 + SOM α7 + SOM β2 + NDNF α7,prediction,4,32,2.28475,0.00024447,0.561676,9.12291,5.06959
PV α7 + SOM α7 + SOM β2 + NDNF α7,prediction,4,33,2.27761,0.000245976,0.564001,9.10549,5.06054
PV α7 + SOM α7 + SOM β2 + NDNF α7,prediction,4,34,2.28491,0.000243151,0.559632,9.13447,5.07785
PV α7 + SOM α7 + SOM β2 + NDNF α7,prediction,4,35,2.25244,0.000249206,0.564406,9.06907,5.03538
PV α7 + SOM α7 + SOM β2 + NDNF α7,prediction,4,36,2.25311,0.000249032,0.566297,9.0637,5.03463
PV α7 + SOM α7 + SOM β2 + NDNF α7,prediction,4,37,2.2993,0.000239942,0.554282,9.156,5.08754
PV α7 + SOM α7 + SOM β2 + NDNF α7,prediction,4,38,2.22909,0.000252222,0.567124,9.03462,5.01527
PV α7 + SOM α7 + SOM β2 + NDNF α7,prediction,4,39,2.30517,0.000239955,0.554815,9.15153,5.08409
PV α7 + SOM α7 + SOM β2 + NDNF α7,prediction,4,40,2.2603,0.0002474,0.563208,9.07852,5.04187
PV α7 + SOM α7 + SOM β2 + NDNF α7,prediction,4,41,2.2796,0.000243553,0.55786,9.13648,5.0766
PV α7 + SOM α7 + SOM β2 + NDNF α7,prediction,4,42,2.30907,0.000239252,0.555079,9.17788,5.10218
PV α7 + SOM α7 + SOM β2 + NDNF α7,prediction,4,43,2.27608,0.00024562,0.562699,9.11355,5.06424
PV α7 + SOM α7 + SOM β2 + NDNF α7,prediction,4,44,2.28749,0.000242839,0.558339,9.12011,5.066
PV α7 + SOM α7 + SOM β2 + NDNF α7,prediction,4,45,2.31982,0.000238648,0.55636,9.18237,5.10699
PV α7 + SOM α7 + SOM β2 + NDNF α7,prediction,4,46,2.26037,0.000247746,0.564017,9.08218,5.04475
PV α7 + SOM α7 + SOM β2 + NDNF α7,prediction,4,47,2.34141,0.000234072,0.550136,9.23822,5.13921
PV α7 + SOM α7 + SOM β2 + NDNF α7,prediction,4,48,2.29082,0.000242622,0.558298,9.13834,5.07747
PV α7 + SOM α7 + SOM β2 + NDNF α7,prediction,4,49,2.26083,0.00024575,0.559922,9.09243,5.04971
PV α7 + SOM α7 + SOM β2 + NDNF β2,prediction,4,0,2.04155,0.0018771,1.50424,4.93404,5.04121
PV α7 + SOM α7 + SOM β2 + NDNF β2,prediction,4,1,2.03953,0.00187839,1.50502,4.93437,5.05071
PV α7 + SOM α7 + SOM β2 + NDNF β2,prediction,4,2,2.04804,0.00187756,1.50662,4.93911,5.05342
PV α7 + SOM α7 + SOM β2 + NDNF β2,prediction,4,3,2.04446,0.00187875,1.50536,4.9367,5.05264
PV α7 + SOM α7 + SOM β2 + NDNF β2,prediction,4,4,2.05181,0.00187663,1.50586,4.93569,5.05634
PV α7 + SOM α7 + SOM β2 + NDNF β2,prediction,4,5,2.03335,0.00187803,1.50246,4.9268,5.03429
PV α7 + SOM α7 + SOM β2 + NDNF β2,prediction,4,6,2.05071,0.00187841,1.50746,4.93935,5.05675
PV α7 + SOM α7 + SOM β2 + NDNF β2,prediction,4,7,2.05775,0.00187704,1.50679,4.93993,5.0656
PV α7 + SOM α7 + SOM β2 + NDNF β2,prediction,4,8,2.03859,0.00187873,1.5049,4.93528,5.04759
PV α7 + SOM α7 + SOM β2 + NDNF β2,prediction,4,9,2.04843,0.00187728,1.5066,4.93995,5.06148
PV α7 + SOM α7 + SOM β2 + NDNF β2,prediction,4,10,2.04661,0.00187723,1.50682,4.94181,5.06275
PV α7 + SOM α7 + SOM β2 + NDNF β2,prediction,4,11,2.02409,0.00187912,1.50077,4.91844,5.0175
PV α7 + SOM α7 + SOM β2 + NDNF β2,prediction,4,12,2.04199,0.00187935,1.50551,4.93111,5.04855
PV α7 + SOM α7 + SOM β2 + NDNF β2,prediction,4,13,2.0154,0.00187944,1.50041,4.91846,5.01367
PV α7 + SOM α7 + SOM β2 + NDNF β2,prediction,4,14,2.06514,0.00187702,1.50871,4.94525,5.07512
PV α7 + SOM α7 + SOM β2 + NDNF β2,prediction,4,15,2.03941,0.00187414,1.50574,4.94297,5.04843
PV α7 + SOM α7 + SOM β2 + NDNF β2,prediction,4,16,1.99436,0.00188101,1.49712,4.90693,4.99011
PV α7 + SOM α7 + SOM β2 + NDNF β2,prediction,4,17,2.02721,0.0018796,1.50213,4.92453,5.02507
PV α7 + SOM α7 + SOM β2 + NDNF β2,prediction,4,18,2.00771,0.00188025,1.49829,4.9118,4.99569
PV α7 + SOM α7 + SOM β2 + NDNF β2,prediction,4,19,2.016,0.00187919,1.49939,4.9185,5.01123
PV α7 + SOM α7 + SOM β2 + NDNF β2,prediction,4,20,2.0152,0.00187796,1.50123,4.92247,5.01484
PV α7 + SOM α7 + SOM β2 + NDNF β2,prediction,4,21,2.01685,0.00188062,1.50083,4.91673,5.01051
PV α7 + SOM α7 + SOM β2 + NDNF β2,prediction,4,22,1.99553,0.00187965,1.49586,4.90685,4.99198
PV α7 + SOM α7 + SOM β2 + NDNF β2,prediction,4,23,2.02482,0.00187634,1.5022,4.92644,5.02407
PV α7 + SOM α7 + SOM β2 + NDNF β2,prediction,4,24,2.039,0.00187859,1.50422,4.93014,5.04324
PV α7 + SOM α7 + SOM β2 + NDNF β2,prediction,4,25,2.01086,0.00187807,1.49873,4.9124,5.0007
PV α7 + SOM α7 + SOM β2 + NDNF β2,prediction,4,26,2.01152,0.00188099,1.4993,4.91488,5.01144
PV α7 + SOM α7 + SOM β2 + NDNF β2,prediction,4,27,2.04651,0.00187834,1.50634,4.94166,5.06474
PV α7 + SOM α7 + SOM β2 + NDNF β2,prediction,4,28,2.04605,0.00187748,1.50731,4.94543,5.06436
PV α7 + SOM α7 + SOM β2 + NDNF β2,prediction,4,29,1.99497,0.00187966,1.4982,4.91616,4.99521
PV α7 + SOM α7 + SOM β2 + NDNF β2,prediction,4,30,2.03084,0.00187486,1.50276,4.9282,5.02532
PV α7 + SOM α7 + SOM β2 + NDNF β2,prediction,4,31,2.05255,0.00187693,1.5064,4.94159,5.06249
PV α7 + SOM α7 + SOM β2 + NDNF β2,prediction,4,32,2.00674,0.00187848,1.49823,4.91621,5.01046
PV α7 + SOM α7 + SOM β2 + NDNF β2,prediction,4,33,2.02191,0.00187882,1.50315,4.93168,5.03398
PV α7 + SOM α7 + SOM β2 + NDNF β2,prediction,4,34,2.04196,0.00187891,1.50514,4.93416,5.04985
PV α7 + SOM α7 + SOM β2 + NDNF β2,prediction,4,35,1.99244,0.00188062,1.49506,4.90205,4.9805
PV α7 + SOM α7 + SOM β2 + NDNF β2,prediction,4,36,2.0407,0.00187712,1.50563,4.94184,5.05874
PV α7 + SOM α7 + SOM β2 + NDNF β2,prediction,4,37,2.06008,0.0018781,1.5084,4.94442,5.07001
PV α7 + SOM α7 + SOM β2 + NDNF β2,prediction,4,38,2.02577,0.00187641,1.5019,4.92872,5.01891
PV α7 + SOM α7 + SOM β2 + NDNF β2,prediction,4,39,2.04284,0.00187826,1.5051,4.93375,5.04951
PV α7 + SOM α7 + SOM β2 + NDNF β2,prediction,4,40,2.04177,0.00188019,1.50476,4.93115,5.03967
PV α7 + SOM α7 + SOM β2 + NDNF β2,prediction,4,41,2.04229,0.00187837,1.50432,4.9301,5.04506
PV α7 + SOM α7 + SOM β2 + NDNF β2,prediction,4,42,2.03045,0.00187567,1.5031,4.93205,5.04153
PV α7 + SOM α7 + SOM β2 + NDNF β2,prediction,4,43,2.03348,0.001878,1.50328,4.92649,5.03273
PV α7 + SOM α7 + SOM β2 + NDNF β2,prediction,4,44,1.99817,0.00187874,1.49625,4.90659,4.98771
PV α7 + SOM α7 + SOM β2 + NDNF β2,prediction,4,45,1.98253,0.00188182,1.49282,4.89668,4.96859
PV α7 + SOM α7 + SOM β2 + NDNF β2,prediction,4,46,2.03618,0.00187837,1.50417,4.93256,5.04081
PV α7 + SOM α7 + SOM β2 + NDNF β2,prediction,4,47,2.02086,0.00187733,1.50195,4.92914,5.01935
PV α7 + SOM α7 + SOM β2 + NDNF β2,prediction,4,48,2.01357,0.00187853,1.5017,4.92795,5.01986
PV α7 + SOM α7 + SOM β2 + NDNF β2,prediction,4,49,2.06203,0.00187486,1.50989,4.95263,5.07484
PV α7 + SOM α7 + VIP α5 + NDNF α7,prediction,4,0,2.30851,0.0779143,6.54515,0.0507961,5.07508
PV α7 + SOM α7 + VIP α5 + NDNF α7,prediction,4,1,2.28775,0.0775189,6.52201,0.0505916,5.05332
PV α7 + SOM α7 + VIP α5 + NDNF α7,prediction,4,2,2.25096,0.0768269,6.48262,0.0502064,5.01567
PV α7 + SOM α7 + VIP α5 + NDNF α7,prediction,4,3,2.26478,0.0769744,6.48822,0.0503088,5.0204
PV α7 + SOM α7 + VIP α5 + NDNF α7,prediction,4,4,2.26221,0.0771063,6.49918,0.0503605,5.03195
PV α7 + SOM α7 + VIP α5 + NDNF α7,prediction,4,5,2.27595,0.0773373,6.51478,0.0504921,5.04619
PV α7 + SOM α7 + VIP α5 + NDNF α7,prediction,4,6,2.31729,0.0781222,6.55894,0.0509088,5.08811
PV α7 + SOM α7 + VIP α5 + NDNF α7,prediction,4,7,2.29221,0.0777364,6.5381,0.0506839,5.06954
PV α7 + SOM α7 + VIP α5 + NDNF α7,prediction,4,8,2.26764,0.0771526,6.50489,0.0503857,5.0359
PV α7 + SOM α7 + VIP α5 + NDNF α7,prediction,4,9,2.2979,0.0777406,6.5352,0.0507083,5.06599
PV α7 + SOM α7 + VIP α5 + NDNF α7,prediction,4,10,2.27206,0.0772318,6.50265,0.0504442,5.03541
PV α7 + SOM α7 + VIP α5 + NDNF α7,prediction,4,11,2.274,0.0771664,6.49682,0.0504166,5.02939
PV α7 + SOM α7 + VIP α5 + NDNF α7,prediction,4,12,2.28177,0.077393,6.51025,0.0505369,5.04308
PV α7 + SOM α7 + VIP α5 + NDNF α7,prediction,4,13,2.26756,0.0771591,6.50202,0.0503899,5.03411
PV α7 + SOM α7 + VIP α5 + NDNF α7,prediction,4,14,2.24413,0.0766868,6.4724,0.0501513,5.00639
PV α7 + SOM α7 + VIP α5 + NDNF α7,prediction,4,15,2.27329,0.0772974,6.50856,0.0504753,5.04086
PV α7 + SOM α7 + VIP α5 + NDNF α7,prediction,4,16,2.27225,0.0772489,6.50833,0.0504383,5.03983
PV α7 + SOM α7 + VIP α5 + NDNF α7,prediction,4,17,2.27424,0.0773067,6.51118,0.0504743,5.04264
PV α7 + SOM α7 + VIP α5 + NDNF α7,prediction,4,18,2.34,0.0785979,6.58524,0.0511605,5.11474
PV α7 + SOM α7 + VIP α5 + NDNF α7,prediction,4,19,2.25897,0.0770531,6.49456,0.0503437,5.02757
PV α7 + SOM α7 + VIP α5 + NDNF α7,prediction,4,20,2.32122,0.0781337,6.55691,0.0509152,5.0867
PV α7 + SOM α7 + VIP α5 + NDNF α7,prediction,4,21,2.25323,0.0767652,6.47186,0.0502002,5.0061
PV α7 + SOM α7 + VIP α5 + NDNF α7,prediction,4,22,2.28425,0.077546,6.52939,0.0505993,5.05906
PV α7 + SOM α7 + VIP α5 + NDNF α7,prediction,4,23,2.24215,0.076602,6.46646,0.0500893,5.00036
PV α7 + SOM α7 + VIP α5 + NDNF α7,prediction,4,24,2.28033,0.0774183,6.51659,0.0505264,5.04843
PV α7 + SOM α7 + VIP α5 + NDNF α7,prediction,4,25,2.29797,0.0776586,6.53113,0.0506716,5.06116
PV α7 + SOM α7 + VIP α5 + NDNF α7,prediction,4,26,2.29586,0.0776446,6.53322,0.0506574,5.06195
PV α7 + SOM α7 + VIP α5 + NDNF α7,prediction,4,27,2.28976,0.0775962,6.53014,0.0506299,5.06042
PV α7 + SOM α7 + VIP α5 + NDNF α7,prediction,4,28,2.25905,0.0770226,6.49573,0.0503249,5.02769
PV α7 + SOM α7 + VIP α5 + NDNF α7,prediction,4,29,2.28263,0.0773521,6.51042,0.0504974,5.04238
PV α7 + SOM α7 + VIP α5 + NDNF α7,prediction,4,30,2.28385,0.0775112,6.52228,0.0505622,5.05468
PV α7 + SOM α7 + VIP α5 + NDNF α7,prediction,4,31,2.31819,0.0780632,6.54687,0.0509114,5.07846
PV α7 + SOM α7 + VIP α5 + NDNF α7,prediction,4,32,2.25617,0.0769932,6.49253,0.0503211,5.02506
PV α7 + SOM α7 + VIP α5 + NDNF α7,prediction,4,33,2.25727,0.0769223,6.48194,0.0502785,5.01628
PV α7 + SOM α7 + VIP α5 + NDNF α7,prediction,4,34,2.25638,0.0768047,6.47391,0.0502031,5.00848
PV α7 + SOM α7 + VIP α5 + NDNF α7,prediction,4,35,2.26527,0.0771547,6.50334,0.0503884,5.03518
PV α7 + SOM α7 + VIP α5 + NDNF α7,prediction,4,36,2.35138,0.0787446,6.59009,0.0512558,5.1196
PV α7 + SOM α7 + VIP α5 + NDNF α7,prediction,4,37,2.27454,0.0772107,6.4992,0.0504409,5.03239
PV α7 + SOM α7 + VIP α5 + NDNF α7,prediction,4,38,2.26133,0.0770434,6.49611,0.05033,5.02787
PV α7 + SOM α7 + VIP α5 + NDNF α7,prediction,4,39,2.29927,0.0777177,6.5299,0.0506959,5.06154
PV α7 + SOM α7 + VIP α5 + NDNF α7,prediction,4,40,2.31492,0.0781018,6.55842,0.0509103,5.08769
PV α7 + SOM α7 + VIP α5 + NDNF α7,prediction,4,41,2.32501,0.0782603,6.56608,0.0509889,5.09634
PV α7 + SOM α7 + VIP α5 + NDNF α7,prediction,4,42,2.24911,0.0767894,6.4806,0.0502048,5.01305
PV α7 + SOM α7 + VIP α5 + NDNF α7,prediction,4,43,2.22866,0.07636,6.45593,0.049984,4.98847
PV α7 + SOM α7 + VIP α5 + NDNF α7,prediction,4,44,2.27904,0.0773966,6.51575,0.0505398,5.04699
PV α7 + SOM α7 + VIP α5 + NDNF α7,prediction,4,45,2.2723,0.0772896,6.51675,0.0504533,5.04594
PV α7 + SOM α7 + VIP α5 + NDNF α7,prediction,4,46,2.26523,0.0770686,6.49472,0.050352,5.02668
PV α7 + SOM α7 + VIP α5 + NDNF α7,prediction,4,47,2.27649,0.0773469,6.51122,0.050519,5.04277
PV α7 + SOM α7 + VIP α5 + NDNF α7,prediction,4,48,2.30638,0.077884,6.54345,0.0507971,5.07365
PV α7 + SOM α7 + VIP α5 + NDNF α7,prediction,4,49,2.29315,0.0776232,6.52304,0.0506577,5.05579
PV α7 + SOM α7 + VIP α5 + NDNF β2,prediction,4,0,2.05093,0.0780388,3.97647,0.0185554,4.96799
PV α7 + SOM α7 + VIP α5 + NDNF β2,prediction,4,1,2.02946,0.077529,3.96043,0.0185495,4.93769
PV α7 + SOM α7 + VIP α5 + NDNF β2,prediction,4,2,1.99972,0.0769393,3.94548,0.0185577,4.90888
PV α7 + SOM α7 + VIP α5 + NDNF β2,prediction,4,3,2.01044,0.077177,3.95119,0.0185628,4.91967
PV α7 + SOM α7 + VIP α5 + NDNF β2,prediction,4,4,2.03423,0.0776855,3.96956,0.0185696,4.95228
PV α7 + SOM α7 + VIP α5 + NDNF β2,prediction,4,5,2.03002,0.0774549,3.95773,0.0185528,4.93238
PV α7 + SOM α7 + VIP α5 + NDNF β2,prediction,4,6,2.018,0.0772978,3.95668,0.0185754,4.92763
PV α7 + SOM α7 + VIP α5 + NDNF β2,prediction,4,7,2.0233,0.0774065,3.9587,0.0185612,4.93374
PV α7 + SOM α7 + VIP α5 + NDNF β2,prediction,4,8,2.07492,0.0785098,3.98999,0.0185577,4.99237
PV α7 + SOM α7 + VIP α5 + NDNF β2,prediction,4,9,2.01645,0.0773173,3.95619,0.0185453,4.92989
PV α7 + SOM α7 + VIP α5 + NDNF β2,prediction,4,10,2.0539,0.0780617,3.97817,0.0185646,4.96906
PV α7 + SOM α7 + VIP α5 + NDNF β2,prediction,4,11,2.00085,0.0769563,3.94507,0.0185678,4.90752
PV α7 + SOM α7 + VIP α5 + NDNF β2,prediction,4,12,2.0384,0.0776701,3.967,0.018567,4.94745
PV α7 + SOM α7 + VIP α5 + NDNF β2,prediction,4,13,2.01633,0.0773317,3.95667,0.0185408,4.9316
PV α7 + SOM α7 + VIP α5 + NDNF β2,prediction,4,14,2.01077,0.0772136,3.95434,0.0185548,4.92531
PV α7 + SOM α7 + VIP α5 + NDNF β2,prediction,4,15,2.01537,0.0773053,3.95583,0.0185636,4.92827
PV α7 + SOM α7 + VIP α5 + NDNF β2,prediction,4,16,2.02163,0.0774099,3.95959,0.0185738,4.93372
PV α7 + SOM α7 + VIP α5 + NDNF β2,prediction,4,17,1.99317,0.0767502,3.94012,0.0185591,4.89792
PV α7 + SOM α7 + VIP α5 + NDNF β2,prediction,4,18,2.01085,0.0771551,3.94956,0.0185556,4.91764
PV α7 + SOM α7 + VIP α5 + NDNF β2,prediction,4,19,2.03269,0.0777044,3.96871,0.0185651,4.95188
PV α7 + SOM α7 + VIP α5 + NDNF β2,prediction,4,20,2.05576,0.0781781,3.98114,0.0185557,4.97606
PV α7 + SOM α7 + VIP α5 + NDNF β2,prediction,4,21,1.99914,0.0769078,3.94518,0.0185787,4.9061
PV α7 + SOM α7 + VIP α5 + NDNF β2,prediction,4,22,2.0103,0.0770949,3.95176,0.0185977,4.91531
PV α7 + SOM α7 + VIP α5 + NDNF β2,prediction,4,23,2.06058,0.0783277,3.98715,0.0185665,4.98656
PV α7 + SOM α7 + VIP α5 + NDNF β2,prediction,4,24,2.04192,0.0778681,3.97233,0.0185352,4.96178
PV α7 + SOM α7 + VIP α5 + NDNF β2,prediction,4,25,2.03165,0.0776492,3.96568,0.0185351,4.94889
PV α7 + SOM α7 + VIP α5 + NDNF β2,prediction,4,26,2.03727,0.0778264,3.97431,0.0186015,4.95852
PV α7 + SOM α7 + VIP α5 + NDNF β2,prediction,4,27,2.02741,0.0775231,3.96211,0.0185572,4.94
PV α7 + SOM α7 + VIP α5 + NDNF β2,prediction,4,28,2.03323,0.0776461,3.96574,0.0185588,4.94684
PV α7 + SOM α7 + VIP α5 + NDNF β2,prediction,4,29,2.02952,0.0775791,3.96395,0.0185551,4.94383
PV α7 + SOM α7 + VIP α5 + NDNF β2,prediction,4,30,2.05355,0.0781188,3.97842,0.0185522,4.97241
PV α7 + SOM α7 + VIP α5 + NDNF β2,prediction,4,31,2.03163,0.0776459,3.96528,0.0185727,4.94513
PV α7 + SOM α7 + VIP α5 + NDNF β2,prediction,4,32,1.99964,0.0769802,3.9474,0.018583,4.91098
PV α7 + SOM α7 + VIP α5 + NDNF β2,prediction,4,33,2.04442,0.0779171,3.97416,0.0185705,4.96253
PV α7 + SOM α7 + VIP α5 + NDNF β2,prediction,4,34,2.03074,0.0776464,3.96713,0.0185578,4.94923
PV α7 + SOM α7 + VIP α5 + NDNF β2,prediction,4,35,2.0485,0.0779185,3.97099,0.0185518,4.95762
PV α7 + SOM α7 + VIP α5 + NDNF β2,prediction,4,36,2.03987,0.0778315,3.97121,0.0185917,4.95442
PV α7 + SOM α7 + VIP α5 + NDNF β2,prediction,4,37,2.04597,0.0778978,3.97248,0.0185376,4.96136
PV α7 + SOM α7 + VIP α5 + NDNF β2,prediction,4,38,2.0566,0.0781275,3.97989,0.0185479,4.97414
PV α7 + SOM α7 + VIP α5 + NDNF β2,prediction,4,39,2.04841,0.0780741,3.98151,0.0185791,4.97403
PV α7 + SOM α7 + VIP α5 + NDNF β2,prediction,4,40,2.01557,0.0773791,3.9609,0.0185621,4.93741
PV α7 + SOM α7 + VIP α5 + NDNF β2,prediction,4,41,2.04742,0.0779715,3.97617,0.0185541,4.96638
PV α7 + SOM α7 + VIP α5 + NDNF β2,prediction,4,42,2.03154,0.077667,3.96844,0.0185914,4.94899
PV α7 + SOM α7 + VIP α5 + NDNF β2,prediction,4,43,2.02169,0.0774342,3.96082,0.0185788,4.93553
PV α7 + SOM α7 + VIP α5 + NDNF β2,prediction,4,44,2.026,0.0775291,3.96396,0.018563,4.94263
PV α7 + SOM α7 + VIP α5 + NDNF β2,prediction,4,45,2.03647,0.0777282,3.96583,0.0185503,4.94855
PV α7 + SOM α7 + VIP α5 + NDNF β2,prediction,4,46,2.0099,0.0771792,3.95271,0.0185611,4.92237
PV α7 + SOM α7 + VIP α5 + NDNF β2,prediction,4,47,2.034,0.0776829,3.96578,0.0185527,4.94865
PV α7 + SOM α7 + VIP α5 + NDNF β2,prediction,4,48,2.0298,0.0775663,3.96313,0.0185534,4.94251
PV α7 + SOM α7 + VIP α5 + NDNF β2,prediction,4,49,2.03958,0.0778352,3.97068,0.0185378,4.95856
PV α7 + SOM α7 + NDNF α7 + NDNF β2,prediction,4,0,2.34065,0.000778119,0.463994,9.72435,3.6837
PV α7 + SOM α7 + NDNF α7 + NDNF β2,prediction,4,1,2.31172,0.000796149,0.469673,9.67753,3.66566
PV α7 + SOM α7 + NDNF α7 + NDNF β2,prediction,4,2,2.35448,0.00077196,0.462403,9.74531,3.69322
PV α7 + SOM α7 + NDNF α7 + NDNF β2,prediction,4,3,2.31832,0.000787292,0.466024,9.69577,3.67196
PV α7 + SOM α7 + NDNF α7 + NDNF β2,prediction,4,4,2.28969,0.00081153,0.474326,9.62983,3.64424
PV α7 + SOM α7 + NDNF α7 + NDNF β2,prediction,4,5,2.3047,0.000796869,0.468821,9.65752,3.65502
PV α7 + SOM α7 + NDNF α7 + NDNF β2,prediction,4,6,2.30818,0.000793504,0.467743,9.65783,3.65525
PV α7 + SOM α7 + NDNF α7 + NDNF β2,prediction,4,7,2.30866,0.000800286,0.47114,9.66277,3.65968
PV α7 + SOM α7 + NDNF α7 + NDNF β2,prediction,4,8,2.33904,0.00077509,0.461648,9.72498,3.68333
PV α7 + SOM α7 + NDNF α7 + NDNF β2,prediction,4,9,2.31201,0.000790852,0.466748,9.67102,3.66053
PV α7 + SOM α7 + NDNF α7 + NDNF β2,prediction,4,10,2.28082,0.000810253,0.472885,9.61132,3.63622
PV α7 + SOM α7 + NDNF α7 + NDNF β2,prediction,4,11,2.31651,0.000786873,0.464445,9.67954,3.66235
PV α7 + SOM α7 + NDNF α7 + NDNF β2,prediction,4,12,2.2908,0.000804219,0.470394,9.63698,3.64561
PV α7 + SOM α7 + NDNF α7 + NDNF β2,prediction,4,13,2.30984,0.000787753,0.46406,9.67821,3.66126
PV α7 + SOM α7 + NDNF α7 + NDNF β2,prediction,4,14,2.29379,0.000802308,0.470822,9.63275,3.64613
PV α7 + SOM α7 + NDNF α7 + NDNF β2,prediction,4,15,2.27154,0.000816011,0.474869,9.57842,3.62351
PV α7 + SOM α7 + NDNF α7 + NDNF β2,prediction,4,16,2.31718,0.000787949,0.466276,9.6847,3.66785
PV α7 + SOM α7 + NDNF α7 + NDNF β2,prediction,4,17,2.30053,0.000794457,0.467271,9.66379,3.65714
PV α7 + SOM α7 + NDNF α7 + NDNF β2,prediction,4,18,2.30337,0.000799307,0.469828,9.65433,3.65534
PV α7 + SOM α7 + NDNF α7 + NDNF β2,prediction,4,19,2.3228,0.000783378,0.463915,9.70578,3.67411
PV α7 + SOM α7 + NDNF α7 + NDNF β2,prediction,4,20,2.33688,0.000782597,0.466213,9.72117,3.68456
PV α7 + SOM α7 + NDNF α7 + NDNF β2,prediction,4,21,2.3187,0.000790684,0.467607,9.68343,3.66689
PV α7 + SOM α7 + NDNF α7 + NDNF β2,prediction,4,22,2.33012,0.000775943,0.460723,9.72203,3.67939
PV α7 + SOM α7 + NDNF α7 + NDNF β2,prediction,4,23,2.24087,0.000830772,0.478468,9.54601,3.60872
PV α7 + SOM α7 + NDNF α7 + NDNF β2,prediction,4,24,2.33903,0.000778991,0.464043,9.73613,3.68845
PV α7 + SOM α7 + NDNF α7 + NDNF β2,prediction,4,25,2.33853,0.000780297,0.465052,9.71755,3.68275
PV α7 + SOM α7 + NDNF α7 + NDNF β2,prediction,4,26,2.2978,0.000800808,0.470642,9.64571,3.6524
PV α7 + SOM α7 + NDNF α7 + NDNF β2,prediction,4,27,2.28006,0.000807623,0.471323,9.61301,3.63602
PV α7 + SOM α7 + NDNF α7 + NDNF β2,prediction,4,28,2.34103,0.000777317,0.462824,9.72401,3.6826
PV α7 + SOM α7 + NDNF α7 + NDNF β2,prediction,4,29,2.29612,0.0007961,0.467515,9.65124,3.65167
PV α7 + SOM α7 + NDNF α7 + NDNF β2,prediction,4,30,2.29817,0.00079906,0.469209,9.639,3.6484
PV α7 + SOM α7 + NDNF α7 + NDNF β2,prediction,4,31,2.31493,0.000790889,0.466713,9.67946,3.66364
PV α7 + SOM α7 + NDNF α7 + NDNF β2,prediction,4,32,2.31113,0.000792235,0.467389,9.67162,3.66164
PV α7 + SOM α7 + NDNF α7 + NDNF β2,prediction,4,33,2.33205,0.000783542,0.465948,9.7141,3.68069
PV α7 + SOM α7 + NDNF α7 + NDNF β2,prediction,4,34,2.32061,0.000792995,0.469717,9.68277,3.66981
PV α7 + SOM α7 + NDNF α7 + NDNF β2,prediction,4,35,2.31321,0.00078988,0.466079,9.66801,3.65886
PV α7 + SOM α7 + NDNF α7 + NDNF β2,prediction,4,36,2.29093,0.000806244,0.472115,9.61707,3.64044
PV α7 + SOM α7 + NDNF α7 + NDNF β2,prediction,4,37,2.28552,0.000809076,0.473018,9.60767,3.63621
PV α7 + SOM α7 + NDNF α7 + NDNF β2,prediction,4,38,2.32295,0.000788587,0.466426,9.69777,3.67101
PV α7 + SOM α7 + NDNF α7 + NDNF β2,prediction,4,39,2.28106,0.000808206,0.471091,9.59364,3.62728
PV α7 + SOM α7 + NDNF α7 + NDNF β2,prediction,4,40,2.29648,0.000803644,0.471151,9.6279,3.64275
PV α7 + SOM α7 + NDNF α7 + NDNF β2,prediction,4,41,2.28904,0.000805754,0.471457,9.62417,3.64167
PV α7 + SOM α7 + NDNF α7 + NDNF β2,prediction,4,42,2.29242,0.000811249,0.475307,9.62865,3.64714
PV α7 + SOM α7 + NDNF α7 + NDNF β2,prediction,4,43,2.28229,0.000812251,0.473876,9.59536,3.62976
PV α7 + SOM α7 + NDNF α7 + NDNF β2,prediction,4,44,2.28773,0.000804521,0.470691,9.62925,3.64376
PV α7 + SOM α7 + NDNF α7 + NDNF β2,prediction,4,45,2.28517,0.00080321,0.469506,9.61999,3.6374
PV α7 + SOM α7 + NDNF α7 + NDNF β2,prediction,4,46,2.34825,0.000773975,0.462815,9.7461,3.69363
PV α7 + SOM α7 + NDNF α7 + NDNF β2,prediction,4,47,2.35858,0.000770673,0.462012,9.77257,3.70537
PV α7 + SOM α7 + NDNF α7 + NDNF β2,prediction,4,48,2.31109,0.000791316,0.466765,9.6695,3.6599
PV α7 + SOM α7 + NDNF α7 + NDNF β2,prediction,4,49,2.35638,0.00076738,0.459759,9.75203,3.69422
PV α7 + SOM β2 + VIP α5 + NDNF α7,prediction,4,0,1.78736,1.87554,3.95257,0.0317526,2.90575
PV α7 + SOM β2 + VIP α5 + NDNF α7,prediction,4,1,1.78912,1.87585,3.95206,0.0317704,2.90413
PV α7 + SOM β2 + VIP α5 + NDNF α7,prediction,4,2,1.80058,1.88391,3.96095,0.031876,2.90776
PV α7 + SOM β2 + VIP α5 + NDNF α7,prediction,4,3,1.81475,1.89259,3.97154,0.0319771,2.9136
PV α7 + SOM β2 + VIP α5 + NDNF α7,prediction,4,4,1.78031,1.87003,3.94413,0.031697,2.89908
PV α7 + SOM β2 + VIP α5 + NDNF α7,prediction,4,5,1.78148,1.87258,3.95,0.0317181,2.90567
PV α7 + SOM β2 + VIP α5 + NDNF α7,prediction,4,6,1.80709,1.88875,3.96701,0.0319084,2.91268
PV α7 + SOM β2 + VIP α5 + NDNF α7,prediction,4,7,1.82541,1.89804,3.97681,0.0320576,2.91508
PV α7 + SOM β2 + VIP α5 + NDNF α7,prediction,4,8,1.80036,1.88338,3.96072,0.0318632,2.90848
PV α7 + SOM β2 + VIP α5 + NDNF α7,prediction,4,9,1.77825,1.8689,3.94482,0.031675,2.90049
PV α7 + SOM β2 + VIP α5 + NDNF α7,prediction,4,10,1.78336,1.86885,3.94234,0.0317194,2.89548
PV α7 + SOM β2 + VIP α5 + NDNF α7,prediction,4,11,1.78728,1.87418,3.94932,0.0317479,2.9017
PV α7 + SOM β2 + VIP α5 + NDNF α7,prediction,4,12,1.80471,1.88775,3.96542,0.0319137,2.90941
PV α7 + SOM β2 + VIP α5 + NDNF α7,prediction,4,13,1.80367,1.88529,3.96367,0.0318876,2.91033
PV α7 + SOM β2 + VIP α5 + NDNF α7,prediction,4,14,1.80895,1.88941,3.96716,0.0319231,2.91162
PV α7 + SOM β2 + VIP α5 + NDNF α7,prediction,4,15,1.79845,1.8802,3.95646,0.0318422,2.90579
PV α7 + SOM β2 + VIP α5 + NDNF α7,prediction,4,16,1.77628,1.86507,3.93852,0.0316593,2.89539
PV α7 + SOM β2 + VIP α5 + NDNF α7,prediction,4,17,1.78277,1.87351,3.95052,0.031719,2.90513
PV α7 + SOM β2 + VIP α5 + NDNF α7,prediction,4,18,1.7888,1.87968,3.95745,0.0317862,2.90775
PV α7 + SOM β2 + VIP α5 + NDNF α7,prediction,4,19,1.79327,1.8801,3.95532,0.0318027,2.90586
PV α7 + SOM β2 + VIP α5 + NDNF α7,prediction,4,20,1.81049,1.88991,3.96624,0.0319513,2.90883
PV α7 + SOM β2 + VIP α5 + NDNF α7,prediction,4,21,1.79196,1.87872,3.95479,0.0317975,2.90509
PV α7 + SOM β2 + VIP α5 + NDNF α7,prediction,4,22,1.81821,1.8944,3.97181,0.0320049,2.91178
PV α7 + SOM β2 + VIP α5 + NDNF α7,prediction,4,23,1.76811,1.86291,3.93659,0.0316031,2.89545
PV α7 + SOM β2 + VIP α5 + NDNF α7,prediction,4,24,1.82937,1.90368,3.98268,0.032099,2.91915
PV α7 + SOM β2 + VIP α5 + NDNF α7,prediction,4,25,1.79487,1.8791,3.95706,0.0318168,2.90688
PV α7 + SOM β2 + VIP α5 + NDNF α7,prediction,4,26,1.80125,1.88442,3.96321,0.0318668,2.91118
PV α7 + SOM β2 + VIP α5 + NDNF α7,prediction,4,27,1.78707,1.87312,3.94738,0.0317347,2.90061
PV α7 + SOM β2 + VIP α5 + NDNF α7,prediction,4,28,1.82234,1.8973,3.97526,0.0320423,2.91411
PV α7 + SOM β2 + VIP α5 + NDNF α7,prediction,4,29,1.75594,1.85579,3.93116,0.0315175,2.89475
PV α7 + SOM β2 + VIP α5 + NDNF α7,prediction,4,30,1.79456,1.87966,3.95588,0.0318134,2.90494
PV α7 + SOM β2 + VIP α5 + NDNF α7,prediction,4,31,1.80869,1.88835,3.96505,0.0319298,2.90892
PV α7 + SOM β2 + VIP α5 + NDNF α7,prediction,4,32,1.79797,1.88309,3.9618,0.0318534,2.90929
PV α7 + SOM β2 + VIP α5 + NDNF α7,prediction,4,33,1.80442,1.88452,3.96016,0.0318853,2.9068
PV α7 + SOM β2 + VIP α5 + NDNF α7,prediction,4,34,1.80688,1.88768,3.96485,0.0319134,2.90968
PV α7 + SOM β2 + VIP α5 + NDNF α7,prediction,4,35,1.76175,1.85732,3.93117,0.031554,2.89405
PV α7 + SOM β2 + VIP α5 + NDNF α7,prediction,4,36,1.79675,1.8833,3.96202,0.031844,2.91001
PV α7 + SOM β2 + VIP α5 + NDNF α7,prediction,4,37,1.79539,1.88491,3.96354,0.0318243,2.91261
PV α7 + SOM β2 + VIP α5 + NDNF α7,prediction,4,38,1.82082,1.89806,3.9786,0.0320302,2.91772
PV α7 + SOM β2 + VIP α5 + NDNF α7,prediction,4,39,1.76751,1.86271,3.93857,0.0316077,2.89714
PV α7 + SOM β2 + VIP α5 + NDNF α7,prediction,4,40,1.81207,1.89043,3.96896,0.0319558,2.91173
PV α7 + SOM β2 + VIP α5 + NDNF α7,prediction,4,41,1.79736,1.88309,3.96036,0.0318314,2.90854
PV α7 + SOM β2 + VIP α5 + NDNF α7,prediction,4,42,1.77154,1.86265,3.93622,0.0316215,2.89431
PV α7 + SOM β2 + VIP α5 + NDNF α7,prediction,4,43,1.78953,1.87592,3.95114,0.0317757,2.90219
PV α7 + SOM β2 + VIP α5 + NDNF α7,prediction,4,44,1.80117,1.88204,3.95763,0.0318538,2.90514
PV α7 + SOM β2 + VIP α5 + NDNF α7,prediction,4,45,1.80157,1.88681,3.96449,0.031869,2.9112
PV α7 + SOM β2 + VIP α5 + NDNF α7,prediction,4,46,1.77907,1.86554,3.94037,0.0316783,2.89606
PV α7 + SOM β2 + VIP α5 + NDNF α7,prediction,4,47,1.81628,1.89413,3.97295,0.0319878,2.91499
PV α7 + SOM β2 + VIP α5 + NDNF α7,prediction,4,48,1.78032,1.8701,3.94656,0.0316955,2.90262
PV α7 + SOM β2 + VIP α5 + NDNF α7,prediction,4,49,1.79966,1.88253,3.95872,0.0318388,2.90717
PV α7 + SOM β2 + VIP α5 + NDNF β2,prediction,4,0,1.52973,1.85381,2.95413,0.0284108,1.86443
PV α7 + SOM β2 + VIP α5 + NDNF β2,prediction,4,1,1.54163,1.86179,2.96042,0.0285453,1.86358
PV α7 + SOM β2 + VIP α5 + NDNF β2,prediction,4,2,1.52313,1.84974,2.95253,0.0283258,1.86745
PV α7 + SOM β2 + VIP α5 + NDNF β2,prediction,4,3,1.50237,1.83329,2.93828,0.0280733,1.8664
PV α7 + SOM β2 + VIP α5 + NDNF β2,prediction,4,4,1.54095,1.86202,2.96189,0.0284987,1.8677
PV α7 + SOM β2 + VIP α5 + NDNF β2,prediction,4,5,1.53433,1.85706,2.95801,0.0284658,1.86577
PV α7 + SOM β2 + VIP α5 + NDNF β2,prediction,4,6,1.5632,1.87875,2.97389,0.0287959,1.86392
PV α7 + SOM β2 + VIP α5 + NDNF β2,prediction,4,7,1.53483,1.8573,2.95743,0.0284697,1.86508
PV α7 + SOM β2 + VIP α5 + NDNF β2,prediction,4,8,1.52093,1.8479,2.94972,0.0283342,1.86424
PV α7 + SOM β2 + VIP α5 + NDNF β2,prediction,4,9,1.56284,1.87917,2.97539,0.0287679,1.86758
PV α7 + SOM β2 + VIP α5 + NDNF β2,prediction,4,10,1.53943,1.8583,2.95815,0.02851,1.86464
PV α7 + SOM β2 + VIP α5 + NDNF β2,prediction,4,11,1.54845,1.86866,2.96546,0.0286132,1.86448
PV α7 + SOM β2 + VIP α5 + NDNF β2,prediction,4,12,1.55264,1.86935,2.96738,0.0286391,1.86617
PV α7 + SOM β2 + VIP α5 + NDNF β2,prediction,4,13,1.55492,1.87624,2.97324,0.0287004,1.86745
PV α7 + SOM β2 + VIP α5 + NDNF β2,prediction,4,14,1.53905,1.86096,2.96088,0.0285107,1.86684
PV α7 + SOM β2 + VIP α5 + NDNF β2,prediction,4,15,1.55389,1.87433,2.97042,0.0286862,1.86562
PV α7 + SOM β2 + VIP α5 + NDNF β2,prediction,4,16,1.55868,1.87534,2.97164,0.0287219,1.86545
PV α7 + SOM β2 + VIP α5 + NDNF β2,prediction,4,17,1.53949,1.86119,2.96141,0.02849,1.86773
PV α7 + SOM β2 + VIP α5 + NDNF β2,prediction,4,18,1.56733,1.88114,2.97606,0.0288541,1.8632
PV α7 + SOM β2 + VIP α5 + NDNF β2,prediction,4,19,1.56915,1.88655,2.98123,0.028871,1.86689
PV α7 + SOM β2 + VIP α5 + NDNF β2,prediction,4,20,1.52061,1.84669,2.95085,0.0282462,1.87042
PV α7 + SOM β2 + VIP α5 + NDNF β2,prediction,4,21,1.53481,1.85653,2.95886,0.0284225,1.86929
PV α7 + SOM β2 + VIP α5 + NDNF β2,prediction,4,22,1.52763,1.8534,2.95661,0.02836,1.87011
PV α7 + SOM β2 + VIP α5 + NDNF β2,prediction,4,23,1.56726,1.88044,2.97505,0.0288174,1.86387
PV α7 + SOM β2 + VIP α5 + NDNF β2,prediction,4,24,1.54949,1.86826,2.96503,0.0286591,1.86224
PV α7 + SOM β2 + VIP α5 + NDNF β2,prediction,4,25,1.53696,1.86068,2.95804,0.0285376,1.86105
PV α7 + SOM β2 + VIP α5 + NDNF β2,prediction,4,26,1.54395,1.86251,2.96198,0.0285692,1.86511
PV α7 + SOM β2 + VIP α5 + NDNF β2,prediction,4,27,1.56272,1.8758,2.97115,0.0287885,1.86205
PV α7 + SOM β2 + VIP α5 + NDNF β2,prediction,4,28,1.52177,1.84941,2.95258,0.0282839,1.86941
PV α7 + SOM β2 + VIP α5 + NDNF β2,prediction,4,29,1.55969,1.87609,2.97349,0.0287163,1.8686
PV α7 + SOM β2 + VIP α5 + NDNF β2,prediction,4,30,1.53667,1.85499,2.95475,0.0284545,1.86356
PV α7 + SOM β2 + VIP α5 + NDNF β2,prediction,4,31,1.54655,1.86407,2.9621,0.0285891,1.86361
PV α7 + SOM β2 + VIP α5 + NDNF β2,prediction,4,32,1.52414,1.84797,2.95017,0.028302,1.86632
PV α7 + SOM β2 + VIP α5 + NDNF β2,prediction,4,33,1.52621,1.8531,2.95518,0.0283373,1.86925
PV α7 + SOM β2 + VIP α5 + NDNF β2,prediction,4,34,1.56252,1.88083,2.97507,0.0288101,1.86383
PV α7 + SOM β2 + VIP α5 + NDNF β2,prediction,4,35,1.52741,1.85072,2.95354,0.0283393,1.86792
PV α7 + SOM β2 + VIP α5 + NDNF β2,prediction,4,36,1.57748,1.88799,2.98157,0.0289336,1.86463
PV α7 + SOM β2 + VIP α5 + NDNF β2,prediction,4,37,1.58287,1.88919,2.98084,0.0290385,1.85935
PV α7 + SOM β2 + VIP α5 + NDNF β2,prediction,4,38,1.57992,1.89397,2.98609,0.0290101,1.86465
PV α7 + SOM β2 + VIP α5 + NDNF β2,prediction,4,39,1.52492,1.84752,2.95139,0.0283116,1.8673
PV α7 + SOM β2 + VIP α5 + NDNF β2,prediction,4,40,1.5454,1.86348,2.96084,0.0285956,1.86177
PV α7 + SOM β2 + VIP α5 + NDNF β2,prediction,4,41,1.52502,1.85324,2.95397,0.0283508,1.86667
PV α7 + SOM β2 + VIP α5 + NDNF β2,prediction,4,42,1.52977,1.85474,2.95676,0.0283973,1.86786
PV α7 + SOM β2 + VIP α5 + NDNF β2,prediction,4,43,1.54654,1.86516,2.96233,0.0285894,1.86367
PV α7 + SOM β2 + VIP α5 + NDNF β2,prediction,4,44,1.54763,1.86582,2.96406,0.0285572,1.86624
PV α7 + SOM β2 + VIP α5 + NDNF β2,prediction,4,45,1.54387,1.86606,2.96451,0.0285703,1.8662
PV α7 + SOM β2 + VIP α5 + NDNF β2,prediction,4,46,1.56035,1.87499,2.97232,0.0287455,1.86591
PV α7 + SOM β2 + VIP α5 + NDNF β2,prediction,4,47,1.52793,1.85685,2.95795,0.0283739,1.86929
PV α7 + SOM β2 + VIP α5 + NDNF β2,prediction,4,48,1.5297,1.85752,2.95819,0.0283933,1.86918
PV α7 + SOM β2 + VIP α5 + NDNF β2,prediction,4,49,1.54971,1.87003,2.96886,0.0286229,1.86846
PV α7 + SOM β2 + NDNF α7 + NDNF β2,prediction,4,0,2.1261,0.135588,1.05507,6.46652,3.53164
PV α7 + SOM β2 + NDNF α7 + NDNF β2,prediction,4,1,2.11057,0.13556,1.05389,6.45125,3.5168
PV α7 + SOM β2 + NDNF α7 + NDNF β2,prediction,4,2,2.12177,0.135403,1.05351,6.46219,3.52503
PV α7 + SOM β2 + NDNF α7 + NDNF β2,prediction,4,3,2.09245,0.135431,1.05235,6.44066,3.50765
PV α7 + SOM β2 + NDNF α7 + NDNF β2,prediction,4,4,2.09469,0.135552,1.05327,6.44077,3.50426
PV α7 + SOM β2 + NDNF α7 + NDNF β2,prediction,4,5,2.11047,0.135457,1.05387,6.46023,3.52176
PV α7 + SOM β2 + NDNF α7 + NDNF β2,prediction,4,6,2.11864,0.135689,1.05552,6.46739,3.52925
PV α7 + SOM β2 + NDNF α7 + NDNF β2,prediction,4,7,2.10784,0.13535,1.05263,6.45152,3.5148
PV α7 + SOM β2 + NDNF α7 + NDNF β2,prediction,4,8,2.14268,0.134996,1.05317,6.49506,3.55336
PV α7 + SOM β2 + NDNF α7 + NDNF β2,prediction,4,9,2.08719,0.135385,1.05118,6.42381,3.49176
PV α7 + SOM β2 + NDNF α7 + NDNF β2,prediction,4,10,2.1025,0.135596,1.05437,6.45592,3.51746
PV α7 + SOM β2 + NDNF α7 + NDNF β2,prediction,4,11,2.10571,0.135562,1.05368,6.45193,3.51433
PV α7 + SOM β2 + NDNF α7 + NDNF β2,prediction,4,12,2.09472,0.135315,1.05156,6.44024,3.50579
PV α7 + SOM β2 + NDNF α7 + NDNF β2,prediction,4,13,2.16488,0.135126,1.05499,6.50757,3.56602
PV α7 + SOM β2 + NDNF α7 + NDNF β2,prediction,4,14,2.08404,0.135287,1.05076,6.42799,3.49589
PV α7 + SOM β2 + NDNF α7 + NDNF β2,prediction,4,15,2.12326,0.135715,1.0554,6.45706,3.52254
PV α7 + SOM β2 + NDNF α7 + NDNF β2,prediction,4,16,2.10378,0.135755,1.05445,6.44915,3.5123
PV α7 + SOM β2 + NDNF α7 + NDNF β2,prediction,4,17,2.1262,0.135582,1.05472,6.46306,3.52743
PV α7 + SOM β2 + NDNF α7 + NDNF β2,prediction,4,18,2.09951,0.13565,1.0541,6.45391,3.51497
PV α7 + SOM β2 + NDNF α7 + NDNF β2,prediction,4,19,2.0945,0.135109,1.05058,6.43949,3.5065
PV α7 + SOM β2 + NDNF α7 + NDNF β2,prediction,4,20,2.08504,0.135857,1.05412,6.43581,3.49809
PV α7 + SOM β2 + NDNF α7 + NDNF β2,prediction,4,21,2.09677,0.136031,1.05567,6.43635,3.50069
PV α7 + SOM β2 + NDNF α7 + NDNF β2,prediction,4,22,2.13407,0.1358,1.05735,6.48744,3.54584
PV α7 + SOM β2 + NDNF α7 + NDNF β2,prediction,4,23,2.06906,0.135838,1.05286,6.40886,3.47842
PV α7 + SOM β2 + NDNF α7 + NDNF β2,prediction,4,24,2.14099,0.135511,1.05576,6.48719,3.54714
PV α7 + SOM β2 + NDNF α7 + NDNF β2,prediction,4,25,2.06991,0.135594,1.05204,6.42285,3.48738
PV α7 + SOM β2 + NDNF α7 + NDNF β2,prediction,4,26,2.08831,0.135658,1.05312,6.43126,3.49752
PV α7 + SOM β2 + NDNF α7 + NDNF β2,prediction,4,27,2.10537,0.135552,1.05378,6.44778,3.51134
PV α7 + SOM β2 + NDNF α7 + NDNF β2,prediction,4,28,2.08445,0.135971,1.05476,6.43105,3.49467
PV α7 + SOM β2 + NDNF α7 + NDNF β2,prediction,4,29,2.14739,0.135355,1.05512,6.49101,3.5502
PV α7 + SOM β2 + NDNF α7 + NDNF β2,prediction,4,30,2.14183,0.135473,1.05534,6.48121,3.54436
PV α7 + SOM β2 + NDNF α7 + NDNF β2,prediction,4,31,2.16781,0.134959,1.05404,6.51205,3.57003
PV α7 + SOM β2 + NDNF α7 + NDNF β2,prediction,4,32,2.08356,0.135823,1.05382,6.42681,3.49552
PV α7 + SOM β2 + NDNF α7 + NDNF β2,prediction,4,33,2.11262,0.135163,1.05156,6.45247,3.51947
PV α7 + SOM β2 + NDNF α7 + NDNF β2,prediction,4,34,2.14168,0.135513,1.05557,6.4828,3.54455
PV α7 + SOM β2 + NDNF α7 + NDNF β2,prediction,4,35,2.0728,0.135555,1.05206,6.42407,3.49046
PV α7 + SOM β2 + NDNF α7 + NDNF β2,prediction,4,36,2.07629,0.135873,1.05381,6.42295,3.48793
PV α7 + SOM β2 + NDNF α7 + NDNF β2,prediction,4,37,2.14963,0.135046,1.05334,6.488,3.55012
PV α7 + SOM β2 + NDNF α7 + NDNF β2,prediction,4,38,2.10935,0.135679,1.05472,6.4542,3.51815
PV α7 + SOM β2 + NDNF α7 + NDNF β2,prediction,4,39,2.12538,0.135526,1.05475,6.46839,3.53205
PV α7 + SOM β2 + NDNF α7 + NDNF β2,prediction,4,40,2.11164,0.135363,1.05311,6.4582,3.52114
PV α7 + SOM β2 + NDNF α7 + NDNF β2,prediction,4,41,2.14513,0.135225,1.05404,6.48478,3.54524
PV α7 + SOM β2 + NDNF α7 + NDNF β2,prediction,4,42,2.06973,0.135624,1.05207,6.41665,3.48457
PV α7 + SOM β2 + NDNF α7 + NDNF β2,prediction,4,43,2.10461,0.13553,1.05399,6.45714,3.51974
PV α7 + SOM β2 + NDNF α7 + NDNF β2,prediction,4,44,2.10525,0.135614,1.05379,6.44882,3.514
PV α7 + SOM β2 + NDNF α7 + NDNF β2,prediction,4,45,2.08619,0.13585,1.05422,6.43227,3.49655
PV α7 + SOM β2 + NDNF α7 + NDNF β2,prediction,4,46,2.14221,0.135549,1.05627,6.49368,3.55393
PV α7 + SOM β2 + NDNF α7 + NDNF β2,prediction,4,47,2.11289,0.135449,1.05391,6.462,3.52529
PV α7 + SOM β2 + NDNF α7 + NDNF β2,prediction,4,48,2.10792,0.135597,1.05404,6.45406,3.51637
PV α7 + SOM β2 + NDNF α7 + NDNF β2,prediction,4,49,2.10414,0.135533,1.05289,6.44215,3.50605
PV α7 + VIP α5 + NDNF α7 + NDNF β2,prediction,4,0,1.41697,4.86819,3.88918,0.0563761,0.697682
PV α7 + VIP α5 + NDNF α7 + NDNF β2,prediction,4,1,1.37682,4.79742,3.85338,0.0554038,0.700316
PV α7 + VIP α5 + NDNF α7 + NDNF β2,prediction,4,2,1.41649,4.88598,3.89483,0.0565512,0.694327
PV α7 + VIP α5 + NDNF α7 + NDNF β2,prediction,4,3,1.40351,4.84365,3.87612,0.0560606,0.697889
PV α7 + VIP α5 + NDNF α7 + NDNF β2,prediction,4,4,1.41239,4.85621,3.8818,0.0562406,0.696947
PV α7 + VIP α5 + NDNF α7 + NDNF β2,prediction,4,5,1.41053,4.86489,3.88647,0.056299,0.696448
PV α7 + VIP α5 + NDNF α7 + NDNF β2,prediction,4,6,1.39968,4.83859,3.87169,0.0559992,0.696236
PV α7 + VIP α5 + NDNF α7 + NDNF β2,prediction,4,7,1.38359,4.79932,3.85656,0.055441,0.702908
PV α7 + VIP α5 + NDNF α7 + NDNF β2,prediction,4,8,1.41988,4.88617,3.89661,0.0565714,0.694458
PV α7 + VIP α5 + NDNF α7 + NDNF β2,prediction,4,9,1.39799,4.8499,3.87908,0.0560661,0.697343
PV α7 + VIP α5 + NDNF α7 + NDNF β2,prediction,4,10,1.42631,4.89574,3.9013,0.0567145,0.694266
PV α7 + VIP α5 + NDNF α7 + NDNF β2,prediction,4,11,1.40721,4.84917,3.87959,0.0561198,0.697783
PV α7 + VIP α5 + NDNF α7 + NDNF β2,prediction,4,12,1.40564,4.84608,3.87668,0.0561167,0.696996
PV α7 + VIP α5 + NDNF α7 + NDNF β2,prediction,4,13,1.42187,4.87042,3.88641,0.0564837,0.693271
PV α7 + VIP α5 + NDNF α7 + NDNF β2,prediction,4,14,1.40141,4.83542,3.87283,0.0559454,0.698903
PV α7 + VIP α5 + NDNF α7 + NDNF β2,prediction,4,15,1.39612,4.82634,3.86759,0.055834,0.698587
PV α7 + VIP α5 + NDNF α7 + NDNF β2,prediction,4,16,1.42967,4.89502,3.89963,0.0567564,0.693109
PV α7 + VIP α5 + NDNF α7 + NDNF β2,prediction,4,17,1.40849,4.86146,3.88579,0.0562353,0.697398
PV α7 + VIP α5 + NDNF α7 + NDNF β2,prediction,4,18,1.42113,4.88289,3.89616,0.0565294,0.697181
PV α7 + VIP α5 + NDNF α7 + NDNF β2,prediction,4,19,1.42594,4.88909,3.89579,0.0566729,0.692513
PV α7 + VIP α5 + NDNF α7 + NDNF β2,prediction,4,20,1.40473,4.84267,3.87409,0.0560834,0.695853
PV α7 + VIP α5 + NDNF α7 + NDNF β2,prediction,4,21,1.42099,4.87553,3.89159,0.0564803,0.695651
PV α7 + VIP α5 + NDNF α7 + NDNF β2,prediction,4,22,1.4159,4.87726,3.89103,0.0564863,0.694597
PV α7 + VIP α5 + NDNF α7 + NDNF β2,prediction,4,23,1.39885,4.84491,3.8775,0.0560126,0.698216
PV α7 + VIP α5 + NDNF α7 + NDNF β2,prediction,4,24,1.42824,4.88249,3.89716,0.0565807,0.698488
PV α7 + VIP α5 + NDNF α7 + NDNF β2,prediction,4,25,1.37467,4.78781,3.84967,0.0552863,0.702029
PV α7 + VIP α5 + NDNF α7 + NDNF β2,prediction,4,26,1.39526,4.83055,3.8694,0.0558797,0.698096
PV α7 + VIP α5 + NDNF α7 + NDNF β2,prediction,4,27,1.39079,4.82379,3.86635,0.0557723,0.698565
PV α7 + VIP α5 + NDNF α7 + NDNF β2,prediction,4,28,1.41888,4.87903,3.89488,0.0564815,0.697613
PV α7 + VIP α5 + NDNF α7 + NDNF β2,prediction,4,29,1.41485,4.87464,3.89049,0.0564275,0.694718
PV α7 + VIP α5 + NDNF α7 + NDNF β2,prediction,4,30,1.41618,4.87166,3.88769,0.0564478,0.693408
PV α7 + VIP α5 + NDNF α7 + NDNF β2,prediction,4,31,1.43204,4.90423,3.90627,0.0568433,0.69495
PV α7 + VIP α5 + NDNF α7 + NDNF β2,prediction,4,32,1.41863,4.8847,3.8951,0.0565531,0.694004
PV α7 + VIP α5 + NDNF α7 + NDNF β2,prediction,4,33,1.43223,4.89907,3.9011,0.0568159,0.692255
PV α7 + VIP α5 + NDNF α7 + NDNF β2,prediction,4,34,1.38106,4.80818,3.86254,0.0554999,0.704159
PV α7 + VIP α5 + NDNF α7 + NDNF β2,prediction,4,35,1.40051,4.84343,3.87535,0.0560234,0.696986
PV α7 + VIP α5 + NDNF α7 + NDNF β2,prediction,4,36,1.41814,4.87559,3.88973,0.0564784,0.694081
PV α7 + VIP α5 + NDNF α7 + NDNF β2,prediction,4,37,1.40787,4.8491,3.87934,0.0561272,0.697864
PV α7 + VIP α5 + NDNF α7 + NDNF β2,prediction,4,38,1.43268,4.89264,3.89975,0.0567609,0.694799
PV α7 + VIP α5 + NDNF α7 + NDNF β2,prediction,4,39,1.41647,4.87157,3.88982,0.0564117,0.696427
PV α7 + VIP α5 + NDNF α7 + NDNF β2,prediction,4,40,1.40999,4.85671,3.8819,0.0562119,0.697031
PV α7 + VIP α5 + NDNF α7 + NDNF β2,prediction,4,41,1.41681,4.87068,3.89108,0.0563706,0.699001
PV α7 + VIP α5 + NDNF α7 + NDNF β2,prediction,4,42,1.43462,4.91343,3.91181,0.0569202,0.696018
PV α7 + VIP α5 + NDNF α7 + NDNF β2,prediction,4,43,1.41231,4.87163,3.88865,0.0563885,0.694941
PV α7 + VIP α5 + NDNF α7 + NDNF β2,prediction,4,44,1.40978,4.86101,3.88556,0.0562447,0.698114
PV α7 + VIP α5 + NDNF α7 + NDNF β2,prediction,4,45,1.40017,4.82374,3.86653,0.055837,0.699982
PV α7 + VIP α5 + NDNF α7 + NDNF β2,prediction,4,46,1.44031,4.9143,3.90872,0.0570191,0.692059
PV α7 + VIP α5 + NDNF α7 + NDNF β2,prediction,4,47,1.43147,4.9012,3.90236,0.056819,0.692929
PV α7 + VIP α5 + NDNF α7 + NDNF β2,prediction,4,48,1.3952,4.82802,3.86885,0.0558334,0.698379
PV α7 + VIP α5 + NDNF α7 + NDNF β2,prediction,4,49,1.38706,4.82486,3.86532,0.0557703,0.697078
SOM α7 + SOM β2 + VIP α5 + NDNF α7,prediction,4,0,2.03557,0.019879,4.70532,0.0179484,5.068
SOM α7 + SOM β2 + VIP α5 + NDNF α7,prediction,4,1,2.00899,0.0197388,4.68863,0.0180134,5.03232
SOM α7 + SOM β2 + VIP α5 + NDNF α7,prediction,4,2,2.01717,0.0197718,4.69327,0.0180082,5.04011
SOM α7 + SOM β2 + VIP α5 + NDNF α7,prediction,4,3,2.01629,0.019761,4.69106,0.0180036,5.03625
SOM α7 + SOM β2 + VIP α5 + NDNF α7,prediction,4,4,2.01475,0.0197386,4.68765,0.0180118,5.02912
SOM α7 + SOM β2 + VIP α5 + NDNF α7,prediction,4,5,1.99976,0.0196841,4.67887,0.0179877,5.01681
SOM α7 + SOM β2 + VIP α5 + NDNF α7,prediction,4,6,2.01255,0.0197444,4.69084,0.018013,5.03359
SOM α7 + SOM β2 + VIP α5 + NDNF α7,prediction,4,7,2.00439,0.0197289,4.68774,0.0180128,5.03045
SOM α7 + SOM β2 + VIP α5 + NDNF α7,prediction,4,8,1.9933,0.0196546,4.67454,0.0179903,5.00884
SOM α7 + SOM β2 + VIP α5 + NDNF α7,prediction,4,9,1.99108,0.0196431,4.67447,0.0180041,5.00688
SOM α7 + SOM β2 + VIP α5 + NDNF α7,prediction,4,10,2.0274,0.0198271,4.69924,0.0179764,5.05369
SOM α7 + SOM β2 + VIP α5 + NDNF α7,prediction,4,11,2.04073,0.0198876,4.70701,0.0179626,5.06876
SOM α7 + SOM β2 + VIP α5 + NDNF α7,prediction,4,12,1.95789,0.0194801,4.65065,0.0180237,4.96432
SOM α7 + SOM β2 + VIP α5 + NDNF α7,prediction,4,13,2.00295,0.01969,4.67772,0.018001,5.01522
SOM α7 + SOM β2 + VIP α5 + NDNF α7,prediction,4,14,2.05183,0.0199201,4.71024,0.0179669,5.07408
SOM α7 + SOM β2 + VIP α5 + NDNF α7,prediction,4,15,2.02378,0.0198149,4.69708,0.01796,5.05133
SOM α7 + SOM β2 + VIP α5 + NDNF α7,prediction,4,16,2.00199,0.0196964,4.68432,0.0180169,5.02256
SOM α7 + SOM β2 + VIP α5 + NDNF α7,prediction,4,17,1.99308,0.0196415,4.67326,0.0180219,5.00444
SOM α7 + SOM β2 + VIP α5 + NDNF α7,prediction,4,18,2.00234,0.0197179,4.68501,0.0179898,5.02824
SOM α7 + SOM β2 + VIP α5 + NDNF α7,prediction,4,19,2.00707,0.0197445,4.69004,0.0179854,5.03552
SOM α7 + SOM β2 + VIP α5 + NDNF α7,prediction,4,20,2.01929,0.0197948,4.69414,0.0179992,5.0445
SOM α7 + SOM β2 + VIP α5 + NDNF α7,prediction,4,21,2.02917,0.0198278,4.70017,0.0179693,5.05395
SOM α7 + SOM β2 + VIP α5 + NDNF α7,prediction,4,22,1.98263,0.0196027,4.66834,0.0180156,4.99529
SOM α7 + SOM β2 + VIP α5 + NDNF α7,prediction,4,23,2.04053,0.0198891,4.70958,0.01798,5.07082
SOM α7 + SOM β2 + VIP α5 + NDNF α7,prediction,4,24,2.04301,0.0198806,4.70649,0.0179692,5.0658
SOM α7 + SOM β2 + VIP α5 + NDNF α7,prediction,4,25,2.03521,0.0198618,4.70538,0.0179791,5.06343
SOM α7 + SOM β2 + VIP α5 + NDNF α7,prediction,4,26,2.00536,0.0197288,4.6874,0.0179849,5.03101
SOM α7 + SOM β2 + VIP α5 + NDNF α7,prediction,4,27,2.01009,0.0197183,4.6819,0.0180081,5.02166
SOM α7 + SOM β2 + VIP α5 + NDNF α7,prediction,4,28,2.02567,0.0198269,4.70195,0.0179826,5.05669
SOM α7 + SOM β2 + VIP α5 + NDNF α7,prediction,4,29,2.04628,0.019915,4.71314,0.017989,5.0761
SOM α7 + SOM β2 + VIP α5 + NDNF α7,prediction,4,30,1.99516,0.0196598,4.67612,0.0180125,5.00981
SOM α7 + SOM β2 + VIP α5 + NDNF α7,prediction,4,31,2.01471,0.0197583,4.69054,0.0179976,5.03607
SOM α7 + SOM β2 + VIP α5 + NDNF α7,prediction,4,32,2.05424,0.0199517,4.71841,0.0179762,5.08656
SOM α7 + SOM β2 + VIP α5 + NDNF α7,prediction,4,33,2.02607,0.0198253,4.69891,0.0179843,5.05285
SOM α7 + SOM β2 + VIP α5 + NDNF α7,prediction,4,34,2.04319,0.0198953,4.70979,0.0179789,5.07161
SOM α7 + SOM β2 + VIP α5 + NDNF α7,prediction,4,35,2.02117,0.0197933,4.69624,0.0179934,5.04574
SOM α7 + SOM β2 + VIP α5 + NDNF α7,prediction,4,36,2.00824,0.019739,4.68501,0.0179675,5.03075
SOM α7 + SOM β2 + VIP α5 + NDNF α7,prediction,4,37,1.98978,0.0196569,4.67737,0.0180049,5.01182
SOM α7 + SOM β2 + VIP α5 + NDNF α7,prediction,4,38,2.01299,0.0197564,4.68992,0.0179875,5.03596
SOM α7 + SOM β2 + VIP α5 + NDNF α7,prediction,4,39,2.01057,0.0197425,4.68654,0.0179795,5.03176
SOM α7 + SOM β2 + VIP α5 + NDNF α7,prediction,4,40,1.98811,0.0196518,4.67617,0.0180007,5.01093
SOM α7 + SOM β2 + VIP α5 + NDNF α7,prediction,4,41,2.0246,0.0198215,4.70198,0.0180046,5.05486
SOM α7 + SOM β2 + VIP α5 + NDNF α7,prediction,4,42,2.03756,0.0198566,4.70119,0.0179654,5.05902
SOM α7 + SOM β2 + VIP α5 + NDNF α7,prediction,4,43,2.07198,0.0200293,4.72586,0.0179596,5.10257
SOM α7 + SOM β2 + VIP α5 + NDNF α7,prediction,4,44,2.02596,0.0198334,4.70274,0.0179873,5.05828
SOM α7 + SOM β2 + VIP α5 + NDNF α7,prediction,4,45,2.0345,0.0198439,4.70409,0.0180259,5.05727
SOM α7 + SOM β2 + VIP α5 + NDNF α7,prediction,4,46,2.03771,0.0198662,4.70666,0.0179957,5.06397
SOM α7 + SOM β2 + VIP α5 + NDNF α7,prediction,4,47,2.06415,0.0199952,4.72676,0.0179955,5.09804
SOM α7 + SOM β2 + VIP α5 + NDNF α7,prediction,4,48,2.00776,0.0197241,4.68671,0.018003,5.02816
SOM α7 + SOM β2 + VIP α5 + NDNF α7,prediction,4,49,1.99308,0.0196637,4.67763,0.0179925,5.01364
SOM α7 + SOM β2 + VIP α5 + NDNF β2,prediction,4,0,1.75023,0.0194192,3.35547,0.00657445,4.9336
SOM α7 + SOM β2 + VIP α5 + NDNF β2,prediction,4,1,1.7924,0.0196661,3.37736,0.00646001,5.00145
SOM α7 + SOM β2 + VIP α5 + NDNF β2,prediction,4,2,1.77167,0.0195367,3.36689,0.00652017,4.9664
SOM α7 + SOM β2 + VIP α5 + NDNF β2,prediction,4,3,1.77167,0.0195497,3.36474,0.00649361,4.96913
SOM α7 + SOM β2 + VIP α5 + NDNF β2,prediction,4,4,1.80739,0.0197413,3.38257,0.00643967,5.0178
SOM α7 + SOM β2 + VIP α5 + NDNF β2,prediction,4,5,1.79633,0.0196777,3.37837,0.00646338,5.00223
SOM α7 + SOM β2 + VIP α5 + NDNF β2,prediction,4,6,1.77079,0.0195188,3.36416,0.006522,4.9599
SOM α7 + SOM β2 + VIP α5 + NDNF β2,prediction,4,7,1.77273,0.0195541,3.36665,0.00650925,4.96962
SOM α7 + SOM β2 + VIP α5 + NDNF β2,prediction,4,8,1.76787,0.01951,3.36009,0.00651402,4.95611
SOM α7 + SOM β2 + VIP α5 + NDNF β2,prediction,4,9,1.79018,0.0196187,3.37295,0.00648416,4.98536
SOM α7 + SOM β2 + VIP α5 + NDNF β2,prediction,4,10,1.80203,0.0196826,3.37827,0.00646616,5.00218
SOM α7 + SOM β2 + VIP α5 + NDNF β2,prediction,4,11,1.79516,0.0196751,3.37842,0.0064611,5.00292
SOM α7 + SOM β2 + VIP α5 + NDNF β2,prediction,4,12,1.80698,0.0197086,3.37814,0.00643445,5.00658
SOM α7 + SOM β2 + VIP α5 + NDNF β2,prediction,4,13,1.80643,0.0197196,3.38219,0.00645433,5.01311
SOM α7 + SOM β2 + VIP α5 + NDNF β2,prediction,4,14,1.80437,0.0196796,3.37633,0.0064532,4.99826
SOM α7 + SOM β2 + VIP α5 + NDNF β2,prediction,4,15,1.84671,0.0199356,3.39985,0.00636027,5.06834
SOM α7 + SOM β2 + VIP α5 + NDNF β2,prediction,4,16,1.76509,0.0195189,3.36145,0.00651172,4.96064
SOM α7 + SOM β2 + VIP α5 + NDNF β2,prediction,4,17,1.79775,0.019679,3.37674,0.00645437,5.00182
SOM α7 + SOM β2 + VIP α5 + NDNF β2,prediction,4,18,1.81283,0.0197461,3.38308,0.00643148,5.01805
SOM α7 + SOM β2 + VIP α5 + NDNF β2,prediction,4,19,1.78153,0.0195962,3.37032,0.00648431,4.98127
SOM α7 + SOM β2 + VIP α5 + NDNF β2,prediction,4,20,1.81795,0.0197721,3.38285,0.00639768,5.02342
SOM α7 + SOM β2 + VIP α5 + NDNF β2,prediction,4,21,1.79496,0.019678,3.37604,0.0064402,5.00277
SOM α7 + SOM β2 + VIP α5 + NDNF β2,prediction,4,22,1.79037,0.0196167,3.37133,0.00648716,4.98274
SOM α7 + SOM β2 + VIP α5 + NDNF β2,prediction,4,23,1.81887,0.0197905,3.38893,0.00642098,5.03153
SOM α7 + SOM β2 + VIP α5 + NDNF β2,prediction,4,24,1.78494,0.0196022,3.37008,0.00648663,4.98127
SOM α7 + SOM β2 + VIP α5 + NDNF β2,prediction,4,25,1.78081,0.0195881,3.36736,0.00647596,4.97769
SOM α7 + SOM β2 + VIP α5 + NDNF β2,prediction,4,26,1.77857,0.0195992,3.37171,0.00649096,4.98499
SOM α7 + SOM β2 + VIP α5 + NDNF β2,prediction,4,27,1.78861,0.0196325,3.37052,0.0064574,4.9891
SOM α7 + SOM β2 + VIP α5 + NDNF β2,prediction,4,28,1.82046,0.0197765,3.38477,0.00641151,5.0256
SOM α7 + SOM β2 + VIP α5 + NDNF β2,prediction,4,29,1.76753,0.0195157,3.3589,0.00649966,4.95668
SOM α7 + SOM β2 + VIP α5 + NDNF β2,prediction,4,30,1.77186,0.0195484,3.36677,0.00650835,4.96945
SOM α7 + SOM β2 + VIP α5 + NDNF β2,prediction,4,31,1.76838,0.0195182,3.36285,0.00651635,4.95958
SOM α7 + SOM β2 + VIP α5 + NDNF β2,prediction,4,32,1.80904,0.0197303,3.38164,0.00644007,5.01398
SOM α7 + SOM β2 + VIP α5 + NDNF β2,prediction,4,33,1.76806,0.0195244,3.36548,0.00652559,4.96287
SOM α7 + SOM β2 + VIP α5 + NDNF β2,prediction,4,34,1.81309,0.0197455,3.38196,0.00642162,5.01738
SOM α7 + SOM β2 + VIP α5 + NDNF β2,prediction,4,35,1.79245,0.0196556,3.37621,0.00647075,4.99683
SOM α7 + SOM β2 + VIP α5 + NDNF β2,prediction,4,36,1.84009,0.019926,3.39899,0.00635223,5.06834
SOM α7 + SOM β2 + VIP α5 + NDNF β2,prediction,4,37,1.77995,0.0196047,3.37012,0.00647937,4.98418
SOM α7 + SOM β2 + VIP α5 + NDNF β2,prediction,4,38,1.78003,0.019585,3.36706,0.00647101,4.97754
SOM α7 + SOM β2 + VIP α5 + NDNF β2,prediction,4,39,1.80626,0.0197476,3.38573,0.00643545,5.02327
SOM α7 + SOM β2 + VIP α5 + NDNF β2,prediction,4,40,1.80045,0.0196703,3.37717,0.0064657,4.99839
SOM α7 + SOM β2 + VIP α5 + NDNF β2,prediction,4,41,1.84102,0.0198907,3.3936,0.00636774,5.05326
SOM α7 + SOM β2 + VIP α5 + NDNF β2,prediction,4,42,1.81369,0.0197491,3.38406,0.00643508,5.01919
SOM α7 + SOM β2 + VIP α5 + NDNF β2,prediction,4,43,1.76633,0.0195166,3.36217,0.00651023,4.96007
SOM α7 + SOM β2 + VIP α5 + NDNF β2,prediction,4,44,1.78279,0.019602,3.37101,0.0064926,4.9819
SOM α7 + SOM β2 + VIP α5 + NDNF β2,prediction,4,45,1.78147,0.0195997,3.37054,0.0064876,4.98233
SOM α7 + SOM β2 + VIP α5 + NDNF β2,prediction,4,46,1.80492,0.0197233,3.3826,0.00644972,5.01443
SOM α7 + SOM β2 + VIP α5 + NDNF β2,prediction,4,47,1.81108,0.0197262,3.38031,0.00643201,5.01138
SOM α7 + SOM β2 + VIP α5 + NDNF β2,prediction,4,48,1.77431,0.0195322,3.36114,0.00649661,4.96017
SOM α7 + SOM β2 + VIP α5 + NDNF β2,prediction,4,49,1.81896,0.0197986,3.3868,0.00639755,5.03398
SOM α7 + SOM β2 + NDNF α7 + NDNF β2,prediction,4,0,2.12076,0.000970755,1.48858,6.29398,3.65331
SOM α7 + SOM β2 + NDNF α7 + NDNF β2,prediction,4,1,2.12333,0.000966389,1.48425,6.30234,3.66309
SOM α7 + SOM β2 + NDNF α7 + NDNF β2,prediction,4,2,2.10718,0.000970434,1.48669,6.28683,3.64807
SOM α7 + SOM β2 + NDNF α7 + NDNF β2,prediction,4,3,2.16358,0.000959492,1.48967,6.34602,3.70151
SOM α7 + SOM β2 + NDNF α7 + NDNF β2,prediction,4,4,2.146,0.000962325,1.48842,6.32963,3.68864
SOM α7 + SOM β2 + NDNF α7 + NDNF β2,prediction,4,5,2.11722,0.000968786,1.4864,6.2886,3.65253
SOM α7 + SOM β2 + NDNF α7 + NDNF β2,prediction,4,6,2.11489,0.000969168,1.48595,6.28998,3.65182
SOM α7 + SOM β2 + NDNF α7 + NDNF β2,prediction,4,7,2.12644,0.000967775,1.48619,6.29599,3.65863
SOM α7 + SOM β2 + NDNF α7 + NDNF β2,prediction,4,8,2.10972,0.000970451,1.48697,6.29147,3.65143
SOM α7 + SOM β2 + NDNF α7 + NDNF β2,prediction,4,9,2.14476,0.000963371,1.48615,6.31522,3.67597
SOM α7 + SOM β2 + NDNF α7 + NDNF β2,prediction,4,10,2.13104,0.000964879,1.48446,6.30445,3.66796
SOM α7 + SOM β2 + NDNF α7 + NDNF β2,prediction,4,11,2.13972,0.000965802,1.48785,6.3161,3.67283
SOM α7 + SOM β2 + NDNF α7 + NDNF β2,prediction,4,12,2.12684,0.000967675,1.48699,6.3041,3.66439
SOM α7 + SOM β2 + NDNF α7 + NDNF β2,prediction,4,13,2.09953,0.000971323,1.48461,6.27968,3.64147
SOM α7 + SOM β2 + NDNF α7 + NDNF β2,prediction,4,14,2.1276,0.000967282,1.48627,6.30089,3.66129
SOM α7 + SOM β2 + NDNF α7 + NDNF β2,prediction,4,15,2.12213,0.000968025,1.48708,6.3004,3.66031
SOM α7 + SOM β2 + NDNF α7 + NDNF β2,prediction,4,16,2.08954,0.000973669,1.48303,6.26689,3.62918
SOM α7 + SOM β2 + NDNF α7 + NDNF β2,prediction,4,17,2.12964,0.000966352,1.48588,6.30656,3.66707
SOM α7 + SOM β2 + NDNF α7 + NDNF β2,prediction,4,18,2.14606,0.000962304,1.48766,6.32678,3.68497
SOM α7 + SOM β2 + NDNF α7 + NDNF β2,prediction,4,19,2.1121,0.000968822,1.48475,6.29318,3.65316
SOM α7 + SOM β2 + NDNF α7 + NDNF β2,prediction,4,20,2.13359,0.000965617,1.48818,6.31499,3.67401
SOM α7 + SOM β2 + NDNF α7 + NDNF β2,prediction,4,21,2.14633,0.000962689,1.48768,6.32212,3.68375
SOM α7 + SOM β2 + NDNF α7 + NDNF β2,prediction,4,22,2.11782,0.000968251,1.48577,6.297,3.65807
SOM α7 + SOM β2 + NDNF α7 + NDNF β2,prediction,4,23,2.1351,0.000963485,1.48521,6.31326,3.67506
SOM α7 + SOM β2 + NDNF α7 + NDNF β2,prediction,4,24,2.13652,0.000963816,1.48683,6.31686,3.67556
SOM α7 + SOM β2 + NDNF α7 + NDNF β2,prediction,4,25,2.17777,0.000956252,1.48828,6.35629,3.71487
SOM α7 + SOM β2 + NDNF α7 + NDNF β2,prediction,4,26,2.16022,0.000959845,1.48806,6.33574,3.69571
SOM α7 + SOM β2 + NDNF α7 + NDNF β2,prediction,4,27,2.1492,0.000961263,1.48658,6.32916,3.68898
SOM α7 + SOM β2 + NDNF α7 + NDNF β2,prediction,4,28,2.07823,0.0009765,1.4852,6.26142,3.62123
SOM α7 + SOM β2 + NDNF α7 + NDNF β2,prediction,4,29,2.12712,0.000966731,1.48686,6.30115,3.66264
SOM α7 + SOM β2 + NDNF α7 + NDNF β2,prediction,4,30,2.08576,0.000976508,1.4854,6.26291,3.62308
SOM α7 + SOM β2 + NDNF α7 + NDNF β2,prediction,4,31,2.1105,0.000970754,1.48677,6.29297,3.6524
SOM α7 + SOM β2 + NDNF α7 + NDNF β2,prediction,4,32,2.18835,0.0009542,1.48932,6.36394,3.72181
SOM α7 + SOM β2 + NDNF α7 + NDNF β2,prediction,4,33,2.13194,0.00096523,1.48512,6.31101,3.66953
SOM α7 + SOM β2 + NDNF α7 + NDNF β2,prediction,4,34,2.12174,0.000967369,1.4861,6.29931,3.65987
SOM α7 + SOM β2 + NDNF α7 + NDNF β2,prediction,4,35,2.14053,0.000964476,1.48729,6.31205,3.67282
SOM α7 + SOM β2 + NDNF α7 + NDNF β2,prediction,4,36,2.14524,0.000963446,1.48696,6.31885,3.67952
SOM α7 + SOM β2 + NDNF α7 + NDNF β2,prediction,4,37,2.14706,0.000962467,1.48632,6.31906,3.67943
SOM α7 + SOM β2 + NDNF α7 + NDNF β2,prediction,4,38,2.12101,0.000968097,1.48618,6.29611,3.65743
SOM α7 + SOM β2 + NDNF α7 + NDNF β2,prediction,4,39,2.1359,0.000963738,1.48631,6.31179,3.67411
SOM α7 + SOM β2 + NDNF α7 + NDNF β2,prediction,4,40,2.12127,0.00096716,1.4853,6.29524,3.65777
SOM α7 + SOM β2 + NDNF α7 + NDNF β2,prediction,4,41,2.16426,0.000960177,1.49183,6.34599,3.70471
SOM α7 + SOM β2 + NDNF α7 + NDNF β2,prediction,4,42,2.12844,0.000965055,1.48412,6.30914,3.66942
SOM α7 + SOM β2 + NDNF α7 + NDNF β2,prediction,4,43,2.12875,0.000965863,1.48544,6.30008,3.66202
SOM α7 + SOM β2 + NDNF α7 + NDNF β2,prediction,4,44,2.12154,0.000968687,1.48822,6.29822,3.65884
SOM α7 + SOM β2 + NDNF α7 + NDNF β2,prediction,4,45,2.10128,0.000972872,1.48628,6.27094,3.63406
SOM α7 + SOM β2 + NDNF α7 + NDNF β2,prediction,4,46,2.0738,0.000977126,1.4841,6.26061,3.61941
SOM α7 + SOM β2 + NDNF α7 + NDNF β2,prediction,4,47,2.11423,0.000968341,1.48421,6.29074,3.65259
SOM α7 + SOM β2 + NDNF α7 + NDNF β2,prediction,4,48,2.1114,0.000968124,1.48426,6.29283,3.65288
SOM α7 + SOM β2 + NDNF α7 + NDNF β2,prediction,4,49,2.09769,0.000973068,1.48602,6.27409,3.63726
SOM α7 + VIP α5 + NDNF α7 + NDNF β2,prediction,4,0,2.11175,0.0775217,4.79745,0.0272404,3.58209
SOM α7 + VIP α5 + NDNF α7 + NDNF β2,prediction,4,1,2.16384,0.0786483,4.83339,0.0273101,3.62931
SOM α7 + VIP α5 + NDNF α7 + NDNF β2,prediction,4,2,2.11722,0.0776327,4.80037,0.0272333,3.58663
SOM α7 + VIP α5 + NDNF α7 + NDNF β2,prediction,4,3,2.08843,0.0770498,4.78123,0.0271687,3.5625
SOM α7 + VIP α5 + NDNF α7 + NDNF β2,prediction,4,4,2.08805,0.0770154,4.78006,0.0271842,3.56061
SOM α7 + VIP α5 + NDNF α7 + NDNF β2,prediction,4,5,2.13602,0.0780581,4.81398,0.0272692,3.60438
SOM α7 + VIP α5 + NDNF α7 + NDNF β2,prediction,4,6,2.13213,0.0780563,4.8174,0.0272613,3.60708
SOM α7 + VIP α5 + NDNF α7 + NDNF β2,prediction,4,7,2.12564,0.0778251,4.80799,0.027259,3.59528
SOM α7 + VIP α5 + NDNF α7 + NDNF β2,prediction,4,8,2.1164,0.0776193,4.8006,0.0272345,3.58605
SOM α7 + VIP α5 + NDNF α7 + NDNF β2,prediction,4,9,2.10059,0.0773425,4.79292,0.027192,3.57648
SOM α7 + VIP α5 + NDNF α7 + NDNF β2,prediction,4,10,2.07966,0.0769336,4.77912,0.0271696,3.55929
SOM α7 + VIP α5 + NDNF α7 + NDNF β2,prediction,4,11,2.11122,0.0774897,4.7959,0.0272121,3.58075
SOM α7 + VIP α5 + NDNF α7 + NDNF β2,prediction,4,12,2.09679,0.0771929,4.78532,0.0271819,3.56837
SOM α7 + VIP α5 + NDNF α7 + NDNF β2,prediction,4,13,2.13755,0.0781628,4.81975,0.0272735,3.61096
SOM α7 + VIP α5 + NDNF α7 + NDNF β2,prediction,4,14,2.12862,0.0779244,4.81047,0.0272355,3.59975
SOM α7 + VIP α5 + NDNF α7 + NDNF β2,prediction,4,15,2.12784,0.0778664,4.81056,0.0272599,3.59772
SOM α7 + VIP α5 + NDNF α7 + NDNF β2,prediction,4,16,2.13368,0.0779193,4.8068,0.0272439,3.59609
SOM α7 + VIP α5 + NDNF α7 + NDNF β2,prediction,4,17,2.13228,0.0778977,4.80717,0.0272536,3.596
SOM α7 + VIP α5 + NDNF α7 + NDNF β2,prediction,4,18,2.1278,0.0778544,4.80696,0.0272297,3.59594
SOM α7 + VIP α5 + NDNF α7 + NDNF β2,prediction,4,19,2.07123,0.0766851,4.7692,0.0271104,3.54781
SOM α7 + VIP α5 + NDNF α7 + NDNF β2,prediction,4,20,2.13008,0.0779026,4.80999,0.0272594,3.59821
SOM α7 + VIP α5 + NDNF α7 + NDNF β2,prediction,4,21,2.12925,0.0779719,4.81248,0.0272569,3.60245
SOM α7 + VIP α5 + NDNF α7 + NDNF β2,prediction,4,22,2.07796,0.0768634,4.777,0.0271624,3.55634
SOM α7 + VIP α5 + NDNF α7 + NDNF β2,prediction,4,23,2.13244,0.0779183,4.8088,0.0272648,3.59755
SOM α7 + VIP α5 + NDNF α7 + NDNF β2,prediction,4,24,2.10506,0.0773517,4.78944,0.0271845,3.57422
SOM α7 + VIP α5 + NDNF α7 + NDNF β2,prediction,4,25,2.10095,0.0772374,4.78426,0.0271846,3.56776
SOM α7 + VIP α5 + NDNF α7 + NDNF β2,prediction,4,26,2.06062,0.0763876,4.75831,0.027122,3.53314
SOM α7 + VIP α5 + NDNF α7 + NDNF β2,prediction,4,27,2.08975,0.0770315,4.77921,0.027163,3.56077
SOM α7 + VIP α5 + NDNF α7 + NDNF β2,prediction,4,28,2.07378,0.0766518,4.76514,0.027132,3.5433
SOM α7 + VIP α5 + NDNF α7 + NDNF β2,prediction,4,29,2.09028,0.0770751,4.78276,0.0271867,3.56367
SOM α7 + VIP α5 + NDNF α7 + NDNF β2,prediction,4,30,2.12598,0.0777204,4.79878,0.0272232,3.58713
SOM α7 + VIP α5 + NDNF α7 + NDNF β2,prediction,4,31,2.13091,0.0779899,4.81338,0.0272664,3.60289
SOM α7 + VIP α5 + NDNF α7 + NDNF β2,prediction,4,32,2.15894,0.0785675,4.82994,0.0272839,3.62603
SOM α7 + VIP α5 + NDNF α7 + NDNF β2,prediction,4,33,2.08631,0.0769733,4.7791,0.0271545,3.55986
SOM α7 + VIP α5 + NDNF α7 + NDNF β2,prediction,4,34,2.11485,0.0775964,4.80032,0.0272424,3.58564
SOM α7 + VIP α5 + NDNF α7 + NDNF β2,prediction,4,35,2.08341,0.0769125,4.77669,0.0271664,3.55614
SOM α7 + VIP α5 + NDNF α7 + NDNF β2,prediction,4,36,2.15908,0.0784265,4.82059,0.0272644,3.61632
SOM α7 + VIP α5 + NDNF α7 + NDNF β2,prediction,4,37,2.11491,0.077556,4.79666,0.0272295,3.58241
SOM α7 + VIP α5 + NDNF α7 + NDNF β2,prediction,4,38,2.09812,0.0773627,4.79569,0.0272039,3.57911
SOM α7 + VIP α5 + NDNF α7 + NDNF β2,prediction,4,39,2.10065,0.0771931,4.7825,0.0271578,3.56631
SOM α7 + VIP α5 + NDNF α7 + NDNF β2,prediction,4,40,2.13466,0.0780175,4.81161,0.0272394,3.60288
SOM α7 + VIP α5 + NDNF α7 + NDNF β2,prediction,4,41,2.1175,0.0776561,4.79983,0.0272112,3.58772
SOM α7 + VIP α5 + NDNF α7 + NDNF β2,prediction,4,42,2.08382,0.0770021,4.78213,0.0271742,3.56235
SOM α7 + VIP α5 + NDNF α7 + NDNF β2,prediction,4,43,2.114,0.0774912,4.79297,0.0272057,3.57873
SOM α7 + VIP α5 + NDNF α7 + NDNF β2,prediction,4,44,2.08719,0.0769345,4.77514,0.027145,3.55579
SOM α7 + VIP α5 + NDNF α7 + NDNF β2,prediction,4,45,2.10127,0.0773624,4.79382,0.027197,3.57755
SOM α7 + VIP α5 + NDNF α7 + NDNF β2,prediction,4,46,2.13013,0.0778242,4.8032,0.0272245,3.59235
SOM α7 + VIP α5 + NDNF α7 + NDNF β2,prediction,4,47,2.05878,0.0764414,4.76215,0.0270978,3.53827
SOM α7 + VIP α5 + NDNF α7 + NDNF β2,prediction,4,48,2.13064,0.0778645,4.8065,0.0272403,3.59543
SOM α7 + VIP α5 + NDNF α7 + NDNF β2,prediction,4,49,2.07366,0.0767554,4.77486,0.0271655,3.55201
SOM β2 + VIP α5 + NDNF α7 + NDNF β2,prediction,4,0,1.61747,1.8721,3.52278,0.0383239,1.26831
SOM β2 + VIP α5 + NDNF α7 + NDNF β2,prediction,4,1,1.59815,1.85777,3.51128,0.0380221,1.26935
SOM β2 + VIP α5 + NDNF α7 + NDNF β2,prediction,4,2,1.62949,1.88523,3.53616,0.0385097,1.27015
SOM β2 + VIP α5 + NDNF α7 + NDNF β2,prediction,4,3,1.59558,1.86058,3.51563,0.0379895,1.27273
SOM β2 + VIP α5 + NDNF α7 + NDNF β2,prediction,4,4,1.62308,1.87786,3.52938,0.0383686,1.27105
SOM β2 + VIP α5 + NDNF α7 + NDNF β2,prediction,4,5,1.54798,1.82832,3.48679,0.0372914,1.27426
SOM β2 + VIP α5 + NDNF α7 + NDNF β2,prediction,4,6,1.61727,1.87483,3.52697,0.0382588,1.27294
SOM β2 + VIP α5 + NDNF α7 + NDNF β2,prediction,4,7,1.58723,1.85725,3.51401,0.0378786,1.27475
SOM β2 + VIP α5 + NDNF α7 + NDNF β2,prediction,4,8,1.57095,1.84228,3.49955,0.0375728,1.2748
SOM β2 + VIP α5 + NDNF α7 + NDNF β2,prediction,4,9,1.59023,1.8522,3.507,0.037882,1.27086
SOM β2 + VIP α5 + NDNF α7 + NDNF β2,prediction,4,10,1.58835,1.85297,3.50612,0.0378931,1.26957
SOM β2 + VIP α5 + NDNF α7 + NDNF β2,prediction,4,11,1.60588,1.86573,3.51969,0.0381389,1.27121
SOM β2 + VIP α5 + NDNF α7 + NDNF β2,prediction,4,12,1.58546,1.85124,3.50608,0.0378269,1.27152
SOM β2 + VIP α5 + NDNF α7 + NDNF β2,prediction,4,13,1.59098,1.85299,3.50723,0.0378808,1.27064
SOM β2 + VIP α5 + NDNF α7 + NDNF β2,prediction,4,14,1.61316,1.87094,3.52251,0.0382855,1.26851
SOM β2 + VIP α5 + NDNF α7 + NDNF β2,prediction,4,15,1.61623,1.8723,3.52359,0.0383277,1.26756
SOM β2 + VIP α5 + NDNF α7 + NDNF β2,prediction,4,16,1.61046,1.87054,3.52217,0.0382213,1.27002
SOM β2 + VIP α5 + NDNF α7 + NDNF β2,prediction,4,17,1.5839,1.85207,3.50765,0.0378024,1.27314
SOM β2 + VIP α5 + NDNF α7 + NDNF β2,prediction,4,18,1.58209,1.85084,3.50681,0.0378032,1.27212
SOM β2 + VIP α5 + NDNF α7 + NDNF β2,prediction,4,19,1.63032,1.88499,3.53474,0.0385146,1.26968
SOM β2 + VIP α5 + NDNF α7 + NDNF β2,prediction,4,20,1.58648,1.85581,3.51009,0.0378723,1.27219
SOM β2 + VIP α5 + NDNF α7 + NDNF β2,prediction,4,21,1.58604,1.85083,3.50582,0.0378341,1.27093
SOM β2 + VIP α5 + NDNF α7 + NDNF β2,prediction,4,22,1.58239,1.847,3.50111,0.0377601,1.27011
SOM β2 + VIP α5 + NDNF α7 + NDNF β2,prediction,4,23,1.60157,1.8632,3.51651,0.0380917,1.27048
SOM β2 + VIP α5 + NDNF α7 + NDNF β2,prediction,4,24,1.60048,1.86403,3.51733,0.0380964,1.27051
SOM β2 + VIP α5 + NDNF α7 + NDNF β2,prediction,4,25,1.64956,1.89653,3.54315,0.0388167,1.26657
SOM β2 + VIP α5 + NDNF α7 + NDNF β2,prediction,4,26,1.57745,1.84669,3.50428,0.0376767,1.27441
SOM β2 + VIP α5 + NDNF α7 + NDNF β2,prediction,4,27,1.61597,1.87423,3.52544,0.0382721,1.27138
SOM β2 + VIP α5 + NDNF α7 + NDNF β2,prediction,4,28,1.60764,1.86672,3.51825,0.0381487,1.27018
SOM β2 + VIP α5 + NDNF α7 + NDNF β2,prediction,4,29,1.58537,1.85432,3.5091,0.0378547,1.27192
SOM β2 + VIP α5 + NDNF α7 + NDNF β2,prediction,4,30,1.54942,1.82742,3.48639,0.0373171,1.27379
SOM β2 + VIP α5 + NDNF α7 + NDNF β2,prediction,4,31,1.61173,1.87033,3.52493,0.0381713,1.27401
SOM β2 + VIP α5 + NDNF α7 + NDNF β2,prediction,4,32,1.61253,1.87151,3.52385,0.0382577,1.27071
SOM β2 + VIP α5 + NDNF α7 + NDNF β2,prediction,4,33,1.61649,1.87654,3.5295,0.0382843,1.27339
SOM β2 + VIP α5 + NDNF α7 + NDNF β2,prediction,4,34,1.58845,1.85301,3.50781,0.0378523,1.27217
SOM β2 + VIP α5 + NDNF α7 + NDNF β2,prediction,4,35,1.59193,1.85883,3.5149,0.037919,1.27452
SOM β2 + VIP α5 + NDNF α7 + NDNF β2,prediction,4,36,1.62317,1.87629,3.52567,0.0383511,1.26965
SOM β2 + VIP α5 + NDNF α7 + NDNF β2,prediction,4,37,1.59068,1.85458,3.50833,0.0378886,1.27107
SOM β2 + VIP α5 + NDNF α7 + NDNF β2,prediction,4,38,1.61008,1.86732,3.52056,0.0381849,1.27065
SOM β2 + VIP α5 + NDNF α7 + NDNF β2,prediction,4,39,1.61282,1.87238,3.52487,0.038256,1.27063
SOM β2 + VIP α5 + NDNF α7 + NDNF β2,prediction,4,40,1.5891,1.85668,3.51228,0.0379236,1.2718
SOM β2 + VIP α5 + NDNF α7 + NDNF β2,prediction,4,41,1.59036,1.8577,3.51207,0.0379379,1.27202
SOM β2 + VIP α5 + NDNF α7 + NDNF β2,prediction,4,42,1.59408,1.85574,3.50867,0.0379105,1.27111
SOM β2 + VIP α5 + NDNF α7 + NDNF β2,prediction,4,43,1.59193,1.85486,3.50865,0.0379316,1.27013
SOM β2 + VIP α5 + NDNF α7 + NDNF β2,prediction,4,44,1.62097,1.87562,3.52417,0.0384416,1.26459
SOM β2 + VIP α5 + NDNF α7 + NDNF β2,prediction,4,45,1.60336,1.86623,3.52064,0.0380923,1.27339
SOM β2 + VIP α5 + NDNF α7 + NDNF β2,prediction,4,46,1.61681,1.87893,3.53076,0.0383422,1.27208
SOM β2 + VIP α5 + NDNF α7 + NDNF β2,prediction,4,47,1.58678,1.85082,3.50613,0.0378165,1.27231
SOM β2 + VIP α5 + NDNF α7 + NDNF β2,prediction,4,48,1.59038,1.85652,3.51097,0.0379095,1.27182
SOM β2 + VIP α5 + NDNF α7 + NDNF β2,prediction,4,49,1.59238,1.85437,3.50886,0.0379472,1.26939
PV α7 + SOM α7 + SOM β2 + VIP α5 + NDNF α7,prediction,5,0,2.23203,0.0195851,6.45909,0.0499591,5.01411
PV α7 + SOM α7 + SOM β2 + VIP α5 + NDNF α7,prediction,5,1,2.28404,0.0197891,6.51296,0.0504493,5.06462
PV α7 + SOM α7 + SOM β2 + VIP α5 + NDNF α7,prediction,5,2,2.26717,0.0197336,6.49978,0.0503057,5.05238
PV α7 + SOM α7 + SOM β2 + VIP α5 + NDNF α7,prediction,5,3,2.28561,0.0197942,6.51417,0.0504613,5.06617
PV α7 + SOM α7 + SOM β2 + VIP α5 + NDNF α7,prediction,5,4,2.27544,0.0197627,6.50563,0.0503626,5.05828
PV α7 + SOM α7 + SOM β2 + VIP α5 + NDNF α7,prediction,5,5,2.30388,0.0198639,6.5305,0.0506287,5.08208
PV α7 + SOM α7 + SOM β2 + VIP α5 + NDNF α7,prediction,5,6,2.31812,0.0199443,6.55702,0.0508011,5.10667
PV α7 + SOM α7 + SOM β2 + VIP α5 + NDNF α7,prediction,5,7,2.23494,0.0196007,6.46721,0.0499784,5.02012
PV α7 + SOM α7 + SOM β2 + VIP α5 + NDNF α7,prediction,5,8,2.24553,0.0196043,6.45813,0.0500244,5.0135
PV α7 + SOM α7 + SOM β2 + VIP α5 + NDNF α7,prediction,5,9,2.29419,0.0198383,6.52778,0.0505493,5.0792
PV α7 + SOM α7 + SOM β2 + VIP α5 + NDNF α7,prediction,5,10,2.25281,0.0196798,6.48725,0.0501673,5.04064
PV α7 + SOM α7 + SOM β2 + VIP α5 + NDNF α7,prediction,5,11,2.27849,0.0197738,6.51067,0.0503705,5.06164
PV α7 + SOM α7 + SOM β2 + VIP α5 + NDNF α7,prediction,5,12,2.2528,0.0196641,6.48194,0.0501442,5.03406
PV α7 + SOM α7 + SOM β2 + VIP α5 + NDNF α7,prediction,5,13,2.28818,0.0198326,6.52893,0.0505379,5.07909
PV α7 + SOM α7 + SOM β2 + VIP α5 + NDNF α7,prediction,5,14,2.27727,0.0197624,6.50587,0.0503698,5.05701
PV α7 + SOM α7 + SOM β2 + VIP α5 + NDNF α7,prediction,5,15,2.27652,0.019758,6.50334,0.0503592,5.05604
PV α7 + SOM α7 + SOM β2 + VIP α5 + NDNF α7,prediction,5,16,2.24348,0.0196168,6.46829,0.0500261,5.02128
PV α7 + SOM α7 + SOM β2 + VIP α5 + NDNF α7,prediction,5,17,2.30645,0.0198948,6.54244,0.0506718,5.09304
PV α7 + SOM α7 + SOM β2 + VIP α5 + NDNF α7,prediction,5,18,2.30523,0.0198848,6.53705,0.0506752,5.08955
PV α7 + SOM α7 + SOM β2 + VIP α5 + NDNF α7,prediction,5,19,2.28023,0.0197705,6.50532,0.0504143,5.0592
PV α7 + SOM α7 + SOM β2 + VIP α5 + NDNF α7,prediction,5,20,2.2392,0.0196213,6.47099,0.05002,5.02467
PV α7 + SOM α7 + SOM β2 + VIP α5 + NDNF α7,prediction,5,21,2.31512,0.019932,6.55177,0.0507765,5.10289
PV α7 + SOM α7 + SOM β2 + VIP α5 + NDNF α7,prediction,5,22,2.26306,0.0196915,6.48378,0.0502029,5.03676
PV α7 + SOM α7 + SOM β2 + VIP α5 + NDNF α7,prediction,5,23,2.29385,0.0198339,6.52509,0.0505618,5.07675
PV α7 + SOM α7 + SOM β2 + VIP α5 + NDNF α7,prediction,5,24,2.31544,0.0199291,6.54805,0.0507834,5.09907
PV α7 + SOM α7 + SOM β2 + VIP α5 + NDNF α7,prediction,5,25,2.26052,0.0197166,6.49704,0.0502525,5.05026
PV α7 + SOM α7 + SOM β2 + VIP α5 + NDNF α7,prediction,5,26,2.27875,0.0197852,6.51545,0.0504062,5.06626
PV α7 + SOM α7 + SOM β2 + VIP α5 + NDNF α7,prediction,5,27,2.28047,0.0197928,6.51699,0.050424,5.06737
PV α7 + SOM α7 + SOM β2 + VIP α5 + NDNF α7,prediction,5,28,2.31116,0.0199302,6.55029,0.0507715,5.1027
PV α7 + SOM α7 + SOM β2 + VIP α5 + NDNF α7,prediction,5,29,2.2212,0.0195359,6.44761,0.0498104,5.00211
PV α7 + SOM α7 + SOM β2 + VIP α5 + NDNF α7,prediction,5,30,2.27481,0.0197621,6.5067,0.0503724,5.05858
PV α7 + SOM α7 + SOM β2 + VIP α5 + NDNF α7,prediction,5,31,2.31104,0.0199007,6.54056,0.0507053,5.09155
PV α7 + SOM α7 + SOM β2 + VIP α5 + NDNF α7,prediction,5,32,2.27183,0.0197423,6.49962,0.0503353,5.05273
PV α7 + SOM α7 + SOM β2 + VIP α5 + NDNF α7,prediction,5,33,2.28002,0.0197847,6.51075,0.0504349,5.06463
PV α7 + SOM α7 + SOM β2 + VIP α5 + NDNF α7,prediction,5,34,2.29351,0.0198478,6.52944,0.0505551,5.08126
PV α7 + SOM α7 + SOM β2 + VIP α5 + NDNF α7,prediction,5,35,2.24719,0.0196508,6.47945,0.0500885,5.03187
PV α7 + SOM α7 + SOM β2 + VIP α5 + NDNF α7,prediction,5,36,2.31675,0.0199368,6.55351,0.0507794,5.10353
PV α7 + SOM α7 + SOM β2 + VIP α5 + NDNF α7,prediction,5,37,2.26948,0.019734,6.49938,0.050292,5.05105
PV α7 + SOM α7 + SOM β2 + VIP α5 + NDNF α7,prediction,5,38,2.28945,0.0198386,6.53106,0.0505208,5.08126
PV α7 + SOM α7 + SOM β2 + VIP α5 + NDNF α7,prediction,5,39,2.34098,0.0200819,6.5949,0.0510991,5.14442
PV α7 + SOM α7 + SOM β2 + VIP α5 + NDNF α7,prediction,5,40,2.30769,0.0198968,6.54039,0.0506932,5.09215
PV α7 + SOM α7 + SOM β2 + VIP α5 + NDNF α7,prediction,5,41,2.29212,0.0198599,6.53527,0.0505807,5.08708
PV α7 + SOM α7 + SOM β2 + VIP α5 + NDNF α7,prediction,5,42,2.29362,0.0198602,6.5372,0.0506019,5.08853
PV α7 + SOM α7 + SOM β2 + VIP α5 + NDNF α7,prediction,5,43,2.31983,0.0199648,6.55991,0.0508684,5.11162
PV α7 + SOM α7 + SOM β2 + VIP α5 + NDNF α7,prediction,5,44,2.3083,0.0199045,6.5463,0.0507347,5.09739
PV α7 + SOM α7 + SOM β2 + VIP α5 + NDNF α7,prediction,5,45,2.25355,0.0196719,6.48017,0.0501472,5.03483
PV α7 + SOM α7 + SOM β2 + VIP α5 + NDNF α7,prediction,5,46,2.3144,0.0199262,6.54786,0.0507703,5.09901
PV α7 + SOM α7 + SOM β2 + VIP α5 + NDNF α7,prediction,5,47,2.30278,0.0198784,6.53664,0.0506463,5.08816
PV α7 + SOM α7 + SOM β2 + VIP α5 + NDNF α7,prediction,5,48,2.25361,0.0196685,6.48325,0.0501728,5.03647
PV α7 + SOM α7 + SOM β2 + VIP α5 + NDNF α7,prediction,5,49,2.32955,0.0199955,6.56941,0.0509475,5.12041
PV α7 + SOM α7 + SOM β2 + VIP α5 + NDNF β2,prediction,5,0,2.07734,0.0200505,3.98747,0.0181227,5.07512
PV α7 + SOM α7 + SOM β2 + VIP α5 + NDNF β2,prediction,5,1,2.04295,0.0198542,3.96227,0.0181543,5.02212
PV α7 + SOM α7 + SOM β2 + VIP α5 + NDNF β2,prediction,5,2,2.06088,0.0199553,3.97642,0.0181578,5.04988
PV α7 + SOM α7 + SOM β2 + VIP α5 + NDNF β2,prediction,5,3,2.02062,0.0197635,3.95266,0.0181913,5.00096
PV α7 + SOM α7 + SOM β2 + VIP α5 + NDNF β2,prediction,5,4,2.03605,0.0198308,3.95985,0.0181649,5.01731
PV α7 + SOM α7 + SOM β2 + VIP α5 + NDNF β2,prediction,5,5,2.09419,0.020107,3.99439,0.0181267,5.08707
PV α7 + SOM α7 + SOM β2 + VIP α5 + NDNF β2,prediction,5,6,2.01123,0.0197045,3.9448,0.0181811,4.98591
PV α7 + SOM α7 + SOM β2 + VIP α5 + NDNF β2,prediction,5,7,2.06677,0.0199784,3.9757,0.0181323,5.05185
PV α7 + SOM α7 + SOM β2 + VIP α5 + NDNF β2,prediction,5,8,1.99074,0.019643,3.93765,0.0181779,4.97316
PV α7 + SOM α7 + SOM β2 + VIP α5 + NDNF β2,prediction,5,9,2.0401,0.019872,3.9648,0.0181445,5.03007
PV α7 + SOM α7 + SOM β2 + VIP α5 + NDNF β2,prediction,5,10,2.05121,0.0199395,3.97588,0.0181479,5.04953
PV α7 + SOM α7 + SOM β2 + VIP α5 + NDNF β2,prediction,5,11,2.06397,0.0199745,3.98117,0.0181701,5.05665
PV α7 + SOM α7 + SOM β2 + VIP α5 + NDNF β2,prediction,5,12,2.02236,0.0197373,3.94463,0.0181575,4.98892
PV α7 + SOM α7 + SOM β2 + VIP α5 + NDNF β2,prediction,5,13,2.05175,0.0199276,3.97357,0.0181572,5.0449
PV α7 + SOM α7 + SOM β2 + VIP α5 + NDNF β2,prediction,5,14,1.96127,0.019485,3.91671,0.0182003,4.93107
PV α7 + SOM α7 + SOM β2 + VIP α5 + NDNF β2,prediction,5,15,2.03751,0.0198358,3.96121,0.0181727,5.0187
PV α7 + SOM α7 + SOM β2 + VIP α5 + NDNF β2,prediction,5,16,2.04953,0.0199303,3.9731,0.0181426,5.04588
PV α7 + SOM α7 + SOM β2 + VIP α5 + NDNF β2,prediction,5,17,2.00992,0.0197401,3.95179,0.0181904,4.99942
PV α7 + SOM α7 + SOM β2 + VIP α5 + NDNF β2,prediction,5,18,2.01827,0.0197731,3.95343,0.018164,5.00564
PV α7 + SOM α7 + SOM β2 + VIP α5 + NDNF β2,prediction,5,19,2.04534,0.0198832,3.96694,0.0181521,5.03215
PV α7 + SOM α7 + SOM β2 + VIP α5 + NDNF β2,prediction,5,20,2.03487,0.0198473,3.96247,0.0181632,5.02361
PV α7 + SOM α7 + SOM β2 + VIP α5 + NDNF β2,prediction,5,21,2.03646,0.019867,3.96872,0.0181835,5.03229
PV α7 + SOM α7 + SOM β2 + VIP α5 + NDNF β2,prediction,5,22,2.05858,0.0199615,3.97696,0.018145,5.05282
PV α7 + SOM α7 + SOM β2 + VIP α5 + NDNF β2,prediction,5,23,2.05047,0.0199133,3.97048,0.0181514,5.03971
PV α7 + SOM α7 + SOM β2 + VIP α5 + NDNF β2,prediction,5,24,1.99783,0.0196597,3.93823,0.0181865,4.97435
PV α7 + SOM α7 + SOM β2 + VIP α5 + NDNF β2,prediction,5,25,2.02766,0.0198117,3.95755,0.0181618,5.01421
PV α7 + SOM α7 + SOM β2 + VIP α5 + NDNF β2,prediction,5,26,2.00626,0.0197133,3.94579,0.0181774,4.98976
PV α7 + SOM α7 + SOM β2 + VIP α5 + NDNF β2,prediction,5,27,2.02202,0.0197686,3.95307,0.0181723,5.00283
PV α7 + SOM α7 + SOM β2 + VIP α5 + NDNF β2,prediction,5,28,2.00235,0.0196767,3.94254,0.0181905,4.98083
PV α7 + SOM α7 + SOM β2 + VIP α5 + NDNF β2,prediction,5,29,2.03341,0.0198188,3.95888,0.0181797,5.01446
PV α7 + SOM α7 + SOM β2 + VIP α5 + NDNF β2,prediction,5,30,2.03102,0.0198245,3.96083,0.0181527,5.01976
PV α7 + SOM α7 + SOM β2 + VIP α5 + NDNF β2,prediction,5,31,2.00236,0.0196704,3.93985,0.0181863,4.97688
PV α7 + SOM α7 + SOM β2 + VIP α5 + NDNF β2,prediction,5,32,2.0396,0.0198772,3.96711,0.0181504,5.03316
PV α7 + SOM α7 + SOM β2 + VIP α5 + NDNF β2,prediction,5,33,2.04514,0.0199196,3.97166,0.0181238,5.04508
PV α7 + SOM α7 + SOM β2 + VIP α5 + NDNF β2,prediction,5,34,2.02723,0.0198138,3.96059,0.0181648,5.01823
PV α7 + SOM α7 + SOM β2 + VIP α5 + NDNF β2,prediction,5,35,2.05362,0.0199506,3.97754,0.0181514,5.05316
PV α7 + SOM α7 + SOM β2 + VIP α5 + NDNF β2,prediction,5,36,1.99258,0.0196531,3.93848,0.0181625,4.97647
PV α7 + SOM α7 + SOM β2 + VIP α5 + NDNF β2,prediction,5,37,2.02222,0.0197499,3.94963,0.0181906,4.99452
PV α7 + SOM α7 + SOM β2 + VIP α5 + NDNF β2,prediction,5,38,2.01289,0.0197166,3.9469,0.018192,4.98866
PV α7 + SOM α7 + SOM β2 + VIP α5 + NDNF β2,prediction,5,39,2.04267,0.0198922,3.96908,0.0181644,5.03634
PV α7 + SOM α7 + SOM β2 + VIP α5 + NDNF β2,prediction,5,40,2.02455,0.0197888,3.95616,0.0181821,5.00818
PV α7 + SOM α7 + SOM β2 + VIP α5 + NDNF β2,prediction,5,41,2.0263,0.019789,3.95575,0.0181745,5.00822
PV α7 + SOM α7 + SOM β2 + VIP α5 + NDNF β2,prediction,5,42,2.01582,0.0197388,3.94567,0.0181565,4.99236
PV α7 + SOM α7 + SOM β2 + VIP α5 + NDNF β2,prediction,5,43,2.05454,0.0199542,3.97928,0.0181589,5.05445
PV α7 + SOM α7 + SOM β2 + VIP α5 + NDNF β2,prediction,5,44,2.0373,0.0198474,3.96251,0.0181571,5.02336
PV α7 + SOM α7 + SOM β2 + VIP α5 + NDNF β2,prediction,5,45,2.01611,0.0197697,3.95435,0.0181692,5.0067
PV α7 + SOM α7 + SOM β2 + VIP α5 + NDNF β2,prediction,5,46,2.06075,0.0199651,3.97884,0.0181584,5.05433
PV α7 + SOM α7 + SOM β2 + VIP α5 + NDNF β2,prediction,5,47,2.02794,0.019808,3.95754,0.018156,5.01362
PV α7 + SOM α7 + SOM β2 + VIP α5 + NDNF β2,prediction,5,48,2.04341,0.0198819,3.96557,0.0181335,5.03262
PV α7 + SOM α7 + SOM β2 + VIP α5 + NDNF β2,prediction,5,49,2.04761,0.0199066,3.97455,0.0181907,5.04097
PV α7 + SOM α7 + SOM β2 + NDNF α7 + NDNF β2,target,5,0,2.36783,0.000178471,0.457842,9.79969,3.71428
PV α7 + SOM α7 + SOM β2 + NDNF α7 + NDNF β2,target,5,1,2.33374,0.00018328,0.463563,9.6976,3.67119
PV α7 + SOM α7 + SOM β2 + NDNF α7 + NDNF β2,target,5,2,2.32446,0.000185211,0.467074,9.69761,3.67221
PV α7 + SOM α7 + SOM β2 + NDNF α7 + NDNF β2,target,5,3,2.32105,0.000185684,0.467738,9.68801,3.66963
PV α7 + SOM α7 + SOM β2 + NDNF α7 + NDNF β2,target,5,4,2.31583,0.000184986,0.465601,9.6781,3.66403
PV α7 + SOM α7 + SOM β2 + NDNF α7 + NDNF β2,target,5,5,2.26638,0.000192448,0.474885,9.57811,3.6231
PV α7 + SOM α7 + SOM β2 + NDNF α7 + NDNF β2,target,5,6,2.2724,0.000191433,0.473751,9.59253,3.63029
PV α7 + SOM α7 + SOM β2 + NDNF α7 + NDNF β2,target,5,7,2.31992,0.000185239,0.46598,9.69768,3.67197
PV α7 + SOM α7 + SOM β2 + NDNF α7 + NDNF β2,target,5,8,2.32029,0.00018525,0.467288,9.69928,3.6751
PV α7 + SOM α7 + SOM β2 + NDNF α7 + NDNF β2,target,5,9,2.29739,0.000188935,0.471751,9.6437,3.65104
PV α7 + SOM α7 + SOM β2 + NDNF α7 + NDNF β2,target,5,10,2.34416,0.000182821,0.465595,9.73576,3.69118
PV α7 + SOM α7 + SOM β2 + NDNF α7 + NDNF β2,target,5,11,2.33093,0.00018344,0.464457,9.70541,3.67626
PV α7 + SOM α7 + SOM β2 + NDNF α7 + NDNF β2,target,5,12,2.33494,0.000182647,0.464009,9.72878,3.68703
PV α7 + SOM α7 + SOM β2 + NDNF α7 + NDNF β2,target,5,13,2.28432,0.00018917,0.470227,9.62888,3.64265
PV α7 + SOM α7 + SOM β2 + NDNF α7 + NDNF β2,target,5,14,2.30325,0.000187931,0.470631,9.653,3.6556
PV α7 + SOM α7 + SOM β2 + NDNF α7 + NDNF β2,target,5,15,2.33768,0.000183483,0.465504,9.71492,3.68107
PV α7 + SOM α7 + SOM β2 + NDNF α7 + NDNF β2,target,5,16,2.31852,0.000186208,0.469616,9.67527,3.66637
PV α7 + SOM α7 + SOM β2 + NDNF α7 + NDNF β2,target,5,17,2.2855,0.000189429,0.470823,9.62373,3.64098
PV α7 + SOM α7 + SOM β2 + NDNF α7 + NDNF β2,target,5,18,2.32223,0.000184874,0.466478,9.69978,3.67408
PV α7 + SOM α7 + SOM β2 + NDNF α7 + NDNF β2,target,5,19,2.29623,0.000187523,0.468356,9.6478,3.65123
PV α7 + SOM α7 + SOM β2 + NDNF α7 + NDNF β2,target,5,20,2.33035,0.000184581,0.466632,9.6949,3.67205
PV α7 + SOM α7 + SOM β2 + NDNF α7 + NDNF β2,target,5,21,2.28601,0.000189577,0.471127,9.6226,3.64078
PV α7 + SOM α7 + SOM β2 + NDNF α7 + NDNF β2,target,5,22,2.3248,0.000184307,0.464965,9.68858,3.66752
PV α7 + SOM α7 + SOM β2 + NDNF α7 + NDNF β2,target,5,23,2.30699,0.000187688,0.469706,9.65302,3.6541
PV α7 + SOM α7 + SOM β2 + NDNF α7 + NDNF β2,target,5,24,2.30505,0.000185982,0.465352,9.67004,3.65851
PV α7 + SOM α7 + SOM β2 + NDNF α7 + NDNF β2,target,5,25,2.33523,0.000183631,0.465272,9.70599,3.67615
PV α7 + SOM α7 + SOM β2 + NDNF α7 + NDNF β2,target,5,26,2.35622,0.00017927,0.457261,9.75692,3.69377
PV α7 + SOM α7 + SOM β2 + NDNF α7 + NDNF β2,target,5,27,2.28445,0.000189139,0.469867,9.62807,3.64209
PV α7 + SOM α7 + SOM β2 + NDNF α7 + NDNF β2,target,5,28,2.2873,0.000189562,0.470989,9.63325,3.64468
PV α7 + SOM α7 + SOM β2 + NDNF α7 + NDNF β2,target,5,29,2.3174,0.000185845,0.467078,9.69374,3.67006
PV α7 + SOM α7 + SOM β2 + NDNF α7 + NDNF β2,target,5,30,2.31232,0.000187428,0.470479,9.65774,3.65725
PV α7 + SOM α7 + SOM β2 + NDNF α7 + NDNF β2,target,5,31,2.32165,0.000185084,0.46646,9.69934,3.67365
PV α7 + SOM α7 + SOM β2 + NDNF α7 + NDNF β2,target,5,32,2.33428,0.000184011,0.465708,9.71521,3.68046
PV α7 + SOM α7 + SOM β2 + NDNF α7 + NDNF β2,target,5,33,2.27226,0.000191873,0.474529,9.5837,3.62515
PV α7 + SOM α7 + SOM β2 + NDNF α7 + NDNF β2,target,5,34,2.29505,0.000188418,0.470459,9.63579,3.64767
PV α7 + SOM α7 + SOM β2 + NDNF α7 + NDNF β2,target,5,35,2.34392,0.000181687,0.461718,9.73788,3.68853
PV α7 + SOM α7 + SOM β2 + NDNF α7 + NDNF β2,target,5,36,2.29667,0.000188426,0.471631,9.63282,3.64909
PV α7 + SOM α7 + SOM β2 + NDNF α7 + NDNF β2,target,5,37,2.29941,0.000189213,0.472655,9.6567,3.658
PV α7 + SOM α7 + SOM β2 + NDNF α7 + NDNF β2,target,5,38,2.3266,0.000185397,0.468819,9.69824,3.67586
PV α7 + SOM α7 + SOM β2 + NDNF α7 + NDNF β2,target,5,39,2.33897,0.000183435,0.465478,9.72134,3.68452
PV α7 + SOM α7 + SOM β2 + NDNF α7 + NDNF β2,target,5,40,2.27429,0.000192654,0.476604,9.59696,3.63364
PV α7 + SOM α7 + SOM β2 + NDNF α7 + NDNF β2,target,5,41,2.32882,0.00018384,0.464521,9.70427,3.67422
PV α7 + SOM α7 + SOM β2 + NDNF α7 + NDNF β2,target,5,42,2.30868,0.000186388,0.467047,9.65054,3.65079
PV α7 + SOM α7 + SOM β2 + NDNF α7 + NDNF β2,target,5,43,2.33208,0.000182878,0.46361,9.72321,3.68357
PV α7 + SOM α7 + SOM β2 + NDNF α7 + NDNF β2,target,5,44,2.35899,0.00017994,0.460189,9.76466,3.6998
PV α7 + SOM α7 + SOM β2 + NDNF α7 + NDNF β2,target,5,45,2.31691,0.000185375,0.466302,9.67354,3.66188
PV α7 + SOM α7 + SOM β2 + NDNF α7 + NDNF β2,target,5,46,2.33178,0.000183111,0.463983,9.71071,3.67849
PV α7 + SOM α7 + SOM β2 + NDNF α7 + NDNF β2,target,5,47,2.29143,0.000190565,0.474633,9.62408,3.6438
PV α7 + SOM α7 + SOM β2 + NDNF α7 + NDNF β2,target,5,48,2.35346,0.000181647,0.463514,9.73475,3.68973
PV α7 + SOM α7 + SOM β2 + NDNF α7 + NDNF β2,target,5,49,2.30362,0.000187649,0.470819,9.64739,3.65471
PV α7 + SOM α7 + VIP α5 + NDNF α7 + NDNF β2,prediction,5,0,2.25486,0.0762124,6.49008,0.0554868,3.59266
PV α7 + SOM α7 + VIP α5 + NDNF α7 + NDNF β2,prediction,5,1,2.3018,0.077274,6.56086,0.0561775,3.64332
PV α7 + SOM α7 + VIP α5 + NDNF α7 + NDNF β2,prediction,5,2,2.2742,0.0766945,6.52383,0.055791,3.61601
PV α7 + SOM α7 + VIP α5 + NDNF α7 + NDNF β2,prediction,5,3,2.30206,0.0771707,6.54757,0.0561149,3.63486
PV α7 + SOM α7 + VIP α5 + NDNF α7 + NDNF β2,prediction,5,4,2.26485,0.0764419,6.50343,0.0556414,3.60302
PV α7 + SOM α7 + VIP α5 + NDNF α7 + NDNF β2,prediction,5,5,2.28247,0.0768135,6.53119,0.0558752,3.62087
PV α7 + SOM α7 + VIP α5 + NDNF α7 + NDNF β2,prediction,5,6,2.34086,0.0778775,6.595,0.0565763,3.66608
PV α7 + SOM α7 + VIP α5 + NDNF α7 + NDNF β2,prediction,5,7,2.26062,0.0764363,6.50913,0.0556215,3.60503
PV α7 + SOM α7 + VIP α5 + NDNF α7 + NDNF β2,prediction,5,8,2.31578,0.0773653,6.55491,0.0562496,3.64034
PV α7 + SOM α7 + VIP α5 + NDNF α7 + NDNF β2,prediction,5,9,2.29071,0.0770498,6.54976,0.0560222,3.6333
PV α7 + SOM α7 + VIP α5 + NDNF α7 + NDNF β2,prediction,5,10,2.26806,0.0764931,6.50494,0.0556656,3.60404
PV α7 + SOM α7 + VIP α5 + NDNF α7 + NDNF β2,prediction,5,11,2.28841,0.0769325,6.53483,0.0559492,3.62475
PV α7 + SOM α7 + VIP α5 + NDNF α7 + NDNF β2,prediction,5,12,2.28564,0.076959,6.54036,0.0559667,3.62846
PV α7 + SOM α7 + VIP α5 + NDNF α7 + NDNF β2,prediction,5,13,2.29224,0.0770286,6.54242,0.0560078,3.62937
PV α7 + SOM α7 + VIP α5 + NDNF α7 + NDNF β2,prediction,5,14,2.31349,0.077383,6.56386,0.0562451,3.64382
PV α7 + SOM α7 + VIP α5 + NDNF α7 + NDNF β2,prediction,5,15,2.32042,0.0775695,6.57858,0.0563632,3.65426
PV α7 + SOM α7 + VIP α5 + NDNF α7 + NDNF β2,prediction,5,16,2.28948,0.0769088,6.53168,0.0559448,3.62343
PV α7 + SOM α7 + VIP α5 + NDNF α7 + NDNF β2,prediction,5,17,2.28565,0.076892,6.53569,0.0559193,3.62433
PV α7 + SOM α7 + VIP α5 + NDNF α7 + NDNF β2,prediction,5,18,2.29836,0.077185,6.55799,0.056108,3.63941
PV α7 + SOM α7 + VIP α5 + NDNF α7 + NDNF β2,prediction,5,19,2.31177,0.0773997,6.56244,0.0562494,3.64534
PV α7 + SOM α7 + VIP α5 + NDNF α7 + NDNF β2,prediction,5,20,2.30876,0.0772003,6.54849,0.05614,3.63482
PV α7 + SOM α7 + VIP α5 + NDNF α7 + NDNF β2,prediction,5,21,2.34213,0.077944,6.59741,0.0566096,3.66862
PV α7 + SOM α7 + VIP α5 + NDNF α7 + NDNF β2,prediction,5,22,2.30748,0.0773233,6.56066,0.0562093,3.64266
PV α7 + SOM α7 + VIP α5 + NDNF α7 + NDNF β2,prediction,5,23,2.29597,0.0770378,6.54294,0.0560241,3.62961
PV α7 + SOM α7 + VIP α5 + NDNF α7 + NDNF β2,prediction,5,24,2.29308,0.0770294,6.54449,0.0560178,3.6302
PV α7 + SOM α7 + VIP α5 + NDNF α7 + NDNF β2,prediction,5,25,2.28101,0.0767829,6.52722,0.0558645,3.61828
PV α7 + SOM α7 + VIP α5 + NDNF α7 + NDNF β2,prediction,5,26,2.29145,0.0770211,6.54146,0.056,3.62907
PV α7 + SOM α7 + VIP α5 + NDNF α7 + NDNF β2,prediction,5,27,2.30263,0.0771963,6.55227,0.0561202,3.63606
PV α7 + SOM α7 + VIP α5 + NDNF α7 + NDNF β2,prediction,5,28,2.3374,0.0778684,6.59319,0.0565699,3.66566
PV α7 + SOM α7 + VIP α5 + NDNF α7 + NDNF β2,prediction,5,29,2.32214,0.0776492,6.58587,0.0564057,3.65874
PV α7 + SOM α7 + VIP α5 + NDNF α7 + NDNF β2,prediction,5,30,2.29404,0.0769873,6.53976,0.0559883,3.6272
PV α7 + SOM α7 + VIP α5 + NDNF α7 + NDNF β2,prediction,5,31,2.3278,0.0777172,6.58456,0.056458,3.65901
PV α7 + SOM α7 + VIP α5 + NDNF α7 + NDNF β2,prediction,5,32,2.29566,0.0770664,6.5453,0.0560421,3.63165
PV α7 + SOM α7 + VIP α5 + NDNF α7 + NDNF β2,prediction,5,33,2.32303,0.0775496,6.57452,0.0563599,3.6514
PV α7 + SOM α7 + VIP α5 + NDNF α7 + NDNF β2,prediction,5,34,2.28262,0.0767001,6.51886,0.0558236,3.61253
PV α7 + SOM α7 + VIP α5 + NDNF α7 + NDNF β2,prediction,5,35,2.30572,0.0771645,6.54566,0.0561132,3.63243
PV α7 + SOM α7 + VIP α5 + NDNF α7 + NDNF β2,prediction,5,36,2.31354,0.0774174,6.56852,0.0562649,3.64747
PV α7 + SOM α7 + VIP α5 + NDNF α7 + NDNF β2,prediction,5,37,2.31631,0.0775489,6.57446,0.0563456,3.65344
PV α7 + SOM α7 + VIP α5 + NDNF α7 + NDNF β2,prediction,5,38,2.34293,0.0779375,6.59659,0.0566164,3.66821
PV α7 + SOM α7 + VIP α5 + NDNF α7 + NDNF β2,prediction,5,39,2.33764,0.0778836,6.59416,0.0565681,3.66672
PV α7 + SOM α7 + VIP α5 + NDNF α7 + NDNF β2,prediction,5,40,2.28813,0.0769545,6.53898,0.055965,3.62703
PV α7 + SOM α7 + VIP α5 + NDNF α7 + NDNF β2,prediction,5,41,2.31106,0.0773543,6.56312,0.0562301,3.64423
PV α7 + SOM α7 + VIP α5 + NDNF α7 + NDNF β2,prediction,5,42,2.304,0.077229,6.55474,0.0561491,3.63899
PV α7 + SOM α7 + VIP α5 + NDNF α7 + NDNF β2,prediction,5,43,2.34009,0.0779725,6.59723,0.0566242,3.67102
PV α7 + SOM α7 + VIP α5 + NDNF α7 + NDNF β2,prediction,5,44,2.32149,0.0775361,6.56956,0.0563433,3.65079
PV α7 + SOM α7 + VIP α5 + NDNF α7 + NDNF β2,prediction,5,45,2.28327,0.0768277,6.52864,0.0558856,3.62092
PV α7 + SOM α7 + VIP α5 + NDNF α7 + NDNF β2,prediction,5,46,2.33213,0.0777871,6.58918,0.0565073,3.66274
PV α7 + SOM α7 + VIP α5 + NDNF α7 + NDNF β2,prediction,5,47,2.32467,0.077656,6.58134,0.0564213,3.65757
PV α7 + SOM α7 + VIP α5 + NDNF α7 + NDNF β2,prediction,5,48,2.31755,0.0775442,6.57606,0.0563403,3.6533
PV α7 + SOM α7 + VIP α5 + NDNF α7 + NDNF β2,prediction,5,49,2.27758,0.0767688,6.52661,0.0558437,3.61883
PV α7 + SOM β2 + VIP α5 + NDNF α7 + NDNF β2,prediction,5,0,1.86026,1.88547,4.02108,0.0409506,2.0173
PV α7 + SOM β2 + VIP α5 + NDNF α7 + NDNF β2,prediction,5,1,1.84695,1.88051,4.01867,0.040832,2.0184
PV α7 + SOM β2 + VIP α5 + NDNF α7 + NDNF β2,prediction,5,2,1.92212,1.92572,4.06852,0.041635,2.03483
PV α7 + SOM β2 + VIP α5 + NDNF α7 + NDNF β2,prediction,5,3,1.84383,1.87526,4.01102,0.0407636,2.01491
PV α7 + SOM β2 + VIP α5 + NDNF α7 + NDNF β2,prediction,5,4,1.84879,1.87702,4.01053,0.0408121,2.01312
PV α7 + SOM β2 + VIP α5 + NDNF α7 + NDNF β2,prediction,5,5,1.88478,1.89795,4.03359,0.0412117,2.01937
PV α7 + SOM β2 + VIP α5 + NDNF α7 + NDNF β2,prediction,5,6,1.88805,1.90306,4.0398,0.0412624,2.0221
PV α7 + SOM β2 + VIP α5 + NDNF α7 + NDNF β2,prediction,5,7,1.85166,1.8798,4.0154,0.0408449,2.01636
PV α7 + SOM β2 + VIP α5 + NDNF α7 + NDNF β2,prediction,5,8,1.8281,1.86484,3.99794,0.0405882,2.00941
PV α7 + SOM β2 + VIP α5 + NDNF α7 + NDNF β2,prediction,5,9,1.8681,1.88936,4.02615,0.0410465,2.01798
PV α7 + SOM β2 + VIP α5 + NDNF α7 + NDNF β2,prediction,5,10,1.84605,1.87367,4.00559,0.0407709,2.00974
PV α7 + SOM β2 + VIP α5 + NDNF α7 + NDNF β2,prediction,5,11,1.82658,1.86388,3.99582,0.0405871,2.00745
PV α7 + SOM β2 + VIP α5 + NDNF α7 + NDNF β2,prediction,5,12,1.85087,1.88075,4.0159,0.0408406,2.01633
PV α7 + SOM β2 + VIP α5 + NDNF α7 + NDNF β2,prediction,5,13,1.85735,1.88197,4.01563,0.0409014,2.01463
PV α7 + SOM β2 + VIP α5 + NDNF α7 + NDNF β2,prediction,5,14,1.83718,1.87067,4.00549,0.0406883,2.01249
PV α7 + SOM β2 + VIP α5 + NDNF α7 + NDNF β2,prediction,5,15,1.84443,1.87586,4.00871,0.0407596,2.01418
PV α7 + SOM β2 + VIP α5 + NDNF α7 + NDNF β2,prediction,5,16,1.88559,1.89787,4.03358,0.0411993,2.02017
PV α7 + SOM β2 + VIP α5 + NDNF α7 + NDNF β2,prediction,5,17,1.84369,1.87506,4.00989,0.0407627,2.01553
PV α7 + SOM β2 + VIP α5 + NDNF α7 + NDNF β2,prediction,5,18,1.87236,1.89566,4.03305,0.0411021,2.02233
PV α7 + SOM β2 + VIP α5 + NDNF α7 + NDNF β2,prediction,5,19,1.82781,1.86485,3.99796,0.0405843,2.00998
PV α7 + SOM β2 + VIP α5 + NDNF α7 + NDNF β2,prediction,5,20,1.87284,1.89344,4.02998,0.0411,2.0189
PV α7 + SOM β2 + VIP α5 + NDNF α7 + NDNF β2,prediction,5,21,1.8372,1.87202,4.00694,0.0406998,2.01325
PV α7 + SOM β2 + VIP α5 + NDNF α7 + NDNF β2,prediction,5,22,1.84193,1.87436,4.00912,0.0407579,2.0134
PV α7 + SOM β2 + VIP α5 + NDNF α7 + NDNF β2,prediction,5,23,1.87511,1.89495,4.03344,0.041116,2.02141
PV α7 + SOM β2 + VIP α5 + NDNF α7 + NDNF β2,prediction,5,24,1.83703,1.87135,4.00561,0.0406996,2.01208
PV α7 + SOM β2 + VIP α5 + NDNF α7 + NDNF β2,prediction,5,25,1.84513,1.8771,4.01262,0.0407851,2.01504
PV α7 + SOM β2 + VIP α5 + NDNF α7 + NDNF β2,prediction,5,26,1.84237,1.87335,4.00764,0.0407534,2.01164
PV α7 + SOM β2 + VIP α5 + NDNF α7 + NDNF β2,prediction,5,27,1.8542,1.88114,4.01568,0.0408824,2.01422
PV α7 + SOM β2 + VIP α5 + NDNF α7 + NDNF β2,prediction,5,28,1.79968,1.84866,3.97973,0.0402792,2.00531
PV α7 + SOM β2 + VIP α5 + NDNF α7 + NDNF β2,prediction,5,29,1.85702,1.88374,4.01879,0.0409295,2.01464
PV α7 + SOM β2 + VIP α5 + NDNF α7 + NDNF β2,prediction,5,30,1.83804,1.87378,4.00959,0.0407314,2.01384
PV α7 + SOM β2 + VIP α5 + NDNF α7 + NDNF β2,prediction,5,31,1.82642,1.86546,3.99805,0.0405891,2.00919
PV α7 + SOM β2 + VIP α5 + NDNF α7 + NDNF β2,prediction,5,32,1.88628,1.90103,4.03851,0.0412442,2.0211
PV α7 + SOM β2 + VIP α5 + NDNF α7 + NDNF β2,prediction,5,33,1.86121,1.88429,4.01854,0.0409452,2.01553
PV α7 + SOM β2 + VIP α5 + NDNF α7 + NDNF β2,prediction,5,34,1.82905,1.86368,3.99438,0.0405879,2.00677
PV α7 + SOM β2 + VIP α5 + NDNF α7 + NDNF β2,prediction,5,35,1.83293,1.86446,3.99436,0.0406467,2.00387
PV α7 + SOM β2 + VIP α5 + NDNF α7 + NDNF β2,prediction,5,36,1.88026,1.89877,4.03538,0.0411766,2.02075
PV α7 + SOM β2 + VIP α5 + NDNF α7 + NDNF β2,prediction,5,37,1.85808,1.88385,4.01865,0.0409347,2.01596
PV α7 + SOM β2 + VIP α5 + NDNF α7 + NDNF β2,prediction,5,38,1.85343,1.88244,4.01867,0.0408911,2.01675
PV α7 + SOM β2 + VIP α5 + NDNF α7 + NDNF β2,prediction,5,39,1.88054,1.89727,4.03423,0.0411783,2.02085
PV α7 + SOM β2 + VIP α5 + NDNF α7 + NDNF β2,prediction,5,40,1.8574,1.88222,4.01614,0.0409159,2.01381
PV α7 + SOM β2 + VIP α5 + NDNF α7 + NDNF β2,prediction,5,41,1.84582,1.87639,4.01174,0.0407812,2.01555
PV α7 + SOM β2 + VIP α5 + NDNF α7 + NDNF β2,prediction,5,42,1.81506,1.85516,3.98675,0.040442,2.00418
PV α7 + SOM β2 + VIP α5 + NDNF α7 + NDNF β2,prediction,5,43,1.85114,1.88187,4.01713,0.0408532,2.01667
PV α7 + SOM β2 + VIP α5 + NDNF α7 + NDNF β2,prediction,5,44,1.85927,1.88506,4.01984,0.0409521,2.01664
PV α7 + SOM β2 + VIP α5 + NDNF α7 + NDNF β2,prediction,5,45,1.86951,1.89074,4.02509,0.0410513,2.0166
PV α7 + SOM β2 + VIP α5 + NDNF α7 + NDNF β2,prediction,5,46,1.86939,1.894,4.03029,0.041074,2.02001
PV α7 + SOM β2 + VIP α5 + NDNF α7 + NDNF β2,prediction,5,47,1.86135,1.88712,4.02321,0.0409749,2.01726
PV α7 + SOM β2 + VIP α5 + NDNF α7 + NDNF β2,prediction,5,48,1.84327,1.87678,4.01127,0.0407851,2.01414
PV α7 + SOM β2 + VIP α5 + NDNF α7 + NDNF β2,prediction,5,49,1.83316,1.86708,4.00014,0.0406479,2.00979
SOM α7 + SOM β2 + VIP α5 + NDNF α7 + NDNF β2,prediction,5,0,2.12077,0.019841,4.79561,0.0267677,3.64408
SOM α7 + SOM β2 + VIP α5 + NDNF α7 + NDNF β2,prediction,5,1,2.13062,0.0198726,4.80043,0.0267846,3.65075
SOM α7 + SOM β2 + VIP α5 + NDNF α7 + NDNF β2,prediction,5,2,2.11635,0.0198379,4.79817,0.0267661,3.64607
SOM α7 + SOM β2 + VIP α5 + NDNF α7 + NDNF β2,prediction,5,3,2.13818,0.0199371,4.81079,0.0267804,3.66427
SOM α7 + SOM β2 + VIP α5 + NDNF α7 + NDNF β2,prediction,5,4,2.10661,0.0197736,4.78843,0.0267587,3.63301
SOM α7 + SOM β2 + VIP α5 + NDNF α7 + NDNF β2,prediction,5,5,2.09601,0.0197473,4.7856,0.0267471,3.62909
SOM α7 + SOM β2 + VIP α5 + NDNF α7 + NDNF β2,prediction,5,6,2.11345,0.0198294,4.79835,0.0267639,3.64497
SOM α7 + SOM β2 + VIP α5 + NDNF α7 + NDNF β2,prediction,5,7,2.12787,0.0198797,4.80489,0.0267942,3.65354
SOM α7 + SOM β2 + VIP α5 + NDNF α7 + NDNF β2,prediction,5,8,2.10522,0.0197651,4.78629,0.0267621,3.63031
SOM α7 + SOM β2 + VIP α5 + NDNF α7 + NDNF β2,prediction,5,9,2.14257,0.0199328,4.80909,0.0267844,3.66174
SOM α7 + SOM β2 + VIP α5 + NDNF α7 + NDNF β2,prediction,5,10,2.12378,0.0198532,4.79823,0.0267621,3.64746
SOM α7 + SOM β2 + VIP α5 + NDNF α7 + NDNF β2,prediction,5,11,2.09577,0.0197442,4.782,0.0267174,3.62665
SOM α7 + SOM β2 + VIP α5 + NDNF α7 + NDNF β2,prediction,5,12,2.11149,0.0198057,4.79219,0.0267475,3.63874
SOM α7 + SOM β2 + VIP α5 + NDNF α7 + NDNF β2,prediction,5,13,2.1559,0.0199968,4.81802,0.0268277,3.67395
SOM α7 + SOM β2 + VIP α5 + NDNF α7 + NDNF β2,prediction,5,14,2.08618,0.0196934,4.77534,0.026703,3.61787
SOM α7 + SOM β2 + VIP α5 + NDNF α7 + NDNF β2,prediction,5,15,2.06066,0.0195512,4.7534,0.0266628,3.58877
SOM α7 + SOM β2 + VIP α5 + NDNF α7 + NDNF β2,prediction,5,16,2.1069,0.0197652,4.78265,0.0267236,3.6279
SOM α7 + SOM β2 + VIP α5 + NDNF α7 + NDNF β2,prediction,5,17,2.14954,0.0199604,4.81426,0.0268028,3.66753
SOM α7 + SOM β2 + VIP α5 + NDNF α7 + NDNF β2,prediction,5,18,2.11937,0.0198178,4.79084,0.0267345,3.6396
SOM α7 + SOM β2 + VIP α5 + NDNF α7 + NDNF β2,prediction,5,19,2.10851,0.0197935,4.78958,0.0267515,3.63599
SOM α7 + SOM β2 + VIP α5 + NDNF α7 + NDNF β2,prediction,5,20,2.11415,0.019808,4.79036,0.0267429,3.63747
SOM α7 + SOM β2 + VIP α5 + NDNF α7 + NDNF β2,prediction,5,21,2.11949,0.0198711,4.80516,0.0267705,3.65409
SOM α7 + SOM β2 + VIP α5 + NDNF α7 + NDNF β2,prediction,5,22,2.11877,0.0198562,4.80311,0.026789,3.65057
SOM α7 + SOM β2 + VIP α5 + NDNF α7 + NDNF β2,prediction,5,23,2.11805,0.0198366,4.79605,0.0267467,3.64442
SOM α7 + SOM β2 + VIP α5 + NDNF α7 + NDNF β2,prediction,5,24,2.1372,0.019941,4.81345,0.0268056,3.66632
SOM α7 + SOM β2 + VIP α5 + NDNF α7 + NDNF β2,prediction,5,25,2.11731,0.0198414,4.79985,0.0267745,3.64715
SOM α7 + SOM β2 + VIP α5 + NDNF α7 + NDNF β2,prediction,5,26,2.11523,0.0198068,4.78923,0.0267437,3.63691
SOM α7 + SOM β2 + VIP α5 + NDNF α7 + NDNF β2,prediction,5,27,2.07663,0.0196262,4.7615,0.026668,3.60107
SOM α7 + SOM β2 + VIP α5 + NDNF α7 + NDNF β2,prediction,5,28,2.10009,0.0197555,4.78401,0.0267233,3.62848
SOM α7 + SOM β2 + VIP α5 + NDNF α7 + NDNF β2,prediction,5,29,2.16831,0.0200587,4.82871,0.0268244,3.68662
SOM α7 + SOM β2 + VIP α5 + NDNF α7 + NDNF β2,prediction,5,30,2.0782,0.0196361,4.76801,0.0267131,3.60571
SOM α7 + SOM β2 + VIP α5 + NDNF α7 + NDNF β2,prediction,5,31,2.13157,0.0198968,4.80548,0.0267917,3.65716
SOM α7 + SOM β2 + VIP α5 + NDNF α7 + NDNF β2,prediction,5,32,2.09323,0.0196991,4.77452,0.0267095,3.61611
SOM α7 + SOM β2 + VIP α5 + NDNF α7 + NDNF β2,prediction,5,33,2.13504,0.0199237,4.80897,0.026778,3.66203
SOM α7 + SOM β2 + VIP α5 + NDNF α7 + NDNF β2,prediction,5,34,2.08349,0.0196829,4.77589,0.0267275,3.61588
SOM α7 + SOM β2 + VIP α5 + NDNF α7 + NDNF β2,prediction,5,35,2.1273,0.0198651,4.80104,0.0267858,3.64991
SOM α7 + SOM β2 + VIP α5 + NDNF α7 + NDNF β2,prediction,5,36,2.14341,0.0199575,4.81573,0.0268138,3.66868
SOM α7 + SOM β2 + VIP α5 + NDNF α7 + NDNF β2,prediction,5,37,2.07992,0.0196374,4.76465,0.0266989,3.60418
SOM α7 + SOM β2 + VIP α5 + NDNF α7 + NDNF β2,prediction,5,38,2.10835,0.0197925,4.79014,0.0267476,3.63564
SOM α7 + SOM β2 + VIP α5 + NDNF α7 + NDNF β2,prediction,5,39,2.07696,0.019652,4.76965,0.0267051,3.61012
SOM α7 + SOM β2 + VIP α5 + NDNF α7 + NDNF β2,prediction,5,40,2.16443,0.020032,4.82176,0.02681,3.67945
SOM α7 + SOM β2 + VIP α5 + NDNF α7 + NDNF β2,prediction,5,41,2.09271,0.0197125,4.78004,0.0267458,3.62187
SOM α7 + SOM β2 + VIP α5 + NDNF α7 + NDNF β2,prediction,5,42,2.09675,0.019739,4.77981,0.0267003,3.6246
SOM α7 + SOM β2 + VIP α5 + NDNF α7 + NDNF β2,prediction,5,43,2.08651,0.0196893,4.77647,0.026722,3.61716
SOM α7 + SOM β2 + VIP α5 + NDNF α7 + NDNF β2,prediction,5,44,2.14566,0.0199258,4.80795,0.0268022,3.6596
SOM α7 + SOM β2 + VIP α5 + NDNF α7 + NDNF β2,prediction,5,45,2.09037,0.0196937,4.7745,0.0267143,3.61637
SOM α7 + SOM β2 + VIP α5 + NDNF α7 + NDNF β2,prediction,5,46,2.09779,0.0197338,4.77993,0.0267135,3.62355
SOM α7 + SOM β2 + VIP α5 + NDNF α7 + NDNF β2,prediction,5,47,2.13988,0.0199376,4.81067,0.0267959,3.66379
SOM α7 + SOM β2 + VIP α5 + NDNF α7 + NDNF β2,prediction,5,48,2.14298,0.0199554,4.81559,0.0268063,3.66879
SOM α7 + SOM β2 + VIP α5 + NDNF α7 + NDNF β2,prediction,5,49,2.15725,0.0200116,4.82294,0.0268107,3.67885
PV α7 + SOM α7 + SOM β2 + VIP α5 + NDNF α7 + NDNF β2,prediction,6,0,2.31719,0.0198151,6.57604,0.0562483,3.66786
PV α7 + SOM α7 + SOM β2 + VIP α5 + NDNF α7 + NDNF β2,prediction,6,1,2.35163,0.0199526,6.61173,0.056649,3.69425
PV α7 + SOM α7 + SOM β2 + VIP α5 + NDNF α7 + NDNF β2,prediction,6,2,2.27869,0.0196455,6.52664,0.0557578,3.63495
PV α7 + SOM α7 + SOM β2 + VIP α5 + NDNF α7 + NDNF β2,prediction,6,3,2.27593,0.019612,6.51604,0.055682,3.62663
PV α7 + SOM α7 + SOM β2 + VIP α5 + NDNF α7 + NDNF β2,prediction,6,4,2.33009,0.0198521,6.58206,0.0563704,3.67451
PV α7 + SOM α7 + SOM β2 + VIP α5 + NDNF α7 + NDNF β2,prediction,6,5,2.31757,0.0197987,6.5672,0.0562,3.66276
PV α7 + SOM α7 + SOM β2 + VIP α5 + NDNF α7 + NDNF β2,prediction,6,6,2.29697,0.0197207,6.54461,0.0559804,3.64798
PV α7 + SOM α7 + SOM β2 + VIP α5 + NDNF α7 + NDNF β2,prediction,6,7,2.29455,0.019678,6.53024,0.0558866,3.63802
PV α7 + SOM α7 + SOM β2 + VIP α5 + NDNF α7 + NDNF β2,prediction,6,8,2.31544,0.0197919,6.56708,0.0561979,3.66218
PV α7 + SOM α7 + SOM β2 + VIP α5 + NDNF α7 + NDNF β2,prediction,6,9,2.32383,0.0198414,6.58037,0.0563321,3.67339
PV α7 + SOM α7 + SOM β2 + VIP α5 + NDNF α7 + NDNF β2,prediction,6,10,2.30213,0.0197484,6.55443,0.0560579,3.65426
PV α7 + SOM α7 + SOM β2 + VIP α5 + NDNF α7 + NDNF β2,prediction,6,11,2.40292,0.0201628,6.66122,0.057296,3.73419
PV α7 + SOM α7 + SOM β2 + VIP α5 + NDNF α7 + NDNF β2,prediction,6,12,2.37461,0.0200589,6.63756,0.0569654,3.71503
PV α7 + SOM α7 + SOM β2 + VIP α5 + NDNF α7 + NDNF β2,prediction,6,13,2.28843,0.0196948,6.54335,0.0559011,3.64556
PV α7 + SOM α7 + SOM β2 + VIP α5 + NDNF α7 + NDNF β2,prediction,6,14,2.30483,0.019757,6.55754,0.0560783,3.6562
PV α7 + SOM α7 + SOM β2 + VIP α5 + NDNF α7 + NDNF β2,prediction,6,15,2.28971,0.01967,6.52799,0.0558397,3.6362
PV α7 + SOM α7 + SOM β2 + VIP α5 + NDNF α7 + NDNF β2,prediction,6,16,2.32498,0.0198171,6.5655,0.056279,3.66457
PV α7 + SOM α7 + SOM β2 + VIP α5 + NDNF α7 + NDNF β2,prediction,6,17,2.30316,0.0197492,6.55651,0.0560648,3.65502
PV α7 + SOM α7 + SOM β2 + VIP α5 + NDNF α7 + NDNF β2,prediction,6,18,2.33616,0.0198882,6.59391,0.0564712,3.68232
PV α7 + SOM α7 + SOM β2 + VIP α5 + NDNF α7 + NDNF β2,prediction,6,19,2.3137,0.0197876,6.56202,0.0561881,3.6616
PV α7 + SOM α7 + SOM β2 + VIP α5 + NDNF α7 + NDNF β2,prediction,6,20,2.30864,0.0197512,6.54889,0.0560737,3.65241
PV α7 + SOM α7 + SOM β2 + VIP α5 + NDNF α7 + NDNF β2,prediction,6,21,2.31741,0.0198181,6.57524,0.0562394,3.66791
PV α7 + SOM α7 + SOM β2 + VIP α5 + NDNF α7 + NDNF β2,prediction,6,22,2.33183,0.0198673,6.58719,0.056403,3.67676
PV α7 + SOM α7 + SOM β2 + VIP α5 + NDNF α7 + NDNF β2,prediction,6,23,2.35522,0.0199715,6.61629,0.0566975,3.69732
PV α7 + SOM α7 + SOM β2 + VIP α5 + NDNF α7 + NDNF β2,prediction,6,24,2.31273,0.0197894,6.56585,0.0561816,3.66283
PV α7 + SOM α7 + SOM β2 + VIP α5 + NDNF α7 + NDNF β2,prediction,6,25,2.31168,0.0197884,6.5676,0.0561715,3.66296
PV α7 + SOM α7 + SOM β2 + VIP α5 + NDNF α7 + NDNF β2,prediction,6,26,2.30942,0.0197484,6.54898,0.0560837,3.65272
PV α7 + SOM α7 + SOM β2 + VIP α5 + NDNF α7 + NDNF β2,prediction,6,27,2.28905,0.0196777,6.53372,0.0558627,3.63896
PV α7 + SOM α7 + SOM β2 + VIP α5 + NDNF α7 + NDNF β2,prediction,6,28,2.34446,0.0198919,6.58931,0.0564961,3.68061
PV α7 + SOM α7 + SOM β2 + VIP α5 + NDNF α7 + NDNF β2,prediction,6,29,2.32904,0.0198495,6.58161,0.0563474,3.67282
PV α7 + SOM α7 + SOM β2 + VIP α5 + NDNF α7 + NDNF β2,prediction,6,30,2.33732,0.019906,6.59941,0.0564947,3.68568
PV α7 + SOM α7 + SOM β2 + VIP α5 + NDNF α7 + NDNF β2,prediction,6,31,2.29517,0.019708,6.54227,0.0559431,3.64617
PV α7 + SOM α7 + SOM β2 + VIP α5 + NDNF α7 + NDNF β2,prediction,6,32,2.32423,0.0198374,6.57814,0.0563244,3.67149
PV α7 + SOM α7 + SOM β2 + VIP α5 + NDNF α7 + NDNF β2,prediction,6,33,2.32872,0.0198435,6.57815,0.0563237,3.67009
PV α7 + SOM α7 + SOM β2 + VIP α5 + NDNF α7 + NDNF β2,prediction,6,34,2.32324,0.0198093,6.5665,0.0562503,3.66256
PV α7 + SOM α7 + SOM β2 + VIP α5 + NDNF α7 + NDNF β2,prediction,6,35,2.33426,0.0198765,6.58982,0.0564291,3.67785
PV α7 + SOM α7 + SOM β2 + VIP α5 + NDNF α7 + NDNF β2,prediction,6,36,2.29032,0.0196981,6.54152,0.0559092,3.64502
PV α7 + SOM α7 + SOM β2 + VIP α5 + NDNF α7 + NDNF β2,prediction,6,37,2.30876,0.0197518,6.55289,0.0560918,3.65506
PV α7 + SOM α7 + SOM β2 + VIP α5 + NDNF α7 + NDNF β2,prediction,6,38,2.32256,0.0198078,6.56575,0.0562405,3.66286
PV α7 + SOM α7 + SOM β2 + VIP α5 + NDNF α7 + NDNF β2,prediction,6,39,2.28854,0.0196946,6.54059,0.0558932,3.64415
PV α7 + SOM α7 + SOM β2 + VIP α5 + NDNF α7 + NDNF β2,prediction,6,40,2.33392,0.0198555,6.57981,0.056388,3.6736
PV α7 + SOM α7 + SOM β2 + VIP α5 + NDNF α7 + NDNF β2,prediction,6,41,2.28821,0.0196908,6.53994,0.0558848,3.64325
PV α7 + SOM α7 + SOM β2 + VIP α5 + NDNF α7 + NDNF β2,prediction,6,42,2.29505,0.0197057,6.54085,0.0559252,3.64414
PV α7 + SOM α7 + SOM β2 + VIP α5 + NDNF α7 + NDNF β2,prediction,6,43,2.30431,0.0197451,6.54837,0.0560677,3.65288
PV α7 + SOM α7 + SOM β2 + VIP α5 + NDNF α7 + NDNF β2,prediction,6,44,2.31077,0.0197425,6.54495,0.0560769,3.64904
PV α7 + SOM α7 + SOM β2 + VIP α5 + NDNF α7 + NDNF β2,prediction,6,45,2.35003,0.0199248,6.59759,0.0565828,3.68619
PV α7 + SOM α7 + SOM β2 + VIP α5 + NDNF α7 + NDNF β2,prediction,6,46,2.30735,0.0197527,6.55309,0.0560754,3.6528
PV α7 + SOM α7 + SOM β2 + VIP α5 + NDNF α7 + NDNF β2,prediction,6,47,2.36349,0.0200075,6.62612,0.0567992,3.70381
PV α7 + SOM α7 + SOM β2 + VIP α5 + NDNF α7 + NDNF β2,prediction,6,48,2.30306,0.0197302,6.54762,0.0560354,3.65013
PV α7 + SOM α7 + SOM β2 + VIP α5 + NDNF α7 + NDNF β2,prediction,6,49,2.27271,0.019624,6.5198,0.0556761,3.62872
