{
  "I0_pv": 0.44276241950645034,
  "I0_pyr": 0.46308058776387134,
  "I0_som": 0.25267463719329075,
  "I0_vip": 0.3458013007436243,
  "I_alpha5_vip": 0.04693541730074572,
  "I_alpha7_pv": 0.11224374940834096,
  "I_alpha7_som": 0.023452447942154935,
  "I_beta2_som": 0.017601473285505265,
  "J_NMDA": 0.2886012469263784,
  "J_adapt_pyr": 0.0043913318960528865,
  "J_adapt_som": 0.0,
  "Theta_pv": 0.2878,
  "Theta_pyr": 0.40323,
  "Theta_som": 0.2878,
  "Theta_vip": 0.2878,
  "act_alpha5": 1.0,
  "act_alpha7": 1.0,
  "act_beta2": 1.0,
  "alpha_pv": 615.0,
  "alpha_pyr": 310.0,
  "alpha_som": 615.0,
  "alpha_vip": 615.0,
  "g_alpha7": 2.1536609738141155,
  "g_exc": 0.16,
  "g_gaba_base": 1.371696980078746,
  "g_inh": 0.087,
  "sigma_noise": 0.3,
  "sigma_s": 0.0,
  "tau_adapt_pyr": 600.0,
  "tau_adapt_som": 226.8147638864863,
  "tau_s": 20.0,
  "trans2_duration_ms": 500.0,
  "trans2_enabled": false,
  "trans2_factor": -0.3,
  "trans2_start_ms": 3000.0,
  "trans_duration_ms": 500.0,
  "trans_enabled": false,
  "trans_factor": 0.2,
  "trans_start_ms": 1000.0,
  "w_ep": 0.001766754458738095,
  "w_es": 0.001952774971113508,
  "w_ev": 0.0024230631581290143,
  "w_pe": 0.0455552768798078,
  "w_pp": 0.0017289859863094442,
  "w_se": 0.0012156411677165262,
  "w_sp": 0.0013698316714572537,
  "w_vp": 0.0011420564952664839,
  "w_vs": 0.0010693188610606365
}