{
  "I0_pv": 0.26817009789428486,
  "I0_pyr": 0.4574372961027969,
  "I0_som": 0.17935103750762577,
  "I0_vip": 0.20703561660545605,
  "I_alpha5_vip": 0.019048466938866405,
  "I_alpha7_pv": 0.09627255695649656,
  "I_alpha7_som": 0.050412525026190876,
  "I_beta2_som": 0.01859306314441158,
  "J_NMDA": 0.2632891913646404,
  "J_adapt_pyr": 0.0010866576943941114,
  "J_adapt_som": 0.0,
  "Theta_pv": 0.2878,
  "Theta_pyr": 0.40323,
  "Theta_som": 0.2878,
  "Theta_vip": 0.2878,
  "act_alpha5": 1.0,
  "act_alpha7": 1.0,
  "act_beta2": 1.0,
  "alpha_pv": 615.0,
  "alpha_pyr": 310.0,
  "alpha_som": 615.0,
  "alpha_vip": 615.0,
  "g_alpha7": 1.3410252220454606,
  "g_exc": 0.16,
  "g_gaba_base": 4.866086017469787,
  "g_inh": 0.087,
  "sigma_noise": 0.3,
  "sigma_s": 0.0,
  "tau_adapt_pyr": 600.0,
  "tau_adapt_som": 23.409170299162582,
  "tau_s": 20.0,
  "trans2_duration_ms": 500.0,
  "trans2_enabled": false,
  "trans2_factor": -0.3,
  "trans2_start_ms": 3000.0,
  "trans_duration_ms": 500.0,
  "trans_enabled": false,
  "trans_factor": 0.2,
  "trans_start_ms": 1000.0,
  "w_ep": 0.009606740090954044,
  "w_es": 0.007247554841684991,
  "w_ev": 0.005305686851471204,
  "w_pe": 0.0015805699452596036,
  "w_pp": 0.0012512716524982013,
  "w_se": 0.04138510906317158,
  "w_sp": 0.012819541124585472,
  "w_vp": 0.00328373852248835,
  "w_vs": 0.014736298650839847
}