{
  "_fit_metadata": {
    "loss": 9.9e-05,
    "comparison": {
      "base": {
        "PYR": {
          "actual": 8.2574,
          "target": 8.214,
          "error_pct": 0.53
        },
        "SOM": {
          "actual": 4.2652,
          "target": 4.295,
          "error_pct": -0.69
        },
        "PV": {
          "actual": 4.0509,
          "target": 4.073,
          "error_pct": -0.54
        },
        "VIP": {
          "actual": 6.1208,
          "target": 6.051,
          "error_pct": 1.15
        }
      },
      "alpha7_ko": {
        "PYR": {
          "actual": 17.5535,
          "target": 17.539,
          "error_pct": 0.08
        }
      },
      "alpha5_ko": {
        "PYR": {
          "actual": 9.3817,
          "target": 9.285,
          "error_pct": 1.04
        }
      },
      "beta2_ko": {
        "PYR": {
          "actual": 18.0167,
          "target": 17.965,
          "error_pct": 0.29
        }
      }
    },
    "jacobian": {
      "_note": "J[row,col] = dr_row/dr_col: effect of col population on row population",
      "PYR": {
        "PYR": 1.117341,
        "SOM": -3.298879,
        "PV": -0.344643,
        "VIP": 0.0
      },
      "SOM": {
        "PYR": 1.600477,
        "SOM": 0.0,
        "PV": 0.0,
        "VIP": -1.528095
      },
      "PV": {
        "PYR": 2.574918,
        "SOM": -2.24151,
        "PV": -1.535006,
        "VIP": -1.077544
      },
      "VIP": {
        "PYR": 1.223005,
        "SOM": 0.0,
        "PV": 0.0,
        "VIP": 0.0
      }
    },
    "ring_params": {
      "w_pyr_pyr_inter": 0.004303,
      "w_pv_global": 0.005717,
      "sigma_pyr_deg": 15.0,
      "n_nodes": 64
    }
  },
  "A_pv": 0.06460979597454765,
  "A_pyr": 0.7923677411000861,
  "A_som": 0.0553634113160879,
  "A_vip": 0.08003490772340359,
  "I0_pv": 0.3249491529884247,
  "I0_pyr": 0.47538859184746696,
  "I0_som": 0.3267294150396264,
  "I0_vip": 0.39035574209661167,
  "I_alpha5_vip": 0.005277552982064197,
  "I_alpha7_pv": 0.06650243799183253,
  "I_alpha7_som": 0.01394563305066721,
  "I_beta2_som": 0.07234704653542831,
  "J_adapt_pyr": 0.002378658130102344,
  "J_adapt_som": 0.001475188331905061,
  "Theta_pv": 0.2878,
  "Theta_pyr": 0.40323,
  "Theta_som": 0.2878,
  "Theta_vip": 0.2878,
  "act_alpha5": 1.0,
  "act_alpha7": 1.0,
  "act_beta2": 1.0,
  "alpha_pv": 615.0,
  "alpha_pyr": 310.0,
  "alpha_som": 615.0,
  "alpha_vip": 615.0,
  "g_alpha7": 0.4654580401997872,
  "g_exc": 0.16,
  "g_gaba_base": 1.4962857599281354,
  "g_inh": 0.087,
  "sigma_s": 0.5061459121440184,
  "tau_adapt_pyr": 387.28276491784385,
  "tau_adapt_som": 216.5821917488591,
  "tau_s": 20.0,
  "trans_duration_ms": 500.0,
  "trans_enabled": false,
  "trans_factor": 0.44258369922748375,
  "trans_start_ms": 1000.0,
  "w_ee": 0.005736600976355984,
  "w_ep": 0.00426944999523511,
  "w_es": 0.0026162984674380735,
  "w_ev": 0.002003257730728446,
  "w_pe": 0.022436494635934546,
  "w_pp": 0.0012974068508734922,
  "w_se": 0.007327181409510278,
  "w_sp": 0.001894553661969273,
  "w_vp": 0.0017866664090488696,
  "w_vs": 0.002497975650368151
}