{
  "_fit_metadata": {
    "loss": 9.6e-05,
    "comparison": {
      "base": {
        "PYR": {
          "actual": 8.228,
          "target": 8.214,
          "error_pct": 0.17
        },
        "SOM": {
          "actual": 4.2931,
          "target": 4.295,
          "error_pct": -0.04
        },
        "PV": {
          "actual": 4.0806,
          "target": 4.073,
          "error_pct": 0.19
        },
        "VIP": {
          "actual": 6.0504,
          "target": 6.051,
          "error_pct": -0.01
        }
      },
      "alpha7_ko": {
        "PYR": {
          "actual": 18.6207,
          "target": null,
          "error_pct": null,
          "in_loss": false
        }
      },
      "alpha5_ko": {
        "PYR": {
          "actual": 16.2715,
          "target": null,
          "error_pct": null,
          "in_loss": false
        }
      },
      "beta2_ko": {
        "PYR": {
          "actual": 17.0933,
          "target": null,
          "error_pct": null,
          "in_loss": false
        }
      }
    },
    "jacobian": {
      "_note": "J[row,col] = dr_row/dr_col: effect of col population on row population",
      "PYR": {
        "PYR": 0.410238,
        "SOM": -1.262556,
        "PV": -0.201755,
        "VIP": 0.0
      },
      "SOM": {
        "PYR": 0.791927,
        "SOM": 0.0,
        "PV": 0.0,
        "VIP": -1.921998
      },
      "PV": {
        "PYR": 2.089754,
        "SOM": -3.307097,
        "PV": -1.244804,
        "VIP": -0.743268
      },
      "VIP": {
        "PYR": 1.940552,
        "SOM": 0.0,
        "PV": 0.0,
        "VIP": 0.0
      }
    },
    "ring_params": {
      "w_pyr_pyr_inter": 0.004146,
      "w_pv_global": 0.012652,
      "sigma_pyr_deg": 15.0,
      "n_nodes": 64
    }
  },
  "A_pv": 0.07836072620537723,
  "A_pyr": 0.8136605577139653,
  "A_som": 0.05876423265723105,
  "A_vip": 0.11400572121448804,
  "I0_pv": 0.3240665831718508,
  "I0_pyr": 0.4959138841383748,
  "I0_som": 0.32921645967939345,
  "I0_vip": 0.339710464431959,
  "I_alpha5_vip": 0.006503931741065185,
  "I_alpha7_pv": 0.05859696865194857,
  "I_alpha7_som": 0.05832345697628312,
  "I_beta2_som": 0.028179262509942373,
  "J_adapt_pyr": 0.002034586219161477,
  "J_adapt_som": 0.0002205115250663157,
  "Theta_pv": 0.2878,
  "Theta_pyr": 0.40323,
  "Theta_som": 0.2878,
  "Theta_vip": 0.2878,
  "act_alpha5": 1.0,
  "act_alpha7": 1.0,
  "act_beta2": 1.0,
  "alpha_pv": 615.0,
  "alpha_pyr": 310.0,
  "alpha_som": 615.0,
  "alpha_vip": 615.0,
  "g_alpha7": 0.006738535776056973,
  "g_exc": 0.16,
  "g_gaba_base": 1.5735922380976575,
  "g_inh": 0.087,
  "sigma_s": 0.11639577330591074,
  "tau_adapt_pyr": 413.8094223467551,
  "tau_adapt_som": 87.07292833554743,
  "tau_s": 20.0,
  "trans_duration_ms": 500.0,
  "trans_enabled": false,
  "trans_factor": 0.08689297431392697,
  "trans_start_ms": 1000.0,
  "w_ee": 0.001915774591406752,
  "w_ep": 0.0035414345265948606,
  "w_es": 0.0012994308709479891,
  "w_ev": 0.003279619198591657,
  "w_pe": 0.050022419835611495,
  "w_pp": 0.0013348638422653269,
  "w_se": 0.0028209122627554676,
  "w_sp": 0.0035463618863419595,
  "w_vp": 0.0012595913725725056,
  "w_vs": 0.0031537056967061564
}