{
  "w_pyr_pyr_inter": 0.0041464411739601656,
  "w_pv_global": 0.012652329505750912,
  "n_nodes": 64,
  "sigma_pyr_deg": 15.0
}