{
  "w_pyr_pyr_inter": 0.0043029417195258515,
  "w_pv_global": 0.00571669704900767,
  "n_nodes": 64,
  "sigma_pyr_deg": 15.0
}