{
  "w_pyr_pyr_inter": 0.0034675460189946363,
  "w_pv_global": 0.00793220203581047,
  "n_nodes": 64,
  "sigma_pyr_deg": 15.0
}