{
  "_fit_metadata": {
    "loss": 2.7e-05,
    "comparison": {
      "base": {
        "PYR": {
          "actual": 12.549,
          "target": 12.466,
          "error_pct": 0.67
        },
        "SOM": {
          "actual": 4.7843,
          "target": 4.814,
          "error_pct": -0.62
        },
        "PV": {
          "actual": 4.2325,
          "target": 4.241,
          "error_pct": -0.2
        },
        "VIP": {
          "actual": 5.5256,
          "target": 5.551,
          "error_pct": -0.46
        }
      },
      "alpha7_ko": {
        "PYR": {
          "actual": 13.861,
          "target": null,
          "error_pct": null,
          "in_loss": false
        }
      },
      "alpha5_ko": {
        "PYR": {
          "actual": 13.1474,
          "target": null,
          "error_pct": null,
          "in_loss": false
        }
      },
      "beta2_ko": {
        "PYR": {
          "actual": 13.7578,
          "target": null,
          "error_pct": null,
          "in_loss": false
        }
      }
    },
    "jacobian": {
      "_note": "J[row,col] = dr_row/dr_col: effect of col population on row population",
      "PYR": {
        "PYR": 0.341423,
        "SOM": -0.459849,
        "PV": -0.157477,
        "VIP": 0.0
      },
      "SOM": {
        "PYR": 0.724402,
        "SOM": 0.0,
        "PV": 0.0,
        "VIP": -0.808443
      },
      "PV": {
        "PYR": 1.770926,
        "SOM": -1.720384,
        "PV": -1.059365,
        "VIP": -1.896749
      },
      "VIP": {
        "PYR": 2.502909,
        "SOM": 0.0,
        "PV": 0.0,
        "VIP": 0.0
      }
    },
    "ring_params": {
      "w_pyr_pyr_inter": 0.003468,
      "w_pv_global": 0.007932,
      "sigma_pyr_deg": 15.0,
      "n_nodes": 64
    }
  },
  "A_pv": 0.1025004505415473,
  "A_pyr": 1.0638571147640008,
  "A_som": 0.07801125888547526,
  "A_vip": 0.08478371988051815,
  "I0_pv": 0.32215836946916426,
  "I0_pyr": 0.44357170587878336,
  "I0_som": 0.3567004671101417,
  "I0_vip": 0.3150712999465442,
  "I_alpha5_vip": 0.026401122576856756,
  "I_alpha7_pv": 0.03244240616000595,
  "I_alpha7_som": 0.008581390430490983,
  "I_beta2_som": 0.024750935573353557,
  "J_adapt_pyr": 0.0013183972890398051,
  "J_adapt_som": 0.0022211977701526537,
  "Theta_pv": 0.2878,
  "Theta_pyr": 0.40323,
  "Theta_som": 0.2878,
  "Theta_vip": 0.2878,
  "act_alpha5": 1.0,
  "act_alpha7": 1.0,
  "act_beta2": 1.0,
  "alpha_pv": 615.0,
  "alpha_pyr": 310.0,
  "alpha_som": 615.0,
  "alpha_vip": 615.0,
  "g_alpha7": 0.06857647297552358,
  "g_exc": 0.16,
  "g_gaba_base": 1.3387534858020114,
  "g_inh": 0.087,
  "sigma_s": 0.6039965269318117,
  "tau_adapt_pyr": 431.5288713126436,
  "tau_adapt_som": 108.1159006539541,
  "tau_s": 20.0,
  "trans_duration_ms": 500.0,
  "trans_enabled": false,
  "trans_factor": 0.06790716276504732,
  "trans_start_ms": 1000.0,
  "w_ee": 0.0017410393943498152,
  "w_ep": 0.0031375679649105035,
  "w_es": 0.0011943075292059182,
  "w_ev": 0.004137976590020463,
  "w_pe": 0.030928183814294883,
  "w_pp": 0.0013336513938172366,
  "w_se": 0.001407020923014075,
  "w_sp": 0.002165819725610624,
  "w_vp": 0.0033604899437976324,
  "w_vs": 0.001332863913548612
}