{
  "w_pyr_pyr_inter": 0.008016203407394826,
  "w_pv_global": 0.017511472351679307,
  "n_nodes": 64,
  "sigma_pyr_deg": 15.0
}