{
  "_fit_metadata": {
    "loss": 0.442368,
    "comparison": {
      "base": {
        "PYR": {
          "actual": 19.0213,
          "target": 12.466,
          "error_pct": 52.59
        },
        "SOM": {
          "actual": 4.9061,
          "target": 4.814,
          "error_pct": 1.91
        },
        "PV": {
          "actual": 3.2279,
          "target": 4.241,
          "error_pct": -23.89
        },
        "VIP": {
          "actual": 6.4921,
          "target": 5.551,
          "error_pct": 16.95
        }
      },
      "alpha7_ko": {
        "PYR": {
          "actual": 4.4275,
          "target": 13.599,
          "error_pct": -67.44
        }
      },
      "alpha5_ko": {
        "PYR": {
          "actual": 3.1705,
          "target": 3.113,
          "error_pct": 1.85
        }
      },
      "beta2_ko": {
        "PYR": {
          "actual": 4.3093,
          "target": 19.109,
          "error_pct": -77.45
        }
      }
    },
    "jacobian": {
      "_note": "J[row,col] = dr_row/dr_col: effect of col population on row population",
      "PYR": {
        "PYR": 0.112239,
        "SOM": -0.877099,
        "PV": -0.259695,
        "VIP": 0.0
      },
      "SOM": {
        "PYR": 0.755308,
        "SOM": 0.0,
        "PV": 0.0,
        "VIP": -4.334496
      },
      "PV": {
        "PYR": 3.446843,
        "SOM": -8.047697,
        "PV": -2.71499,
        "VIP": -3.162603
      },
      "VIP": {
        "PYR": 0.663908,
        "SOM": 0.0,
        "PV": 0.0,
        "VIP": 0.0
      }
    },
    "ring_params": {
      "w_pyr_pyr_inter": 0.008016,
      "w_pv_global": 0.017511,
      "sigma_pyr_deg": 15.0,
      "n_nodes": 64
    }
  },
  "A_pv": 0.06509328027172981,
  "A_pyr": 0.6851894126633599,
  "A_som": 0.0639033092258331,
  "A_vip": 0.08895654979287367,
  "I0_pv": 0.3160290240923861,
  "I0_pyr": 0.4297382304642519,
  "I0_som": 0.41600539892413685,
  "I0_vip": 0.3310354725155987,
  "I_alpha5_vip": 0.054085833742066075,
  "I_alpha7_pv": 0.00679321675397204,
  "I_alpha7_som": 0.010223245094723827,
  "I_beta2_som": 0.0250029045564131,
  "J_adapt_pyr": 0.001039547159945537,
  "J_adapt_som": 0.003270963945790606,
  "Theta_pv": 0.2878,
  "Theta_pyr": 0.40323,
  "Theta_som": 0.2878,
  "Theta_vip": 0.2878,
  "act_alpha5": 1.0,
  "act_alpha7": 1.0,
  "act_beta2": 1.0,
  "alpha_pv": 615.0,
  "alpha_pyr": 310.0,
  "alpha_som": 615.0,
  "alpha_vip": 615.0,
  "g_alpha7": 0.35719940466177086,
  "g_exc": 0.16,
  "g_gaba_base": 1.9477833498887989,
  "g_inh": 0.087,
  "sigma_s": 0.1835189327187024,
  "tau_adapt_pyr": 598.8291346323256,
  "tau_adapt_som": 157.00974778767363,
  "tau_s": 20.0,
  "trans_duration_ms": 500.0,
  "trans_enabled": false,
  "trans_factor": 0.21824894670129805,
  "trans_start_ms": 1000.0,
  "w_ee": 0.0014260441112317562,
  "w_ep": 0.007661752443104532,
  "w_es": 0.0012324232969378674,
  "w_ev": 0.001090033773603202,
  "w_pe": 0.0868908981052132,
  "w_pp": 0.0026182266616507095,
  "w_se": 0.0029363577249896873,
  "w_sp": 0.007760873318992446,
  "w_vp": 0.007029935732003759,
  "w_vs": 0.0070725281765731595
}