{
  "I0_pv": 0.31673737740768654,
  "I0_pyr": 0.6654970299869098,
  "I0_som": 0.19860546085588673,
  "I0_vip": 0.20907412733332065,
  "I_alpha5_vip": 0.014465187705431747,
  "I_alpha7_pv": 0.10038296875012832,
  "I_alpha7_som": 0.08623864920213674,
  "I_beta2_som": 0.037017886004106146,
  "J_NMDA": 0.052765766206026216,
  "J_adapt_pyr": 0.001293607925811423,
  "J_adapt_som": 0.07726467579284374,
  "Theta_pv": 0.2878,
  "Theta_pyr": 0.40323,
  "Theta_som": 0.2878,
  "Theta_vip": 0.2878,
  "act_alpha5": 1.0,
  "act_alpha7": 1.0,
  "act_beta2": 1.0,
  "alpha_pv": 615.0,
  "alpha_pyr": 310.0,
  "alpha_som": 615.0,
  "alpha_vip": 615.0,
  "g_alpha7": 2.6918313975354873,
  "g_exc": 0.16,
  "g_gaba_base": 4.053446816691668,
  "g_inh": 0.087,
  "sigma_noise": 0.3,
  "sigma_s": 0.0,
  "tau_adapt_pyr": 600.0,
  "tau_adapt_som": 150.0,
  "tau_s": 20.0,
  "trans_duration_ms": 500.0,
  "trans_enabled": false,
  "trans_factor": 0.7105016696290564,
  "trans_start_ms": 1000.0,
  "w_ep": 0.04998435169739526,
  "w_es": 0.00257127990294073,
  "w_ev": 0.0030786322397805175,
  "w_pe": 0.024368882816228087,
  "w_pp": 0.01052059059420616,
  "w_se": 0.04951336964299385,
  "w_sp": 0.01574585039706946,
  "w_vp": 0.006849802952698991,
  "w_vs": 0.009080288148960836
}