{
  "I0_pv": 0.36154928340229797,
  "I0_pyr": 0.34959037172990426,
  "I0_som": 0.14067129407340934,
  "I0_vip": 0.10876352229973901,
  "I_alpha5_vip": 0.10797778776212882,
  "I_alpha7_pv": 0.013298624943067387,
  "I_alpha7_som": 0.024035235296830926,
  "I_beta2_som": 0.01728906006004901,
  "J_NMDA": 0.07240946930753601,
  "J_adapt_pyr": 0.0026932665702474948,
  "J_adapt_som": 0.011264564201888955,
  "Theta_pv": 0.2878,
  "Theta_pyr": 0.40323,
  "Theta_som": 0.2878,
  "Theta_vip": 0.2878,
  "act_alpha5": 1.0,
  "act_alpha7": 1.0,
  "act_beta2": 1.0,
  "alpha_pv": 615.0,
  "alpha_pyr": 310.0,
  "alpha_som": 615.0,
  "alpha_vip": 615.0,
  "g_alpha7": 4.286371704585537,
  "g_exc": 0.16,
  "g_gaba_base": 3.9077034505165944,
  "g_inh": 0.087,
  "sigma_noise": 0.3,
  "sigma_s": 0.0,
  "tau_adapt_pyr": 1000.0,
  "tau_adapt_som": 200.0,
  "tau_s": 20.0,
  "trans_duration_ms": 500.0,
  "trans_enabled": false,
  "trans_factor": 0.8203789505896169,
  "trans_start_ms": 1000.0,
  "w_ep": 0.001035271139333798,
  "w_es": 0.03423688207816306,
  "w_ev": 0.0038070804927521794,
  "w_pe": 0.05251719948470905,
  "w_pp": 0.012004794529740157,
  "w_se": 0.003740404834964744,
  "w_sp": 0.006278410282588983,
  "w_vp": 0.0014779774078345325,
  "w_vs": 0.007582730185455065
}