{
  "I0_pv": 0.22846459934909255,
  "I0_pyr": 0.4488168948785824,
  "I0_som": 0.19153722722371966,
  "I0_vip": 0.2133193765252549,
  "I_alpha5_vip": 0.011694339544178005,
  "I_alpha7_pv": 0.08925899368902608,
  "I_alpha7_som": 0.04222870202077136,
  "I_beta2_som": 0.010824893944248487,
  "J_NMDA": 0.2587673289277426,
  "J_adapt_pyr": 0.001140315556950059,
  "J_adapt_som": 0.0,
  "Theta_pv": 0.2878,
  "Theta_pyr": 0.40323,
  "Theta_som": 0.2878,
  "Theta_vip": 0.2878,
  "act_alpha5": 1.0,
  "act_alpha7": 1.0,
  "act_beta2": 1.0,
  "alpha_pv": 615.0,
  "alpha_pyr": 310.0,
  "alpha_som": 615.0,
  "alpha_vip": 615.0,
  "g_alpha7": 2.587250213324709,
  "g_exc": 0.16,
  "g_gaba_base": 3.850283686998694,
  "g_inh": 0.087,
  "sigma_noise": 0.3,
  "sigma_s": 0.0,
  "tau_adapt_pyr": 600.0,
  "tau_adapt_som": 45.06522423428534,
  "tau_s": 20.0,
  "trans2_duration_ms": 500.0,
  "trans2_enabled": false,
  "trans2_factor": -0.3,
  "trans2_start_ms": 3000.0,
  "trans_duration_ms": 500.0,
  "trans_enabled": false,
  "trans_factor": 0.2,
  "trans_start_ms": 1000.0,
  "w_ep": 0.0090379076524103,
  "w_es": 0.005630149822393837,
  "w_ev": 0.005162619843648671,
  "w_pe": 0.0015081947114190344,
  "w_pp": 0.0011317704983081947,
  "w_se": 0.049772798835932705,
  "w_sp": 0.012270700178567167,
  "w_vp": 0.0031340684750999492,
  "w_vs": 0.017194093749137256
}