{
  "I0_pv": 0.30187603806925695,
  "I0_pyr": 0.10007256529092384,
  "I0_som": 0.10002836686773947,
  "I0_vip": 0.108815429189494,
  "I_alpha5_vip": 0.06556656131851674,
  "I_alpha7_pv": 0.009166361590065559,
  "I_alpha7_som": 0.06665373042589322,
  "I_beta2_som": 0.01192079568521372,
  "J_NMDA": 0.4847668233048404,
  "J_adapt_pyr": 0.0010001562648426245,
  "J_adapt_som": 0.0,
  "Theta_pv": 0.2878,
  "Theta_pyr": 0.40323,
  "Theta_som": 0.2878,
  "Theta_vip": 0.2878,
  "act_alpha5": 1.0,
  "act_alpha7": 1.0,
  "act_beta2": 1.0,
  "alpha_pv": 615.0,
  "alpha_pyr": 310.0,
  "alpha_som": 615.0,
  "alpha_vip": 615.0,
  "g_alpha7": 4.999088962002044,
  "g_exc": 0.16,
  "g_gaba_base": 4.999410421074614,
  "g_inh": 0.087,
  "sigma_noise": 0.3,
  "sigma_s": 0.0,
  "tau_adapt_pyr": 600.0,
  "tau_adapt_som": 289.7911275850953,
  "tau_s": 20.0,
  "trans2_duration_ms": 500.0,
  "trans2_enabled": false,
  "trans2_factor": -0.3,
  "trans2_start_ms": 3000.0,
  "trans_duration_ms": 500.0,
  "trans_enabled": false,
  "trans_factor": 0.3968124337842745,
  "trans_start_ms": 1000.0,
  "w_ep": 0.009360598278427102,
  "w_es": 0.0067708352711506456,
  "w_ev": 0.007730238755220746,
  "w_pe": 0.009999504333293044,
  "w_pp": 0.0012646071858067034,
  "w_se": 0.0,
  "w_sp": 0.0027113564782565726,
  "w_vp": 0.0026755422236083245,
  "w_vs": 0.0010110524603939536
}