{
  "I0_pv": 0.2835717226363316,
  "I0_pyr": 0.3734006119821485,
  "I0_som": 0.3474035125710898,
  "I0_vip": 0.388254185865847,
  "I_alpha5_vip": 0.01704747843782131,
  "I_alpha7_pv": 0.023394210542211896,
  "I_alpha7_som": 0.022330222994043063,
  "I_beta2_som": 0.13476934296667606,
  "J_NMDA": 0.22278362935137708,
  "J_adapt_pyr": 0.00509207965774925,
  "J_adapt_som": 0.0,
  "Theta_pv": 0.2878,
  "Theta_pyr": 0.40323,
  "Theta_som": 0.2878,
  "Theta_vip": 0.2878,
  "act_alpha5": 1.0,
  "act_alpha7": 1.0,
  "act_beta2": 1.0,
  "alpha_pv": 615.0,
  "alpha_pyr": 310.0,
  "alpha_som": 615.0,
  "alpha_vip": 615.0,
  "g_alpha7": 0.10734725693459994,
  "g_exc": 0.16,
  "g_gaba_base": 1.44802948044999,
  "g_inh": 0.087,
  "sigma_noise": 0.3,
  "sigma_s": 0.0,
  "tau_adapt_pyr": 600.0,
  "tau_adapt_som": 83.73373278048736,
  "tau_s": 20.0,
  "trans2_duration_ms": 500.0,
  "trans2_enabled": false,
  "trans2_factor": -0.3,
  "trans2_start_ms": 3000.0,
  "trans_duration_ms": 500.0,
  "trans_enabled": false,
  "trans_factor": 0.2,
  "trans_start_ms": 1000.0,
  "w_ep": 0.0027255795669580037,
  "w_es": 0.0010335739139834194,
  "w_ev": 0.002378734177080458,
  "w_pe": 0.03457884449995564,
  "w_pp": 0.0010529713199159618,
  "w_se": 0.0012550803962681136,
  "w_sp": 0.0017785558119130006,
  "w_vp": 0.005206220417195004,
  "w_vs": 0.003106824602605142
}