{
  "baseline_rates": {
    "PYR": 0.8398278328904559,
    "SOM": 0.9365173851539036,
    "PV": 0.08400119751811881,
    "VIP": 1.16797047030174
  },
  "baseline_I_ext": {
    "PYR": 6.82298,
    "SOM": 20.39065,
    "PV": 15.48781,
    "VIP": 9.01996
  },
  "metric4": {
    "PYR": {
      "peak_deviation": [
        0.12287984673031271,
        0.09432695063877927,
        0.009733058817399318,
        5.9572833333021435e-09
      ],
      "time_to_peak": [
        38.1,
        69.8,
        39.6,
        500.40000000000003
      ],
      "decay_tau": 5126.614111538753,
      "delta": 1.3645960000000001,
      "pulse_start_ms": 500.0,
      "pulse_end_ms": 1000.0
    },
    "SOM": {
      "peak_deviation": [
        -0.15950710141241486,
        0.09852409447998156,
        -0.012580783480396623,
        -7.368827992237925e-09
      ],
      "time_to_peak": [
        77.80000000000001,
        35.7,
        79.60000000000001,
        104.80000000000001
      ],
      "decay_tau": 99999.99999999744,
      "delta": 1.097102,
      "pulse_start_ms": 500.0,
      "pulse_end_ms": 1000.0
    },
    "PV": {
      "peak_deviation": [
        -0.001903013147800725,
        -0.0036599831392974957,
        0.002185704061853311,
        -8.36868352394049e-11
      ],
      "time_to_peak": [
        596.6,
        56.400000000000006,
        95.80000000000001,
        622.5
      ],
      "decay_tau": 99999.83035676087,
      "delta": 1.116918,
      "pulse_start_ms": 500.0,
      "pulse_end_ms": 1000.0
    },
    "VIP": {
      "peak_deviation": [
        0.004578836814262854,
        -0.002289951806978663,
        0.0003618168882088407,
        0.025587156588644078
      ],
      "time_to_peak": [
        102.9,
        58.300000000000004,
        104.5,
        500.0
      ],
      "decay_tau": 29.932553586218617,
      "delta": 1.514674,
      "pulse_start_ms": 500.0,
      "pulse_end_ms": 1000.0
    }
  },
  "metric5": {
    "I0_levels": [
      2.0,
      3.428571428571429,
      4.857142857142858,
      6.285714285714286,
      7.714285714285714,
      9.142857142857142,
      10.571428571428571,
      12.0
    ],
    "baseline_rate": [
      0.4287419041669136,
      0.5616888398925834,
      0.7223103003774335,
      0.9092832247932219,
      1.1196690800916842,
      1.3498970775042098,
      1.5965283370281236,
      1.8566170296355626
    ],
    "peak_rate": [
      0.5612867605639954,
      0.7114836185333357,
      0.8864419916473737,
      1.0858267248995332,
      1.3108717280018565,
      1.5536471388763151,
      1.8108964429777605,
      2.0799236246300303
    ],
    "sensitivity": [
      0.0662724281985409,
      0.07489738932037615,
      0.0820658456349701,
      0.08827175005315568,
      0.09560132395508614,
      0.10187503068605264,
      0.10718405297481848,
      0.11165329749723385
    ]
  }
}