{
  "w_pyr_pyr_inter": 0.01780058084298748,
  "w_pv_global": 0.05412596045738534,
  "n_nodes": 64,
  "sigma_pyr_deg": 15.0
}