{
  "_fit_metadata": {
    "loss": 2.04177,
    "comparison": {
      "base": {
        "PYR": {
          "actual": 3.8433,
          "target": 8.214,
          "error_pct": -53.21
        },
        "SOM": {
          "actual": 2.4913,
          "target": 4.295,
          "error_pct": -42.0
        },
        "PV": {
          "actual": 3.0006,
          "target": 4.073,
          "error_pct": -26.33
        },
        "VIP": {
          "actual": 8.2956,
          "target": 6.051,
          "error_pct": 37.1
        }
      }
    },
    "jacobian": {
      "_note": "J[row,col] = dr_row/dr_col: effect of col population on row population",
      "PYR": {
        "PYR": 2.793162,
        "SOM": -47.536758,
        "PV": -1.967343,
        "VIP": 0.0
      },
      "SOM": {
        "PYR": 54.213741,
        "SOM": 0.0,
        "PV": 0.0,
        "VIP": -28.234307
      },
      "PV": {
        "PYR": 0.056917,
        "SOM": -0.160637,
        "PV": -0.303203,
        "VIP": -0.009425
      },
      "VIP": {
        "PYR": 1.045047,
        "SOM": 0.0,
        "PV": 0.0,
        "VIP": 0.0
      }
    },
    "ring_params": {
      "w_pyr_pyr_inter": 0.047537,
      "w_pv_global": 0.092571,
      "sigma_pyr_deg": 15.0,
      "n_nodes": 128
    }
  },
  "I0_pv": 0.5492239641914622,
  "I0_pyr": 1.056772986066077,
  "I0_som": 0.198081404226217,
  "I0_vip": 0.13379005144270167,
  "I_alpha5_vip": 0.11679898072137881,
  "I_alpha7_pv": 0.3657163147247027,
  "I_alpha7_som": 0.030560316398451755,
  "I_beta2_som": 0.40365705450191586,
  "J_adapt_pyr": 0.04698559044636201,
  "J_adapt_som": 0.18398087977100383,
  "Theta_pv": 0.2878,
  "Theta_pyr": 0.40323,
  "Theta_som": 0.2878,
  "Theta_vip": 0.2878,
  "act_alpha5": 1.0,
  "act_alpha7": 1.0,
  "act_beta2": 1.0,
  "alpha_pv": 615.0,
  "alpha_pyr": 310.0,
  "alpha_som": 615.0,
  "alpha_vip": 615.0,
  "g_alpha7": 0.7095946383959281,
  "g_exc": 0.16,
  "g_gaba_base": 0.9676344038548946,
  "g_inh": 0.087,
  "sigma_noise": 0.1,
  "sigma_s": 0.0,
  "tau_adapt_pyr": 600.0,
  "tau_adapt_som": 230.05012262543457,
  "tau_s": 20.0,
  "trans_duration_ms": 500.0,
  "trans_enabled": false,
  "trans_factor": 0.2,
  "trans_start_ms": 1000.0,
  "w_ee": 0.020267958162078242,
  "w_ep": 0.03775630652747972,
  "w_es": 0.08815255003425797,
  "w_ev": 0.004955097896757927,
  "w_pe": 0.24275532099073263,
  "w_pp": 0.11991935393246712,
  "w_se": 0.09256888424203898,
  "w_sp": 0.06353321896191003,
  "w_vp": 0.006252180593964923,
  "w_vs": 0.04590950780805663
}