{
  "w_pyr_pyr_inter": 0.04753682633772623,
  "w_pv_global": 0.09257091975582224,
  "n_nodes": 128,
  "sigma_pyr_deg": 15.0
}