{
  "I0_pv": 0.4663919941110754,
  "I0_pyr": 0.49544685137109146,
  "I0_som": 0.12178801218169767,
  "I0_vip": 0.17610362071667698,
  "I_alpha5_vip": 0.0383173316215465,
  "I_alpha7_pv": 0.19606482711912687,
  "I_alpha7_som": 0.1116004840706828,
  "I_beta2_som": 0.18933093688642036,
  "J_NMDA": 0.06498418145195181,
  "J_adapt_pyr": 0.003312147697400833,
  "J_adapt_som": 0.16328141921856915,
  "Theta_pv": 0.2878,
  "Theta_pyr": 0.40323,
  "Theta_som": 0.2878,
  "Theta_vip": 0.2878,
  "act_alpha5": 1.0,
  "act_alpha7": 1.0,
  "act_beta2": 1.0,
  "alpha_pv": 615.0,
  "alpha_pyr": 310.0,
  "alpha_som": 615.0,
  "alpha_vip": 615.0,
  "g_alpha7": 1.1420504477756792,
  "g_exc": 0.16,
  "g_gaba_base": 0.9566807218607293,
  "g_inh": 0.087,
  "sigma_noise": 0.1,
  "sigma_s": 0.0,
  "tau_adapt_pyr": 1006.8971697963165,
  "tau_adapt_som": 93.32735598069773,
  "tau_s": 20.0,
  "trans_duration_ms": 500.0,
  "trans_enabled": false,
  "trans_factor": 0.16665845904881185,
  "trans_start_ms": 1000.0,
  "w_ep": 0.00152069543272038,
  "w_es": 0.005995962187750605,
  "w_ev": 0.0007706113714137768,
  "w_pe": 0.0014461971901000156,
  "w_pp": 0.05409587934395739,
  "w_se": 0.07616541193271138,
  "w_sp": 0.10616145927430555,
  "w_vp": 0.08039504059503799,
  "w_vs": 0.0019190129127543507
}