{
  "I0_pv": 0.3066298830385633,
  "I0_pyr": 0.6145891039360136,
  "I0_som": 0.21036740145452196,
  "I0_vip": 0.12758325024403258,
  "I_alpha5_vip": 0.08242780969173287,
  "I_alpha7_pv": 0.011498152556051909,
  "I_alpha7_som": 0.07694976188984111,
  "I_beta2_som": 0.03684949693074175,
  "J_NMDA": 0.08475967408782369,
  "J_adapt_pyr": 0.001593581567700938,
  "J_adapt_som": 0.026701913063528048,
  "Theta_pv": 0.2878,
  "Theta_pyr": 0.40323,
  "Theta_som": 0.2878,
  "Theta_vip": 0.2878,
  "act_alpha5": 1.0,
  "act_alpha7": 1.0,
  "act_beta2": 1.0,
  "alpha_pv": 615.0,
  "alpha_pyr": 310.0,
  "alpha_som": 615.0,
  "alpha_vip": 615.0,
  "g_alpha7": 1.6889033586731232,
  "g_exc": 0.16,
  "g_gaba_base": 3.4011787613899687,
  "g_inh": 0.087,
  "sigma_noise": 0.3,
  "sigma_s": 0.0,
  "tau_adapt_pyr": 1000.0,
  "tau_adapt_som": 200.0,
  "tau_s": 20.0,
  "trans_duration_ms": 500.0,
  "trans_enabled": false,
  "trans_factor": 0.9043082709839243,
  "trans_start_ms": 1000.0,
  "w_ep": 0.004922140882030006,
  "w_es": 0.0022291421827599464,
  "w_ev": 0.0014746483462970991,
  "w_pe": 0.0019871418880080265,
  "w_pp": 0.02395016298910834,
  "w_se": 0.025795003737377902,
  "w_sp": 0.004107305430168668,
  "w_vp": 0.0026528500830968597,
  "w_vs": 0.02288780840324733
}