{
  "I0_pv": 0.3866234293791588,
  "I0_pyr": 0.5473418315641013,
  "I0_som": 0.2117505468128117,
  "I0_vip": 0.2051984125301911,
  "I_alpha5_vip": 0.007230419839146131,
  "I_alpha7_pv": 0.012550893676651347,
  "I_alpha7_som": 0.02841041425766247,
  "I_beta2_som": 0.002797099040035237,
  "J_NMDA": 0.050145390440649286,
  "J_adapt_pyr": 0.001000235662131867,
  "J_adapt_som": 0.0,
  "Theta_pv": 0.2878,
  "Theta_pyr": 0.40323,
  "Theta_som": 0.2878,
  "Theta_vip": 0.2878,
  "act_alpha5": 1.0,
  "act_alpha7": 1.0,
  "act_beta2": 1.0,
  "alpha_pv": 615.0,
  "alpha_pyr": 310.0,
  "alpha_som": 615.0,
  "alpha_vip": 615.0,
  "g_alpha7": 4.9985580123237945,
  "g_exc": 0.16,
  "g_gaba_base": 4.998400088874524,
  "g_inh": 0.087,
  "sigma_noise": 0.3,
  "sigma_s": 0.0,
  "tau_adapt_pyr": 600.0,
  "tau_adapt_som": 277.8778976901572,
  "tau_s": 20.0,
  "trans2_duration_ms": 500.0,
  "trans2_enabled": false,
  "trans2_factor": -0.3,
  "trans2_start_ms": 3000.0,
  "trans_duration_ms": 500.0,
  "trans_enabled": false,
  "trans_factor": 0.15863466889400643,
  "trans_start_ms": 1000.0,
  "w_ep": 0.009882157694485496,
  "w_es": 0.0037371627641955714,
  "w_ev": 0.0070250468000330035,
  "w_pe": 0.0010013720857463874,
  "w_pp": 0.001012412649665193,
  "w_se": 0.009998009535178633,
  "w_sp": 0.007904842718076838,
  "w_vp": 0.0011203094829008672,
  "w_vs": 0.007172405993053176
}