offset_deg,amp_factor,trial_idx,displacement_deg,pre_amp,post_amp
90.0,0.75,0,29.30068646019163,0.5360213957279523,0.597503036554092
90.0,1.0,0,60.57358663295545,0.5360213957279523,0.6238332111708058
30.0,0.75,0,18.381160599138447,0.5360213957279523,0.5483348317318354
120.0,0.75,0,29.017306439473916,0.5360213957279523,0.5340755899218083
170.0,0.75,0,19.0204889871893,0.5360213957279523,0.21896467041654546
30.0,1.0,0,22.141866382589402,0.5360213957279523,0.7958820671827938
120.0,1.0,0,28.104602099593713,0.5360213957279523,0.5213537744685597
170.0,1.0,0,157.56370158096064,0.5360213957279523,0.2687498120918869
