condition_key,offset_deg,amp_factor,n_trials,drift_mean_deg,drift_sd_deg,drift_sem_deg,collapse_prob,pre_amp_mean,post_amp_mean,distractor_duration_ms,delay1_ms,delay2_ms,cue_amp_factor
WT,30,0.75,1,18.381160599138447,0.0,0.0,0.0,0.5360213957279523,0.5483348317318354,250.0,1000.0,2500.0,20.0
WT,30,1.0,1,22.141866382589402,0.0,0.0,0.0,0.5360213957279523,0.7958820671827938,250.0,1000.0,2500.0,20.0
WT,90,0.75,1,29.30068646019163,0.0,0.0,0.0,0.5360213957279523,0.597503036554092,250.0,1000.0,2500.0,20.0
WT,90,1.0,1,60.57358663295545,0.0,0.0,0.0,0.5360213957279523,0.6238332111708058,250.0,1000.0,2500.0,20.0
WT,120,0.75,1,29.017306439473916,0.0,0.0,0.0,0.5360213957279523,0.5340755899218083,250.0,1000.0,2500.0,20.0
WT,120,1.0,1,28.104602099593713,0.0,0.0,0.0,0.5360213957279523,0.5213537744685597,250.0,1000.0,2500.0,20.0
WT,170,0.75,1,19.0204889871893,0.0,0.0,0.0,0.5360213957279523,0.21896467041654546,250.0,1000.0,2500.0,20.0
WT,170,1.0,1,157.56370158096064,0.0,0.0,0.0,0.5360213957279523,0.2687498120918869,250.0,1000.0,2500.0,20.0
