{
  "I0_pv": 0.31501933899557694,
  "I0_pyr": 0.4253568729283827,
  "I0_som": 0.19544569180963428,
  "I0_vip": 0.21255918651313954,
  "I_alpha5_vip": 0.010989578606158302,
  "I_alpha7_pv": 0.04187927129297006,
  "I_alpha7_som": 0.035870474807690865,
  "I_beta2_som": 0.01166156470863165,
  "J_NMDA": 0.2376578261321568,
  "J_adapt_pyr": 0.001326544960672554,
  "J_adapt_som": 0.0,
  "Theta_pv": 0.2878,
  "Theta_pyr": 0.40323,
  "Theta_som": 0.2878,
  "Theta_vip": 0.2878,
  "act_alpha5": 1.0,
  "act_alpha7": 1.0,
  "act_beta2": 1.0,
  "alpha_pv": 615.0,
  "alpha_pyr": 310.0,
  "alpha_som": 615.0,
  "alpha_vip": 615.0,
  "g_alpha7": 0.13395694892998747,
  "g_exc": 0.16,
  "g_gaba_base": 4.75801082086107,
  "g_inh": 0.087,
  "sigma_noise": 0.3,
  "sigma_s": 0.0,
  "tau_adapt_pyr": 600.0,
  "tau_adapt_som": 25.95236334453072,
  "tau_s": 20.0,
  "trans2_duration_ms": 500.0,
  "trans2_enabled": false,
  "trans2_factor": -0.3,
  "trans2_start_ms": 3000.0,
  "trans_duration_ms": 500.0,
  "trans_enabled": false,
  "trans_factor": 0.2,
  "trans_start_ms": 1000.0,
  "w_ep": 0.007118225872197229,
  "w_es": 0.009517508892854508,
  "w_ev": 0.00483839691456835,
  "w_pe": 0.0014367708779639036,
  "w_pp": 0.0015037463355985256,
  "w_se": 0.04213455419045569,
  "w_sp": 0.019114124550070197,
  "w_vp": 0.002021661150141984,
  "w_vs": 0.013480363737966513
}