{
  "_fit_metadata": {
    "loss": 8.4e-05,
    "comparison": {
      "base": {
        "PYR": {
          "actual": 12.4347,
          "target": 12.466,
          "error_pct": -0.25
        },
        "SOM": {
          "actual": 4.8735,
          "target": 4.814,
          "error_pct": 1.24
        },
        "PV": {
          "actual": 4.2359,
          "target": 4.241,
          "error_pct": -0.12
        },
        "VIP": {
          "actual": 5.4777,
          "target": 5.551,
          "error_pct": -1.32
        }
      },
      "alpha7_ko": {
        "PYR": {
          "actual": 13.1992,
          "target": null,
          "error_pct": null,
          "in_loss": false
        }
      },
      "alpha5_ko": {
        "PYR": {
          "actual": 12.4263,
          "target": null,
          "error_pct": null,
          "in_loss": false
        }
      },
      "beta2_ko": {
        "PYR": {
          "actual": 12.6671,
          "target": null,
          "error_pct": null,
          "in_loss": false
        }
      }
    },
    "jacobian": {
      "_note": "J[row,col] = dr_row/dr_col: effect of col population on row population",
      "PYR": {
        "PYR": 0.241847,
        "SOM": -0.443171,
        "PV": -0.127689,
        "VIP": 0.0
      },
      "SOM": {
        "PYR": 0.636723,
        "SOM": 0.0,
        "PV": 0.0,
        "VIP": -2.719622
      },
      "PV": {
        "PYR": 0.64487,
        "SOM": -1.287135,
        "PV": -2.376751,
        "VIP": -1.23358
      },
      "VIP": {
        "PYR": 0.539468,
        "SOM": 0.0,
        "PV": 0.0,
        "VIP": 0.0
      }
    }
  },
  "A_pv": 0.11982978250050712,
  "A_pyr": 0.5418529353374849,
  "A_som": 0.05465584474960629,
  "A_vip": 0.18394943398741312,
  "I0_pv": 0.3443964553518288,
  "I0_pyr": 0.4722057719830818,
  "I0_som": 0.3974570718621962,
  "I0_vip": 0.31657455226555004,
  "I_alpha5_vip": 0.0018579572165021573,
  "I_alpha7_pv": 0.025601447353280866,
  "I_alpha7_som": 0.020401365588144742,
  "I_beta2_som": 0.02624809151087264,
  "J_adapt_pyr": 0.0,
  "J_adapt_som": 0.0,
  "Theta_pv": 0.2878,
  "Theta_pyr": 0.40323,
  "Theta_som": 0.2878,
  "Theta_vip": 0.2878,
  "act_alpha5": 1.0,
  "act_alpha7": 1.0,
  "act_beta2": 1.0,
  "alpha_pv": 615.0,
  "alpha_pyr": 310.0,
  "alpha_som": 615.0,
  "alpha_vip": 615.0,
  "g_alpha7": 0.30947544913909664,
  "g_exc": 0.16,
  "g_gaba_base": 0.5957885681256617,
  "g_inh": 0.087,
  "sigma_s": 0.44084937017142095,
  "tau_adapt_pyr": 339.58172610633466,
  "tau_adapt_som": 208.71536278294997,
  "tau_s": 20.0,
  "trans_duration_ms": 500.0,
  "trans_enabled": false,
  "trans_factor": 0.49470058857146937,
  "trans_start_ms": 1000.0,
  "w_ee": 0.0010312039687963607,
  "w_ep": 0.0011914181635323557,
  "w_es": 0.001038332901411897,
  "w_ev": 0.001055927324428387,
  "w_pe": 0.057188796546508824,
  "w_pp": 0.004850658378522383,
  "w_se": 0.001711950491855087,
  "w_sp": 0.002626885967083891,
  "w_vp": 0.0022790805441019503,
  "w_vs": 0.004435010770526638
}