{
  "I0_pv": 0.381236917150017,
  "I0_pyr": 0.5474181889560903,
  "I0_som": 0.20884222451045703,
  "I0_vip": 0.20700547055044732,
  "I_alpha5_vip": 0.005678192582124881,
  "I_alpha7_pv": 0.013692388478409874,
  "I_alpha7_som": 0.030415098565127984,
  "I_beta2_som": 0.003589369452143596,
  "J_NMDA": 0.05003326075954986,
  "J_adapt_pyr": 0.001000705719672511,
  "J_adapt_som": 0.0,
  "Theta_pv": 0.2878,
  "Theta_pyr": 0.40323,
  "Theta_som": 0.2878,
  "Theta_vip": 0.2878,
  "act_alpha5": 1.0,
  "act_alpha7": 1.0,
  "act_beta2": 1.0,
  "alpha_pv": 615.0,
  "alpha_pyr": 310.0,
  "alpha_som": 615.0,
  "alpha_vip": 615.0,
  "g_alpha7": 4.999322387806419,
  "g_exc": 0.16,
  "g_gaba_base": 4.99784360675916,
  "g_inh": 0.087,
  "sigma_noise": 0.3,
  "sigma_s": 0.0,
  "tau_adapt_pyr": 600.0,
  "tau_adapt_som": 274.9703893612518,
  "tau_s": 20.0,
  "trans2_duration_ms": 500.0,
  "trans2_enabled": false,
  "trans2_factor": -0.3,
  "trans2_start_ms": 3000.0,
  "trans_duration_ms": 500.0,
  "trans_enabled": false,
  "trans_factor": 0.3224926128219479,
  "trans_start_ms": 1000.0,
  "w_ep": 0.0098577777604712,
  "w_es": 0.0036447350542000824,
  "w_ev": 0.0068403269558201816,
  "w_pe": 0.0010010923192008577,
  "w_pp": 0.0010009886414076197,
  "w_se": 0.009996826369351985,
  "w_sp": 0.007658140520099662,
  "w_vp": 0.0011061925754481659,
  "w_vs": 0.006978390151677691
}