{
  "I0_pv": 0.31975999138388245,
  "I0_pyr": 0.42645277839782003,
  "I0_som": 0.17754424433249866,
  "I0_vip": 0.1915254550555516,
  "I_alpha5_vip": 0.030393445141162913,
  "I_alpha7_pv": 0.019083838279218588,
  "I_alpha7_som": 0.04589359253626107,
  "I_beta2_som": 0.01078429585490908,
  "J_NMDA": 0.28751445996404246,
  "J_adapt_pyr": 0.0012761195280405141,
  "J_adapt_som": 0.0,
  "Theta_pv": 0.2878,
  "Theta_pyr": 0.40323,
  "Theta_som": 0.2878,
  "Theta_vip": 0.2878,
  "act_alpha5": 1.0,
  "act_alpha7": 1.0,
  "act_beta2": 1.0,
  "alpha_pv": 615.0,
  "alpha_pyr": 310.0,
  "alpha_som": 615.0,
  "alpha_vip": 615.0,
  "g_alpha7": 2.1551354997684182,
  "g_exc": 0.16,
  "g_gaba_base": 4.747926738266279,
  "g_inh": 0.087,
  "sigma_noise": 0.3,
  "sigma_s": 0.0,
  "tau_adapt_pyr": 600.0,
  "tau_adapt_som": 36.228057272498106,
  "tau_s": 20.0,
  "trans2_duration_ms": 500.0,
  "trans2_enabled": false,
  "trans2_factor": -0.3,
  "trans2_start_ms": 3000.0,
  "trans_duration_ms": 500.0,
  "trans_enabled": false,
  "trans_factor": 0.2,
  "trans_start_ms": 1000.0,
  "w_ep": 0.009598540282022007,
  "w_es": 0.004758868273333875,
  "w_ev": 0.0053944331973127015,
  "w_pe": 0.0013512041524882817,
  "w_pp": 0.001133509716582053,
  "w_se": 0.04024071636873255,
  "w_sp": 0.012204987015834357,
  "w_vp": 0.0029425446622709708,
  "w_vs": 0.00843746586980072
}