{
  "condition": "WT",
  "recommended_amplitude": 30.0,
  "recommended_w_inter": 4.0,
  "success_rate": 1.0,
  "mean_A_hat": 0.3171690337607386,
  "peak_pyr_rate": 14.58123769210747,
  "noise_threshold": 0.041893369073358125,
  "noise_percentile": 95.0,
  "n_trials": 50,
  "n_baseline": 100,
  "amplitudes_swept": [
    5.0,
    10.0,
    15.0,
    20.0,
    25.0,
    30.0
  ],
  "w_inter_values_swept": [
    2.0,
    3.0,
    4,
    5.0,
    6.0
  ]
}