{
  "w_pyr_pyr_inter": 20.71998401035858,
  "w_pv_global": 3.37971020907358,
  "n_nodes": 64,
  "sigma_pyr_deg": 15.0
}