{
  "w_pyr_pyr_inter": 11.973418459328634,
  "w_pv_global": 3.0784848837433407,
  "n_nodes": 64,
  "sigma_pyr_deg": 15.0
}