{
  "_fit_metadata": {
    "loss": 2.5e-05,
    "comparison": {
      "base": {
        "PYR": {
          "actual": 8.2118,
          "target": 8.214,
          "error_pct": -0.03
        },
        "SOM": {
          "actual": 4.3371,
          "target": 4.295,
          "error_pct": 0.98
        },
        "PV": {
          "actual": 4.0808,
          "target": 4.073,
          "error_pct": 0.19
        },
        "VIP": {
          "actual": 6.0505,
          "target": 6.051,
          "error_pct": -0.01
        }
      },
      "alpha7_ko": {
        "PYR": {
          "actual": 35.6347,
          "target": null,
          "error_pct": null,
          "in_loss": false
        }
      },
      "alpha5_ko": {
        "PYR": {
          "actual": 25.4617,
          "target": null,
          "error_pct": null,
          "in_loss": false
        }
      },
      "beta2_ko": {
        "PYR": {
          "actual": 32.7097,
          "target": null,
          "error_pct": null,
          "in_loss": false
        }
      }
    },
    "jacobian": {
      "_note": "J[row,col] = dr_row/dr_col: effect of col population on row population",
      "PYR": {
        "PYR": 0.105932,
        "SOM": -0.125955,
        "PV": -0.180004,
        "VIP": 0.0
      },
      "SOM": {
        "PYR": 2.751827,
        "SOM": 0.0,
        "PV": 0.0,
        "VIP": -3.397509
      },
      "PV": {
        "PYR": 19.084581,
        "SOM": -0.089204,
        "PV": -38.432043,
        "VIP": -0.202832
      },
      "VIP": {
        "PYR": 0.025665,
        "SOM": 0.0,
        "PV": 0.0,
        "VIP": 0.0
      }
    },
    "ring_params": {
      "w_pyr_pyr_inter": 11.973418,
      "w_pv_global": 3.078485,
      "sigma_pyr_deg": 15.0,
      "n_nodes": 64
    }
  },
  "A_pv": 10.57412635043253,
  "A_pyr": 11.865202375870426,
  "A_som": 0.6423518556174804,
  "A_vip": 2.450571165614149,
  "I0_pv": 6.227818651758254,
  "I0_pyr": 9.146850269339758,
  "I0_som": 5.934288885763734,
  "I0_vip": 3.886446163687165,
  "I_alpha5_vip": 6.756605133889169,
  "I_alpha7_pv": 6.936202311547619,
  "I_alpha7_som": 8.241258609502138,
  "I_beta2_som": 6.509161369297031,
  "J_adapt_pyr": 0.15007107723065743,
  "J_adapt_som": 2.964056806698854,
  "Theta_pv": 2.8164872210280008,
  "Theta_pyr": 2.2786408623729364,
  "Theta_som": 8.828556548099625,
  "Theta_vip": 5.572779561688716,
  "act_alpha5": 1.0,
  "act_alpha7": 1.0,
  "act_beta2": 1.0,
  "alpha_pv": 0.12355782716805411,
  "alpha_pyr": 0.09960864227004394,
  "alpha_som": 4.3651562404355335,
  "alpha_vip": 0.16427404804225304,
  "g": 0.18467245245448233,
  "g_alpha7": 0.4424937001141875,
  "g_gaba_base": 4.425244403278876,
  "sigma_s": 8.60409652695196,
  "tau_adapt_pyr": 666.7437492505557,
  "tau_adapt_som": 64.82254169602588,
  "tau_s": 20.0,
  "trans_duration_ms": 500.0,
  "trans_enabled": false,
  "trans_factor": 0.3066746499209079,
  "trans_start_ms": 1000.0,
  "w_ee": 12.757910345005198,
  "w_ep": 376.1455972095675,
  "w_es": 0.6306804999974687,
  "w_ev": 0.29058840580111867,
  "w_pe": 0.27324505731161114,
  "w_pp": 155.61075879267267,
  "w_se": 0.48481724082469274,
  "w_sp": 0.3611838897838073,
  "w_vp": 3.997696949444159,
  "w_vs": 0.7786618487902589
}