{
  "_fit_metadata": {
    "loss": 0.000264,
    "comparison": {
      "base": {
        "PYR": {
          "actual": 8.242,
          "target": 8.214,
          "error_pct": 0.34
        },
        "SOM": {
          "actual": 4.2845,
          "target": 4.295,
          "error_pct": -0.25
        },
        "PV": {
          "actual": 4.0843,
          "target": 4.073,
          "error_pct": 0.28
        },
        "VIP": {
          "actual": 6.0431,
          "target": 6.051,
          "error_pct": -0.13
        }
      },
      "alpha7_ko": {
        "PYR": {
          "actual": 18.0096,
          "target": 17.539,
          "error_pct": 2.68
        }
      },
      "alpha5_ko": {
        "PYR": {
          "actual": 9.2867,
          "target": 9.285,
          "error_pct": 0.02
        }
      },
      "beta2_ko": {
        "PYR": {
          "actual": 17.9345,
          "target": 17.965,
          "error_pct": -0.17
        }
      }
    },
    "jacobian": {
      "_note": "J[row,col] = dr_row/dr_col: effect of col population on row population",
      "PYR": {
        "PYR": 0.58046,
        "SOM": -0.053753,
        "PV": -0.681637,
        "VIP": 0.0
      },
      "SOM": {
        "PYR": 1.82378,
        "SOM": 0.0,
        "PV": 0.0,
        "VIP": -1.573007
      },
      "PV": {
        "PYR": 111.753263,
        "SOM": -0.445614,
        "PV": -229.719894,
        "VIP": -1.225874
      },
      "VIP": {
        "PYR": 0.438751,
        "SOM": 0.0,
        "PV": 0.0,
        "VIP": 0.0
      }
    },
    "ring_params": {
      "w_pyr_pyr_inter": 10.124561,
      "w_pv_global": 10.377084,
      "sigma_pyr_deg": 15.0,
      "n_nodes": 64
    }
  },
  "A_pv": 2.4310137355937362,
  "A_pyr": 5.758452911351013,
  "A_som": 10.769828569044165,
  "A_vip": 3.85696095116105,
  "I0_pv": 7.395608054101938,
  "I0_pyr": 2.650818761344816,
  "I0_som": 9.75208856785304,
  "I0_vip": 7.2179706452371875,
  "I_alpha5_vip": 4.69289138462423,
  "I_alpha7_pv": 6.117781542011282,
  "I_alpha7_som": 7.453545687178984,
  "I_beta2_som": 8.826498166737125,
  "J_adapt_pyr": 8.791387964141189,
  "J_adapt_som": 4.4662949298975105,
  "Theta_pv": 2.7470064654858533,
  "Theta_pyr": 6.155234294319097,
  "Theta_som": 16.613037915088565,
  "Theta_vip": 19.747089605288682,
  "act_alpha5": 1.0,
  "act_alpha7": 1.0,
  "act_beta2": 1.0,
  "alpha_pv": 7.3672906602035315,
  "alpha_pyr": 0.17900245050759267,
  "alpha_som": 1.7337832720678228,
  "alpha_vip": 1.8570203331707402,
  "g": 0.11824696052106622,
  "g_alpha7": 0.5356640661948463,
  "g_gaba_base": 1.070334738495106,
  "sigma_s": 3.0280377738218984,
  "tau_adapt_pyr": 600.0,
  "tau_adapt_som": 150.0,
  "tau_s": 20.0,
  "trans_duration_ms": 500.0,
  "trans_enabled": false,
  "trans_factor": 0.2221258566911957,
  "trans_start_ms": 1000.0,
  "w_ee": 17.72997759175215,
  "w_ep": 51.790123310039064,
  "w_es": 1.219544555281455,
  "w_ev": 0.5980818944017516,
  "w_pe": 0.21219930407397428,
  "w_pp": 66.28879428078871,
  "w_se": 0.427418734236832,
  "w_sp": 0.1285878414338558,
  "w_vp": 0.5681102756456001,
  "w_vs": 1.0518547350785143
}