{
  "w_pyr_pyr_inter": 0.01099101478431517,
  "w_pv_global": 0.022666506018308448,
  "n_nodes": 64,
  "sigma_pyr_deg": 15.0
}