{
  "_fit_metadata": {
    "loss": 0.041675,
    "comparison": {
      "base": {
        "PYR": {
          "actual": 7.8616,
          "target": 8.214,
          "error_pct": -4.29
        },
        "SOM": {
          "actual": 4.8819,
          "target": 4.295,
          "error_pct": 13.66
        },
        "PV": {
          "actual": 3.872,
          "target": 4.073,
          "error_pct": -4.93
        },
        "VIP": {
          "actual": 4.9661,
          "target": 6.051,
          "error_pct": -17.93
        }
      },
      "alpha7_ko": {
        "PYR": {
          "actual": 21.9821,
          "target": 17.539,
          "error_pct": 25.33
        }
      },
      "alpha5_ko": {
        "PYR": {
          "actual": 10.3851,
          "target": 9.285,
          "error_pct": 11.85
        }
      },
      "beta2_ko": {
        "PYR": {
          "actual": 17.6403,
          "target": 17.965,
          "error_pct": -1.81
        }
      }
    },
    "jacobian": {
      "_note": "J[row,col] = dr_row/dr_col: effect of col population on row population",
      "PYR": {
        "PYR": 0.271694,
        "SOM": -0.125969,
        "PV": -0.445986,
        "VIP": 0.0
      },
      "SOM": {
        "PYR": 0.535105,
        "SOM": 0.0,
        "PV": 0.0,
        "VIP": -0.627573
      },
      "PV": {
        "PYR": 25.935381,
        "SOM": -0.220057,
        "PV": -52.199472,
        "VIP": -0.059958
      },
      "VIP": {
        "PYR": 0.192463,
        "SOM": 0.0,
        "PV": 0.0,
        "VIP": 0.0
      }
    },
    "ring_params": {
      "w_pyr_pyr_inter": 20.719984,
      "w_pv_global": 3.37971,
      "sigma_pyr_deg": 15.0,
      "n_nodes": 64
    }
  },
  "A_pv": 27.79961470891722,
  "A_pyr": 15.939535439267635,
  "A_som": 48.94568210326441,
  "A_vip": 3.520461684405466,
  "I0_pv": 10.83539979591226,
  "I0_pyr": 7.5664704439578,
  "I0_som": 3.0535053090327406,
  "I0_vip": 6.819953467440162,
  "I_alpha5_vip": 9.59669357592876,
  "I_alpha7_pv": 0.24647876390732515,
  "I_alpha7_som": 8.29382778598302,
  "I_beta2_som": 8.02060679792567,
  "J_adapt_pyr": 2.9473890551943636,
  "J_adapt_som": 0.2618000456910257,
  "Theta_pv": 11.855018601573812,
  "Theta_pyr": 15.368575270217693,
  "Theta_som": 14.354777662439028,
  "Theta_vip": 12.387432489069754,
  "act_alpha5": 1.0,
  "act_alpha7": 1.0,
  "act_beta2": 1.0,
  "alpha_pv": 0.17293742451049457,
  "alpha_pyr": 0.08147266963734477,
  "alpha_som": 0.2117911995103157,
  "alpha_vip": 0.06486348889702184,
  "g": 0.2890008403402114,
  "g_alpha7": 2.1931602997090036,
  "g_gaba_base": 4.4272840461901675,
  "sigma_s": 9.26765883148837,
  "tau_adapt_pyr": 626.9888580018312,
  "tau_adapt_som": 176.63611644631428,
  "tau_s": 20.0,
  "trans_duration_ms": 500.0,
  "trans_enabled": false,
  "trans_factor": 0.08995331579511585,
  "trans_start_ms": 1000.0,
  "w_ee": 33.51862535702781,
  "w_ep": 282.82456846032295,
  "w_es": 4.001151569062286,
  "w_ev": 4.736802228700477,
  "w_pe": 0.16467343034894438,
  "w_pp": 85.98119293480214,
  "w_se": 0.4495750518147273,
  "w_sp": 0.36246963526151826,
  "w_vp": 0.6538406833939436,
  "w_vs": 4.692567729929148
}