{
  "w_pyr_pyr_inter": 7.970323504421,
  "w_pv_global": 4.255683575735081,
  "n_nodes": 64,
  "sigma_pyr_deg": 15.0
}