{
  "w_pyr_pyr_inter": 10.124561380994354,
  "w_pv_global": 10.377084347285324,
  "n_nodes": 64,
  "sigma_pyr_deg": 15.0
}