{
  "w_pyr_pyr_inter": 6.5905867097732855,
  "w_pv_global": 9.535255769674027,
  "n_nodes": 64,
  "sigma_pyr_deg": 15.0
}