{
  "_fit_metadata": {
    "loss": 0.111557,
    "comparison": {
      "base": {
        "PYR": {
          "actual": 6.3473,
          "target": 12.466,
          "error_pct": -49.08
        },
        "SOM": {
          "actual": 5.0893,
          "target": 4.814,
          "error_pct": 5.72
        },
        "PV": {
          "actual": 4.3497,
          "target": 4.241,
          "error_pct": 2.56
        },
        "VIP": {
          "actual": 5.2916,
          "target": 5.551,
          "error_pct": -4.67
        }
      },
      "alpha7_ko": {
        "PYR": {
          "actual": 18.7421,
          "target": 13.599,
          "error_pct": 37.82
        }
      },
      "alpha5_ko": {
        "PYR": {
          "actual": 3.1206,
          "target": 3.113,
          "error_pct": 0.24
        }
      },
      "beta2_ko": {
        "PYR": {
          "actual": 18.6738,
          "target": 19.109,
          "error_pct": -2.28
        }
      }
    },
    "jacobian": {
      "_note": "J[row,col] = dr_row/dr_col: effect of col population on row population",
      "PYR": {
        "PYR": 0.300646,
        "SOM": -0.447087,
        "PV": -0.40189,
        "VIP": 0.0
      },
      "SOM": {
        "PYR": 86.886332,
        "SOM": 0.0,
        "PV": 0.0,
        "VIP": -15.195618
      },
      "PV": {
        "PYR": 20.452917,
        "SOM": -0.072403,
        "PV": -30.901773,
        "VIP": -0.090987
      },
      "VIP": {
        "PYR": 0.184351,
        "SOM": 0.0,
        "PV": 0.0,
        "VIP": 0.0
      }
    },
    "ring_params": {
      "w_pyr_pyr_inter": 5.893566,
      "w_pv_global": 10.244833,
      "sigma_pyr_deg": 15.0,
      "n_nodes": 64
    }
  },
  "A_pv": 6.737977331320764,
  "A_pyr": 9.891708260141787,
  "A_som": 15.265277709280676,
  "A_vip": 14.790844449227878,
  "I0_pv": 4.893474417646684,
  "I0_pyr": 8.06743830249313,
  "I0_som": 3.5068992803203347,
  "I0_vip": 8.059859726903236,
  "I_alpha5_vip": 2.6489729677193963,
  "I_alpha7_pv": 8.741974276882244,
  "I_alpha7_som": 8.520141663274732,
  "I_beta2_som": 7.685838249945091,
  "J_adapt_pyr": 1.2355367611118229,
  "J_adapt_som": 14.386399605547613,
  "Theta_pv": 8.861744182717022,
  "Theta_pyr": 10.358391574119668,
  "Theta_som": 5.441522178261544,
  "Theta_vip": 12.691398519149383,
  "act_alpha5": 1.0,
  "act_alpha7": 1.0,
  "act_beta2": 1.0,
  "alpha_pv": 1.7276807859563035,
  "alpha_pyr": 1.0491132767558045,
  "alpha_som": 8.218444268596928,
  "alpha_vip": 4.415428299817474,
  "g": 0.12839170783055484,
  "g_alpha7": 0.23273693300151602,
  "g_gaba_base": 0.4183199053616282,
  "sigma_s": 6.969552170913038,
  "tau_adapt_pyr": 600.0,
  "tau_adapt_som": 150.0,
  "tau_s": 20.0,
  "trans_duration_ms": 500.0,
  "trans_enabled": false,
  "trans_factor": 0.045754745417873076,
  "trans_start_ms": 1000.0,
  "w_ee": 13.063923221389704,
  "w_ep": 36.32907005560393,
  "w_es": 10.572114245298357,
  "w_ev": 0.10970370924549665,
  "w_pe": 3.8537544208331256,
  "w_pp": 84.30697574306666,
  "w_se": 2.5046847795849216,
  "w_sp": 0.1975329826913948,
  "w_vp": 0.16161317542418904,
  "w_vs": 1.8489652992456787
}