{
  "w_pyr_pyr_inter": 13.91123471067769,
  "w_pv_global": 5.794581121784803,
  "n_nodes": 64,
  "sigma_pyr_deg": 15.0
}