{
  "w_pyr_pyr_inter": 6.200536912047381,
  "w_pv_global": 2.3410941678183423,
  "n_nodes": 64,
  "sigma_pyr_deg": 15.0
}