{
  "w_pyr_pyr_inter": 2.4230703452099545,
  "w_pv_global": 1.1480799520462626,
  "n_nodes": 64,
  "sigma_pyr_deg": 15.0
}