{
  "w_pyr_pyr_inter": 11.447039404743222,
  "w_pv_global": 6.780778687133653,
  "n_nodes": 64,
  "sigma_pyr_deg": 15.0
}