{
  "_fit_metadata": {
    "loss": 9.7e-05,
    "comparison": {
      "base": {
        "PYR": {
          "actual": 12.3159,
          "target": 12.466,
          "error_pct": -1.2
        },
        "SOM": {
          "actual": 4.821,
          "target": 4.814,
          "error_pct": 0.15
        },
        "PV": {
          "actual": 4.2455,
          "target": 4.241,
          "error_pct": 0.11
        },
        "VIP": {
          "actual": 5.6338,
          "target": 5.551,
          "error_pct": 1.49
        }
      },
      "alpha7_ko": {
        "PYR": {
          "actual": 13.6224,
          "target": 13.599,
          "error_pct": 0.17
        }
      },
      "alpha5_ko": {
        "PYR": {
          "actual": 3.1096,
          "target": 3.113,
          "error_pct": -0.11
        }
      },
      "beta2_ko": {
        "PYR": {
          "actual": 19.1002,
          "target": 19.109,
          "error_pct": -0.05
        }
      }
    },
    "jacobian": {
      "_note": "J[row,col] = dr_row/dr_col: effect of col population on row population",
      "PYR": {
        "PYR": 0.050001,
        "SOM": -0.21291,
        "PV": -0.142638,
        "VIP": 0.0
      },
      "SOM": {
        "PYR": 0.251012,
        "SOM": 0.0,
        "PV": 0.0,
        "VIP": -0.471588
      },
      "PV": {
        "PYR": 0.815837,
        "SOM": -0.005979,
        "PV": -2.453335,
        "VIP": -0.001891
      },
      "VIP": {
        "PYR": 0.005993,
        "SOM": 0.0,
        "PV": 0.0,
        "VIP": 0.0
      }
    }
  },
  "A_pv": 37.931527402076846,
  "A_pyr": 5.706373804645477,
  "A_som": 33.24569654847776,
  "A_vip": 44.37471741142795,
  "I0_pv": 8.819618314000852,
  "I0_pyr": 5.977599330568263,
  "I0_som": 5.678821121116282,
  "I0_vip": 0.1371687054949818,
  "I_alpha5_vip": 6.230953274311383,
  "I_alpha7_pv": 0.0,
  "I_alpha7_som": 0.23388922747732782,
  "I_beta2_som": 4.592385275659971,
  "J_adapt_pyr": 0.0,
  "J_adapt_som": 0.0,
  "Theta_pv": 7.340815691938851,
  "Theta_pyr": 1.6396053377436166,
  "Theta_som": 13.496699891930382,
  "Theta_vip": 17.39345817105279,
  "act_alpha5": 1.0,
  "act_alpha7": 1.0,
  "act_beta2": 1.0,
  "alpha_pv": 0.3344504293210607,
  "alpha_pyr": 0.23772669633419705,
  "alpha_som": 5.406228689784964,
  "alpha_vip": 0.9190589500973825,
  "g": 0.4913291306190471,
  "g_alpha7": 1.542841220547736,
  "g_gaba_base": 1.1778804352554095,
  "sigma_s": 6.365346739233639,
  "tau_adapt_pyr": 685.4065609785232,
  "tau_adapt_som": 281.1736082196965,
  "tau_s": 20.0,
  "trans_duration_ms": 500.0,
  "trans_enabled": false,
  "trans_factor": 0.4615139458742284,
  "trans_start_ms": 1000.0,
  "w_ee": 24.326013047973856,
  "w_ep": 56.51536795545175,
  "w_es": 0.844945475259577,
  "w_ev": 0.13428534986682164,
  "w_pe": 5.117531665047463,
  "w_pp": 62.46485881014446,
  "w_se": 0.633353094868908,
  "w_sp": 0.15222244707061056,
  "w_vp": 0.131024027813694,
  "w_vs": 1.5874401327536132
}