{
  "_fit_metadata": {
    "loss": 0.083648,
    "comparison": {
      "base": {
        "PYR": {
          "actual": 8.8213,
          "target": 12.466,
          "error_pct": -29.24
        },
        "SOM": {
          "actual": 5.1206,
          "target": 4.814,
          "error_pct": 6.37
        },
        "PV": {
          "actual": 4.6697,
          "target": 4.241,
          "error_pct": 10.11
        },
        "VIP": {
          "actual": 5.1656,
          "target": 5.551,
          "error_pct": -6.94
        }
      },
      "alpha7_ko": {
        "PYR": {
          "actual": 19.0152,
          "target": 13.599,
          "error_pct": 39.83
        }
      },
      "alpha5_ko": {
        "PYR": {
          "actual": 3.0696,
          "target": 3.113,
          "error_pct": -1.39
        }
      },
      "beta2_ko": {
        "PYR": {
          "actual": 18.5855,
          "target": 19.109,
          "error_pct": -2.74
        }
      }
    },
    "jacobian": {
      "_note": "J[row,col] = dr_row/dr_col: effect of col population on row population",
      "PYR": {
        "PYR": 1.962297,
        "SOM": -1.12607,
        "PV": -3.550816,
        "VIP": 0.0
      },
      "SOM": {
        "PYR": 0.880812,
        "SOM": 0.0,
        "PV": 0.0,
        "VIP": -0.169578
      },
      "PV": {
        "PYR": 18.720519,
        "SOM": -0.026655,
        "PV": -34.206583,
        "VIP": -0.118471
      },
      "VIP": {
        "PYR": 0.053496,
        "SOM": 0.0,
        "PV": 0.0,
        "VIP": 0.0
      }
    },
    "ring_params": {
      "w_pyr_pyr_inter": 2.42307,
      "w_pv_global": 1.14808,
      "sigma_pyr_deg": 15.0,
      "n_nodes": 64
    }
  },
  "A_pv": 4.922237659607153,
  "A_pyr": 18.185838479481674,
  "A_som": 34.65025201320432,
  "A_vip": 17.13321935232377,
  "I0_pv": 0.7678395012922201,
  "I0_pyr": 9.970085176632013,
  "I0_som": 1.8863364167523797,
  "I0_vip": 1.2151971235722225,
  "I_alpha5_vip": 9.603798687012892,
  "I_alpha7_pv": 0.17841753697413365,
  "I_alpha7_som": 8.946314307175168,
  "I_beta2_som": 6.629821701724965,
  "J_adapt_pyr": 1.1861673092460836,
  "J_adapt_som": 4.69842382343713,
  "Theta_pv": 0.7233427116457634,
  "Theta_pyr": 2.0741453698479293,
  "Theta_som": 9.954852955603306,
  "Theta_vip": 0.041476148844212066,
  "act_alpha5": 1.0,
  "act_alpha7": 1.0,
  "act_beta2": 1.0,
  "alpha_pv": 0.059094129470374936,
  "alpha_pyr": 0.831777232251346,
  "alpha_som": 0.10714126686393081,
  "alpha_vip": 0.43551016828510686,
  "g": 6.230028225728543,
  "g_alpha7": 1.034602541385936,
  "g_gaba_base": 3.084853177784578,
  "sigma_s": 5.04219492622988,
  "tau_adapt_pyr": 448.82624295438455,
  "tau_adapt_som": 53.4404587041307,
  "tau_s": 20.0,
  "trans_duration_ms": 500.0,
  "trans_enabled": false,
  "trans_factor": 0.03761737136219616,
  "trans_start_ms": 1000.0,
  "w_ee": 56.03631097469539,
  "w_ep": 316.7915212740496,
  "w_es": 8.221037746366221,
  "w_ev": 0.12283633735402122,
  "w_pe": 1.1827744581827901,
  "w_pp": 140.5159142200007,
  "w_se": 0.32863842631973805,
  "w_sp": 0.10949419780161058,
  "w_vp": 2.004792654362461,
  "w_vs": 1.5827514523406272
}