{
  "I0_pv": 0.36163784449775066,
  "I0_pyr": 0.41833131732150924,
  "I0_som": 0.5716802542920594,
  "I0_vip": 0.3562983018448576,
  "I_alpha5_vip": 0.05284047727892077,
  "I_alpha7_pv": 0.2959079974207407,
  "I_alpha7_som": 0.22767963416200984,
  "I_beta2_som": 0.048164363632969345,
  "J_NMDA": 0.291472174997197,
  "J_adapt_pyr": 0.0013551345477765223,
  "J_adapt_som": 0.0,
  "Theta_pv": 0.2878,
  "Theta_pyr": 0.40323,
  "Theta_som": 0.2878,
  "Theta_vip": 0.2878,
  "act_alpha5": 1.0,
  "act_alpha7": 1.0,
  "act_beta2": 1.0,
  "alpha_pv": 615.0,
  "alpha_pyr": 310.0,
  "alpha_som": 615.0,
  "alpha_vip": 615.0,
  "g_alpha7": 0.9991712430285936,
  "g_exc": 0.16,
  "g_gaba_base": 0.7283578437125003,
  "g_inh": 0.087,
  "sigma_noise": 0.3,
  "sigma_s": 0.0,
  "tau_adapt_pyr": 600.0,
  "tau_adapt_som": 84.82307280393162,
  "tau_s": 20.0,
  "trans2_duration_ms": 500.0,
  "trans2_enabled": false,
  "trans2_factor": -0.3,
  "trans2_start_ms": 3000.0,
  "trans_duration_ms": 500.0,
  "trans_enabled": false,
  "trans_factor": 0.2,
  "trans_start_ms": 1000.0,
  "w_ep": 0.0012855089129204227,
  "w_es": 0.0035187322761267856,
  "w_ev": 0.002968058806748994,
  "w_pe": 0.029383032565545596,
  "w_pp": 0.0016417981938110222,
  "w_se": 0.0027319720198944993,
  "w_sp": 0.007293745781318179,
  "w_vp": 0.0012646665570732053,
  "w_vs": 0.0022401943087532747
}