{
  "I0_pv": 0.3655998616773326,
  "I0_pyr": 0.35154410173911405,
  "I0_som": 0.13781989008491002,
  "I0_vip": 0.11295128403317883,
  "I_alpha5_vip": 0.10539819491804875,
  "I_alpha7_pv": 0.015067208302200296,
  "I_alpha7_som": 0.02744812363285973,
  "I_beta2_som": 0.015739029765926296,
  "J_NMDA": 0.08262413542128544,
  "J_adapt_pyr": 0.0042336331853606015,
  "J_adapt_som": 0.008031503048894014,
  "Theta_pv": 0.2878,
  "Theta_pyr": 0.40323,
  "Theta_som": 0.2878,
  "Theta_vip": 0.2878,
  "act_alpha5": 1.0,
  "act_alpha7": 1.0,
  "act_beta2": 1.0,
  "alpha_pv": 615.0,
  "alpha_pyr": 310.0,
  "alpha_som": 615.0,
  "alpha_vip": 615.0,
  "g_alpha7": 4.121849334662624,
  "g_exc": 0.16,
  "g_gaba_base": 3.8282953981160848,
  "g_inh": 0.087,
  "sigma_noise": 0.3,
  "sigma_s": 0.0,
  "tau_adapt_pyr": 1000.0,
  "tau_adapt_som": 200.0,
  "tau_s": 20.0,
  "trans_duration_ms": 500.0,
  "trans_enabled": false,
  "trans_factor": 0.8698497961650791,
  "trans_start_ms": 1000.0,
  "w_ep": 0.00113213472443701,
  "w_es": 0.03157475266567571,
  "w_ev": 0.0029088983158087906,
  "w_pe": 0.052901372329012895,
  "w_pp": 0.01219315835326473,
  "w_se": 0.004397376461497889,
  "w_sp": 0.006546673006097624,
  "w_vp": 0.0012622621319105397,
  "w_vs": 0.0068075283788903125
}