{
  "I0_pv": 0.3090384814659122,
  "I0_pyr": 0.6198111831805548,
  "I0_som": 0.21200348626022372,
  "I0_vip": 0.2046095704974368,
  "I_alpha5_vip": 0.018565404282386518,
  "I_alpha7_pv": 0.027484843306922347,
  "I_alpha7_som": 0.10431591908076966,
  "I_beta2_som": 0.03228364874194907,
  "J_NMDA": 0.07293355927627189,
  "J_adapt_pyr": 0.0012187653873901758,
  "J_adapt_som": 0.10133246407839415,
  "Theta_pv": 0.2878,
  "Theta_pyr": 0.40323,
  "Theta_som": 0.2878,
  "Theta_vip": 0.2878,
  "act_alpha5": 1.0,
  "act_alpha7": 1.0,
  "act_beta2": 1.0,
  "alpha_pv": 615.0,
  "alpha_pyr": 310.0,
  "alpha_som": 615.0,
  "alpha_vip": 615.0,
  "g_alpha7": 3.320495601311976,
  "g_exc": 0.16,
  "g_gaba_base": 2.3160048957982142,
  "g_inh": 0.087,
  "sigma_noise": 0.3,
  "sigma_s": 0.0,
  "tau_adapt_pyr": 600.0,
  "tau_adapt_som": 150.0,
  "tau_s": 20.0,
  "trans_duration_ms": 500.0,
  "trans_enabled": false,
  "trans_factor": 0.7940106091989156,
  "trans_start_ms": 1000.0,
  "w_ep": 0.05872629733908418,
  "w_es": 0.0016426504858609251,
  "w_ev": 0.0030334524689470334,
  "w_pe": 0.005888063531506602,
  "w_pp": 0.012517901134574242,
  "w_se": 0.056505154510983785,
  "w_sp": 0.009218777910214457,
  "w_vp": 0.010550588409398534,
  "w_vs": 0.008586029309364229
}