condition,amplitude,distractor_factor,offset_deg,trial_idx,seed,cue_freq_median_hz,cue_power_median,dist_freq_median_hz,dist_power_median,plv_median_delay2
WT,4.0,1.0,90.0,0,1168784116,2.8628826230521724,0.029414158913015517,2.0624999999999982,0.2353640250527427,nan
WT,4.0,1.0,90.0,1,921289450,9.317178422198992,0.009478982486797148,2.0624999999999982,0.2652239983429182,nan
WT,4.0,1.0,,0,1168784116,2.8685454162460777,0.030067625524808822,2.8685454162460777,0.030067625524808822,nan
WT,4.0,1.0,,1,921289450,9.360187445739518,0.00994316129353522,9.360187445739518,0.00994316129353522,nan
