{
  "I0_pv": 0.06648747278491894,
  "I0_pyr": 0.6994065811065922,
  "I0_som": 0.1735615867231544,
  "I0_vip": 0.17897180339506175,
  "I_alpha5_vip": 0.044301678966277375,
  "I_alpha7_pv": 0.033350059222241976,
  "I_alpha7_som": 0.012943520271156686,
  "I_beta2_som": 0.022579536689532557,
  "J_NMDA": 0.23533199054389814,
  "J_adapt_pyr": 0.004211552412421932,
  "J_adapt_som": 0.0,
  "Theta_pv": 0.2878,
  "Theta_pyr": 0.40323,
  "Theta_som": 0.2878,
  "Theta_vip": 0.2878,
  "act_alpha5": 1.0,
  "act_alpha7": 1.0,
  "act_beta2": 1.0,
  "alpha_pv": 615.0,
  "alpha_pyr": 310.0,
  "alpha_som": 615.0,
  "alpha_vip": 615.0,
  "g_alpha7": 0.14428996252684714,
  "g_exc": 0.16,
  "g_gaba_base": 1.136434366318583,
  "g_inh": 0.087,
  "sigma_noise": 0.3,
  "sigma_s": 0.0,
  "tau_adapt_pyr": 600.0,
  "tau_adapt_som": 285.5082733985157,
  "tau_s": 20.0,
  "trans2_duration_ms": 500.0,
  "trans2_enabled": false,
  "trans2_factor": -0.3,
  "trans2_start_ms": 3000.0,
  "trans_duration_ms": 500.0,
  "trans_enabled": false,
  "trans_factor": 0.2,
  "trans_start_ms": 1000.0,
  "w_ep": 0.003844083214233,
  "w_es": 0.003933395072851957,
  "w_ev": 0.004014835623707104,
  "w_pe": 0.022624357944589182,
  "w_pp": 0.0021430451191241694,
  "w_se": 0.002433346747822137,
  "w_sp": 0.0022253531066087893,
  "w_vp": 0.003945393322763137,
  "w_vs": 0.006863662233057328
}