{
  "_fit_metadata": {
    "loss": 0.016565,
    "comparison": {
      "base": {
        "PYR": {
          "actual": 6.9945,
          "target": 8.214,
          "error_pct": -14.85
        },
        "SOM": {
          "actual": 3.5625,
          "target": 4.295,
          "error_pct": -17.05
        },
        "PV": {
          "actual": 3.8669,
          "target": 4.073,
          "error_pct": -5.06
        },
        "VIP": {
          "actual": 6.4727,
          "target": 6.051,
          "error_pct": 6.97
        }
      }
    },
    "jacobian": {
      "_note": "J[row,col] = dr_row/dr_col: effect of col population on row population",
      "PYR": {
        "PYR": 0.752176,
        "SOM": -60.824629,
        "PV": -1.004248,
        "VIP": 0.0
      },
      "SOM": {
        "PYR": 5.305951,
        "SOM": 0.0,
        "PV": 0.0,
        "VIP": -7.880371
      },
      "PV": {
        "PYR": 5.975258,
        "SOM": -1.694611,
        "PV": -4.352717,
        "VIP": -5.275742
      },
      "VIP": {
        "PYR": 0.127637,
        "SOM": 0.0,
        "PV": 0.0,
        "VIP": 0.0
      }
    },
    "ring_params": {
      "w_pyr_pyr_inter": 0.019118,
      "w_pv_global": 0.061549,
      "sigma_pyr_deg": 15.0,
      "n_nodes": 64
    }
  },
  "I0_pv": 0.16915889546628649,
  "I0_pyr": 1.3962115868397165,
  "I0_som": 0.16314254525752184,
  "I0_vip": 0.24158080726825398,
  "I_alpha5_vip": 0.02207852318083742,
  "I_alpha7_pv": 0.3999228046674078,
  "I_alpha7_som": 0.007560787181530496,
  "I_beta2_som": 0.2535799544497275,
  "J_adapt_pyr": 0.0,
  "J_adapt_som": 0.0,
  "Theta_pv": 0.2878,
  "Theta_pyr": 0.40323,
  "Theta_som": 0.2878,
  "Theta_vip": 0.2878,
  "act_alpha5": 1.0,
  "act_alpha7": 1.0,
  "act_beta2": 1.0,
  "alpha_pv": 615.0,
  "alpha_pyr": 310.0,
  "alpha_som": 615.0,
  "alpha_vip": 615.0,
  "g_alpha7": 1.1155675397119813,
  "g_exc": 0.16,
  "g_gaba_base": 0.8219590496620025,
  "g_inh": 0.087,
  "sigma_noise": 0.1,
  "sigma_s": 0.0,
  "tau_adapt_pyr": 600.0,
  "tau_adapt_som": 200.0,
  "tau_s": 20.0,
  "trans_duration_ms": 500.0,
  "trans_enabled": false,
  "trans_factor": 0.2,
  "trans_start_ms": 1000.0,
  "w_ee": 0.009265223136110173,
  "w_ep": 0.13758320465797147,
  "w_es": 0.07303700705586658,
  "w_ev": 0.0006284802157167066,
  "w_pe": 0.37619524223186623,
  "w_pp": 0.05172750607629263,
  "w_se": 0.10126779612926079,
  "w_sp": 0.020138688103116312,
  "w_vp": 0.12147652559385722,
  "w_vs": 0.1084741815966988
}