{
  "w_pyr_pyr_inter": 0.008833165586598,
  "w_pv_global": 0.002259776569160862,
  "n_nodes": 128,
  "sigma_pyr_deg": 15.0
}