{
  "w_pyr_pyr_inter": 0.019118194926176158,
  "w_pv_global": 0.06154870848985061,
  "n_nodes": 64,
  "sigma_pyr_deg": 15.0
}