{
  "w_pyr_pyr_inter": 0.0013313323586844014,
  "w_pv_global": 0.00977492389999864,
  "n_nodes": 64,
  "sigma_pyr_deg": 15.0
}