{
  "I0_pv": 0.3026374322875766,
  "I0_pyr": 0.6134662210159177,
  "I0_som": 0.23166036197582981,
  "I0_vip": 0.1074888833717938,
  "I_alpha5_vip": 0.11526808094332631,
  "I_alpha7_pv": 0.001960818210289448,
  "I_alpha7_som": 0.06741562809621106,
  "I_beta2_som": 0.009669164439034164,
  "J_NMDA": 0.10234706721995378,
  "J_adapt_pyr": 0.0011926730742024781,
  "J_adapt_som": 0.018869828322644153,
  "Theta_pv": 0.2878,
  "Theta_pyr": 0.40323,
  "Theta_som": 0.2878,
  "Theta_vip": 0.2878,
  "act_alpha5": 1.0,
  "act_alpha7": 1.0,
  "act_beta2": 1.0,
  "alpha_pv": 615.0,
  "alpha_pyr": 310.0,
  "alpha_som": 615.0,
  "alpha_vip": 615.0,
  "g_alpha7": 1.2044706413942463,
  "g_exc": 0.16,
  "g_gaba_base": 2.7314942038838432,
  "g_inh": 0.087,
  "sigma_noise": 0.3,
  "sigma_s": 0.0,
  "tau_adapt_pyr": 1000.0,
  "tau_adapt_som": 200.0,
  "tau_s": 20.0,
  "trans_duration_ms": 500.0,
  "trans_enabled": false,
  "trans_factor": 0.7785992822684691,
  "trans_start_ms": 1000.0,
  "w_ep": 0.029658003935781066,
  "w_es": 0.002200060709967008,
  "w_ev": 0.001472430788203968,
  "w_pe": 0.0010299524770811962,
  "w_pp": 0.038992965309844106,
  "w_se": 0.04713402559056243,
  "w_sp": 0.016867099656702373,
  "w_vp": 0.0015670278677884742,
  "w_vs": 0.031081675443337387
}