{
  "w_pyr_pyr_inter": 2.203936187381738,
  "w_pv_global": 1.1285040611769759,
  "n_nodes": 64,
  "sigma_pyr_deg": 15.0
}