{
  "_fit_metadata": {
    "loss": 0.51109,
    "comparison": {
      "base": {
        "PYR": {
          "actual": 2.548,
          "target": 8.214,
          "error_pct": -68.98
        },
        "SOM": {
          "actual": 5.0848,
          "target": 4.295,
          "error_pct": 18.39
        },
        "PV": {
          "actual": 0.8537,
          "target": 4.073,
          "error_pct": -79.04
        },
        "VIP": {
          "actual": 7.0497,
          "target": 6.051,
          "error_pct": 16.5
        }
      },
      "alpha7_ko": {
        "PYR": {
          "actual": 16.2516,
          "target": 17.539,
          "error_pct": -7.34
        }
      },
      "alpha5_ko": {
        "PYR": {
          "actual": 15.9716,
          "target": 9.285,
          "error_pct": 72.02
        }
      },
      "beta2_ko": {
        "PYR": {
          "actual": 16.17,
          "target": 17.965,
          "error_pct": -9.99
        }
      }
    },
    "jacobian": {
      "_note": "J[row,col] = dr_row/dr_col: effect of col population on row population",
      "PYR": {
        "PYR": 0.536999,
        "SOM": -0.52581,
        "PV": -1.556505,
        "VIP": 0.0
      },
      "SOM": {
        "PYR": 5.796344,
        "SOM": 0.0,
        "PV": 0.0,
        "VIP": -2.927422
      },
      "PV": {
        "PYR": 71.755943,
        "SOM": -0.421916,
        "PV": -223.459359,
        "VIP": -0.433675
      },
      "VIP": {
        "PYR": 0.170142,
        "SOM": 0.0,
        "PV": 0.0,
        "VIP": 0.0
      }
    },
    "ring_params": {
      "w_pyr_pyr_inter": 2.203936,
      "w_pv_global": 1.128504,
      "sigma_pyr_deg": 15.0,
      "n_nodes": 64
    }
  },
  "A_pv": 2.9522660233064033,
  "A_pyr": 41.970559605990985,
  "A_som": 0.7672395130525624,
  "A_vip": 17.74304993763743,
  "I0_pv": 11.300550507490586,
  "I0_pyr": 9.303073323680543,
  "I0_som": 2.674652046005739,
  "I0_vip": 7.875748733146432,
  "I_alpha5_vip": 4.629937483289641,
  "I_alpha7_pv": 9.769886868074213,
  "I_alpha7_som": 8.722803128963836,
  "I_beta2_som": 7.503406016093663,
  "J_adapt_pyr": 0.3341476209144766,
  "Theta_pv": 7.0,
  "Theta_pyr": 7.0,
  "Theta_som": 7.0,
  "Theta_vip": 7.0,
  "act_alpha5": 1.0,
  "act_alpha7": 1.0,
  "act_beta2": 1.0,
  "alpha_pv": 2.6,
  "alpha_pyr": 1.9,
  "alpha_som": 1.5,
  "alpha_vip": 1.2,
  "g": 1.0,
  "g_alpha7": 0.8754348139706862,
  "g_gaba_base": 3.6335563181841444,
  "sigma_s": 9.743279542060424,
  "tau_adapt_pyr": 600.0,
  "tau_s": 20.0,
  "trans_duration_ms": 500.0,
  "trans_enabled": false,
  "trans_factor": 0.16263912433989283,
  "trans_start_ms": 1000.0,
  "w_ee": 27.04150793088621,
  "w_ep": 78.82277225203369,
  "w_es": 12.550904466410897,
  "w_ev": 0.14253866688548403,
  "w_pe": 8.738008059281814,
  "w_pp": 54.43935853157066,
  "w_se": 0.16954751108327337,
  "w_sp": 0.10278750130663894,
  "w_vp": 0.4763856924177963,
  "w_vs": 6.338788173688735
}