{
  "w_pyr_pyr_inter": 1.4850225198879672,
  "w_pv_global": 1.2133253730399418,
  "n_nodes": 64,
  "sigma_pyr_deg": 15.0
}