{
  "w_pyr_pyr_inter": 2.035968721247372,
  "w_pv_global": 12.319916052685898,
  "n_nodes": 64,
  "sigma_pyr_deg": 15.0
}