{
  "_fit_metadata": {
    "loss": 0.229746,
    "comparison": {
      "base": {
        "PYR": {
          "actual": 1.9415,
          "target": 12.466,
          "error_pct": -84.43
        },
        "SOM": {
          "actual": 4.8594,
          "target": 4.814,
          "error_pct": 0.94
        },
        "PV": {
          "actual": 4.2924,
          "target": 4.241,
          "error_pct": 1.21
        },
        "VIP": {
          "actual": 6.3074,
          "target": 5.551,
          "error_pct": 13.63
        }
      },
      "alpha7_ko": {
        "PYR": {
          "actual": 18.1545,
          "target": 13.599,
          "error_pct": 33.5
        }
      },
      "alpha5_ko": {
        "PYR": {
          "actual": 3.1276,
          "target": 3.113,
          "error_pct": 0.47
        }
      },
      "beta2_ko": {
        "PYR": {
          "actual": 17.9101,
          "target": 19.109,
          "error_pct": -6.27
        }
      }
    },
    "jacobian": {
      "_note": "J[row,col] = dr_row/dr_col: effect of col population on row population",
      "PYR": {
        "PYR": 14.452387,
        "SOM": -0.853331,
        "PV": -4.783091,
        "VIP": 0.0
      },
      "SOM": {
        "PYR": 8.217897,
        "SOM": 0.0,
        "PV": 0.0,
        "VIP": -3.818442
      },
      "PV": {
        "PYR": 130.736736,
        "SOM": -0.253519,
        "PV": -37.891356,
        "VIP": -18.728938
      },
      "VIP": {
        "PYR": 0.184766,
        "SOM": 0.0,
        "PV": 0.0,
        "VIP": 0.0
      }
    },
    "ring_params": {
      "w_pyr_pyr_inter": 2.217409,
      "w_pv_global": 5.38579,
      "sigma_pyr_deg": 15.0,
      "n_nodes": 64
    }
  },
  "A_pv": 13.711183573597632,
  "A_pyr": 9.788415466382958,
  "A_som": 10.598442278048655,
  "A_vip": 4.73266890226956,
  "I0_pv": 10.761381481158805,
  "I0_pyr": 9.838831761372608,
  "I0_som": 7.120702165659657,
  "I0_vip": 7.781817695755466,
  "I_alpha5_vip": 4.16278235176681,
  "I_alpha7_pv": 9.257535630241728,
  "I_alpha7_som": 8.452805610260894,
  "I_beta2_som": 0.23267982045888908,
  "J_adapt_pyr": 1.1703588085467964,
  "Theta_pv": 7.0,
  "Theta_pyr": 7.0,
  "Theta_som": 7.0,
  "Theta_vip": 7.0,
  "act_alpha5": 1.0,
  "act_alpha7": 1.0,
  "act_beta2": 1.0,
  "alpha_pv": 2.6,
  "alpha_pyr": 1.9,
  "alpha_som": 1.5,
  "alpha_vip": 1.2,
  "g": 1.0,
  "g_alpha7": 0.5602086056115151,
  "g_gaba_base": 0.16272449319536975,
  "sigma_s": 8.648135735018808,
  "tau_adapt_pyr": 600.0,
  "tau_s": 20.0,
  "trans_duration_ms": 500.0,
  "trans_enabled": false,
  "trans_factor": 0.3814879284191982,
  "trans_start_ms": 1000.0,
  "w_ee": 28.349052561264628,
  "w_ep": 52.87448332534628,
  "w_es": 5.656697878933283,
  "w_ev": 0.15549634154056333,
  "w_pe": 0.8787739423454646,
  "w_pp": 21.197787604908644,
  "w_se": 0.6212491039793556,
  "w_sp": 0.1418278108268992,
  "w_vp": 7.574633752271127,
  "w_vs": 2.6283819363510608
}