{
  "w_pyr_pyr_inter": 2.2174085601804796,
  "w_pv_global": 5.385789707889082,
  "n_nodes": 64,
  "sigma_pyr_deg": 15.0
}