{
  "_fit_metadata": {
    "loss": 0.237924,
    "comparison": {
      "base": {
        "PYR": {
          "actual": 2.095,
          "target": 12.466,
          "error_pct": -83.19
        },
        "SOM": {
          "actual": 6.1096,
          "target": 4.814,
          "error_pct": 26.91
        },
        "PV": {
          "actual": 2.6244,
          "target": 4.241,
          "error_pct": -38.12
        },
        "VIP": {
          "actual": 4.4157,
          "target": 5.551,
          "error_pct": -20.45
        }
      },
      "alpha7_ko": {
        "PYR": {
          "actual": 6.8943,
          "target": null,
          "error_pct": null,
          "in_loss": false
        }
      },
      "alpha5_ko": {
        "PYR": {
          "actual": 0.009,
          "target": null,
          "error_pct": null,
          "in_loss": false
        }
      },
      "beta2_ko": {
        "PYR": {
          "actual": 6.5038,
          "target": null,
          "error_pct": null,
          "in_loss": false
        }
      }
    },
    "jacobian": {
      "_note": "J[row,col] = dr_row/dr_col: effect of col population on row population",
      "PYR": {
        "PYR": 7.193798,
        "SOM": -0.43428,
        "PV": -4.030673,
        "VIP": 0.0
      },
      "SOM": {
        "PYR": 0.491017,
        "SOM": 0.0,
        "PV": 0.0,
        "VIP": -0.794561
      },
      "PV": {
        "PYR": 53.811359,
        "SOM": -0.072078,
        "PV": -49.100026,
        "VIP": -0.395575
      },
      "VIP": {
        "PYR": 0.181522,
        "SOM": 0.0,
        "PV": 0.0,
        "VIP": 0.0
      }
    },
    "ring_params": {
      "w_pyr_pyr_inter": 2.035969,
      "w_pv_global": 12.319916,
      "sigma_pyr_deg": 15.0,
      "n_nodes": 64
    }
  },
  "A_pv": 2.1745802474509754,
  "A_pyr": 6.253055763256194,
  "A_som": 0.635079061612925,
  "A_vip": 9.60284592141194,
  "I0_pv": 14.203464208447812,
  "I0_pyr": 9.658337881513445,
  "I0_som": 9.391124482465475,
  "I0_vip": 6.243914758088347,
  "I_alpha5_vip": 4.041803612697021,
  "I_alpha7_pv": 4.477128005073066,
  "I_alpha7_som": 5.156274285363438,
  "I_beta2_som": 7.8867325001358,
  "J_adapt_pyr": 6.572856853845956,
  "Theta_pv": 7.0,
  "Theta_pyr": 7.0,
  "Theta_som": 7.0,
  "Theta_vip": 7.0,
  "act_alpha5": 1.0,
  "act_alpha7": 1.0,
  "act_beta2": 1.0,
  "alpha_pv": 2.6,
  "alpha_pyr": 1.9,
  "alpha_som": 1.5,
  "alpha_vip": 1.2,
  "g": 1.0,
  "g_alpha7": 0.33331996040310724,
  "g_gaba_base": 0.06591884480558882,
  "sigma_s": 7.083755644983704,
  "tau_adapt_pyr": 600.0,
  "tau_s": 20.0,
  "trans_duration_ms": 500.0,
  "trans_enabled": false,
  "trans_factor": 0.4277396387265119,
  "trans_start_ms": 1000.0,
  "w_ee": 22.061037219853702,
  "w_ep": 33.51623161861588,
  "w_es": 3.489700376745563,
  "w_ev": 0.1583698772569489,
  "w_pe": 2.2470962865117823,
  "w_pp": 76.60025246711496,
  "w_se": 0.9944592811560814,
  "w_sp": 0.11244853503924453,
  "w_vp": 0.24638269076992178,
  "w_vs": 5.647019069699942
}