{
  "A_pv": 0.0784368059913474,
  "A_pyr": 0.3823793969123086,
  "A_som": 0.05185102631919137,
  "A_vip": 0.09796555105620192,
  "I0_pv": 0.448228116068443,
  "I0_pyr": 0.5126533406916666,
  "I0_som": 0.35909705237085443,
  "I0_vip": 0.3131318231566262,
  "I_alpha5_vip": 0.051151331224085196,
  "I_alpha7_pv": 0.08681710246188772,
  "I_alpha7_som": 0.02925721588501834,
  "I_beta2_som": 0.006975167806160573,
  "J_adapt_pyr": 0.003220890821175322,
  "J_adapt_som": 0.003618180454453786,
  "Theta_pv": 0.2878,
  "Theta_pyr": 0.40323,
  "Theta_som": 0.2878,
  "Theta_vip": 0.2878,
  "act_alpha5": 1.0,
  "act_alpha7": 1.0,
  "act_beta2": 1.0,
  "alpha_pv": 615.0,
  "alpha_pyr": 310.0,
  "alpha_som": 615.0,
  "alpha_vip": 615.0,
  "g_alpha7": 0.35717587794566547,
  "g_exc": 0.16,
  "g_gaba_base": 1.654508607497548,
  "g_inh": 0.087,
  "sigma_noise": 0.3,
  "sigma_s": 0.0,
  "tau_adapt_pyr": 600.0,
  "tau_adapt_som": 106.7041509087496,
  "tau_s": 20.0,
  "trans_duration_ms": 500.0,
  "trans_enabled": false,
  "trans_factor": 0.7344400222521734,
  "trans_start_ms": 1000.0,
  "w_ee": 0.00638506053986967,
  "w_ep": 0.004497656293802062,
  "w_es": 0.004141707785198158,
  "w_ev": 0.0021987510902836058,
  "w_pe": 0.06700918979002864,
  "w_pp": 0.01729545837874009,
  "w_se": 0.007974888456022155,
  "w_sp": 0.0022260069163239898,
  "w_vp": 0.003466559416029817,
  "w_vs": 0.0012973248716720458
}