{
  "_fit_metadata": {
    "loss": 0.00403,
    "comparison": {
      "base": {
        "PYR": {
          "actual": 9.185,
          "target": 8.214,
          "error_pct": 11.82
        },
        "SOM": {
          "actual": 4.2974,
          "target": 4.295,
          "error_pct": 0.06
        },
        "PV": {
          "actual": 4.0672,
          "target": 4.073,
          "error_pct": -0.14
        },
        "VIP": {
          "actual": 6.0876,
          "target": 6.051,
          "error_pct": 0.61
        }
      },
      "alpha7_ko": {
        "PYR": {
          "actual": 17.5718,
          "target": 17.539,
          "error_pct": 0.19
        }
      },
      "alpha5_ko": {
        "PYR": {
          "actual": 8.9164,
          "target": 9.285,
          "error_pct": -3.97
        }
      },
      "beta2_ko": {
        "PYR": {
          "actual": 17.964,
          "target": 17.965,
          "error_pct": -0.01
        }
      }
    },
    "jacobian": {
      "_note": "J[row,col] = dr_row/dr_col: effect of col population on row population",
      "PYR": {
        "PYR": 0.63367,
        "SOM": -4.627365,
        "PV": -0.781193,
        "VIP": 0.0
      },
      "SOM": {
        "PYR": 0.801684,
        "SOM": 0.0,
        "PV": 0.0,
        "VIP": -1.116888
      },
      "PV": {
        "PYR": 0.147274,
        "SOM": -4.535736,
        "PV": -12.659749,
        "VIP": -0.693225
      },
      "VIP": {
        "PYR": 0.781712,
        "SOM": 0.0,
        "PV": 0.0,
        "VIP": 0.0
      }
    }
  },
  "A_pv": 0.14159274431884528,
  "A_pyr": 0.7475552219734669,
  "A_som": 0.06057033782269604,
  "A_vip": 0.08234532991409159,
  "I0_pv": 0.3947718023339268,
  "I0_pyr": 0.5256756615720389,
  "I0_som": 0.30837549164823364,
  "I0_vip": 0.3687225606044674,
  "I_alpha5_vip": 0.027310367669318176,
  "I_alpha7_pv": 0.08124553172854855,
  "I_alpha7_som": 0.00787136455094832,
  "I_beta2_som": 0.0857446035940297,
  "J_adapt_pyr": 0.003251649775155446,
  "J_adapt_som": 0.003580794660686383,
  "Theta_pv": 0.2878,
  "Theta_pyr": 0.40323,
  "Theta_som": 0.2878,
  "Theta_vip": 0.2878,
  "act_alpha5": 1.0,
  "act_alpha7": 1.0,
  "act_beta2": 1.0,
  "alpha_pv": 615.0,
  "alpha_pyr": 310.0,
  "alpha_som": 615.0,
  "alpha_vip": 615.0,
  "g_alpha7": 0.9998863746902642,
  "g_exc": 0.16,
  "g_gaba_base": 1.9598086344931458,
  "g_inh": 0.087,
  "sigma_noise": 0.3,
  "sigma_s": 0.0,
  "tau_adapt_pyr": 600.0,
  "tau_adapt_som": 198.88844675517487,
  "tau_s": 20.0,
  "trans_duration_ms": 500.0,
  "trans_enabled": false,
  "trans_factor": 0.19883449971159678,
  "trans_start_ms": 1000.0,
  "w_ee": 0.006093870695154187,
  "w_ep": 0.00029222348347097385,
  "w_es": 0.0013179893045568208,
  "w_ev": 0.0012824251745317437,
  "w_pe": 0.09986471133384849,
  "w_pp": 0.008487231717624045,
  "w_se": 0.006827691708663766,
  "w_sp": 0.003040805908316077,
  "w_vp": 0.0013755048662456501,
  "w_vs": 0.0018361924181117012
}