{
  "_fit_metadata": {
    "loss": 9.5e-05,
    "comparison": {
      "base": {
        "PYR": {
          "actual": 8.2177,
          "target": 8.214,
          "error_pct": 0.04
        },
        "SOM": {
          "actual": 4.3288,
          "target": 4.295,
          "error_pct": 0.79
        },
        "PV": {
          "actual": 4.1051,
          "target": 4.073,
          "error_pct": 0.79
        },
        "VIP": {
          "actual": 6.0641,
          "target": 6.051,
          "error_pct": 0.22
        }
      },
      "alpha7_ko": {
        "PYR": {
          "actual": 9.4841,
          "target": null,
          "error_pct": null,
          "in_loss": false
        }
      },
      "alpha5_ko": {
        "PYR": {
          "actual": 8.168,
          "target": null,
          "error_pct": null,
          "in_loss": false
        }
      },
      "beta2_ko": {
        "PYR": {
          "actual": 10.7014,
          "target": null,
          "error_pct": null,
          "in_loss": false
        }
      }
    },
    "jacobian": {
      "_note": "J[row,col] = dr_row/dr_col: effect of col population on row population",
      "PYR": {
        "PYR": 0.899197,
        "SOM": -3.322216,
        "PV": -0.645635,
        "VIP": 0.0
      },
      "SOM": {
        "PYR": 0.782071,
        "SOM": 0.0,
        "PV": 0.0,
        "VIP": -0.861075
      },
      "PV": {
        "PYR": 3.985088,
        "SOM": -1.620253,
        "PV": -5.252499,
        "VIP": -0.91242
      },
      "VIP": {
        "PYR": 1.01606,
        "SOM": 0.0,
        "PV": 0.0,
        "VIP": 0.0
      }
    }
  },
  "A_pv": 0.04321533827955075,
  "A_pyr": 0.3749429741908179,
  "A_som": 0.06583581279969204,
  "A_vip": 0.1069130254148978,
  "I0_pv": 0.33187764951077725,
  "I0_pyr": 0.5279249166031706,
  "I0_som": 0.3221085869952396,
  "I0_vip": 0.3535949326086508,
  "I_alpha5_vip": 0.011752596007052741,
  "I_alpha7_pv": 0.11255429146660323,
  "I_alpha7_som": 0.009801019607116658,
  "I_beta2_som": 0.06045320790068718,
  "J_adapt_pyr": 0.003869943569562461,
  "J_adapt_som": 0.004720611523220251,
  "Theta_pv": 0.2878,
  "Theta_pyr": 0.40323,
  "Theta_som": 0.2878,
  "Theta_vip": 0.2878,
  "act_alpha5": 1.0,
  "act_alpha7": 1.0,
  "act_beta2": 1.0,
  "alpha_pv": 615.0,
  "alpha_pyr": 310.0,
  "alpha_som": 615.0,
  "alpha_vip": 615.0,
  "g_alpha7": 0.053194997122914506,
  "g_exc": 0.16,
  "g_gaba_base": 1.788113574924977,
  "g_inh": 0.087,
  "sigma_noise": 0.3,
  "sigma_s": 0.0,
  "tau_adapt_pyr": 600.0,
  "tau_adapt_som": 171.13590178507755,
  "tau_s": 20.0,
  "trans_duration_ms": 500.0,
  "trans_enabled": false,
  "trans_factor": 0.33061337598959506,
  "trans_start_ms": 1000.0,
  "w_ee": 0.0049595761250857545,
  "w_ep": 0.0064919943659032826,
  "w_es": 0.0012921119319737637,
  "w_ev": 0.0017025006957033582,
  "w_pe": 0.07399204050365969,
  "w_pp": 0.004647074458719798,
  "w_se": 0.006382108692056688,
  "w_sp": 0.0014334957914754354,
  "w_vp": 0.0014863974507177136,
  "w_vs": 0.0014226404628200427
}