{
  "_fit_metadata": {
    "loss": 5e-06,
    "comparison": {
      "base": {
        "PYR": {
          "actual": 8.2097,
          "target": 8.214,
          "error_pct": -0.05
        },
        "SOM": {
          "actual": 4.3107,
          "target": 4.295,
          "error_pct": 0.37
        },
        "PV": {
          "actual": 4.0623,
          "target": 4.073,
          "error_pct": -0.26
        },
        "VIP": {
          "actual": 6.0493,
          "target": 6.051,
          "error_pct": -0.03
        }
      },
      "alpha7_ko": {
        "PYR": {
          "actual": 9.6631,
          "target": null,
          "error_pct": null,
          "in_loss": false
        }
      },
      "alpha5_ko": {
        "PYR": {
          "actual": 8.1905,
          "target": null,
          "error_pct": null,
          "in_loss": false
        }
      },
      "beta2_ko": {
        "PYR": {
          "actual": 8.2148,
          "target": null,
          "error_pct": null,
          "in_loss": false
        }
      }
    },
    "jacobian": {
      "_note": "J[row,col] = dr_row/dr_col: effect of col population on row population",
      "PYR": {
        "PYR": 0.450215,
        "SOM": -0.599068,
        "PV": -0.816253,
        "VIP": 0.0
      },
      "SOM": {
        "PYR": 0.628702,
        "SOM": 0.0,
        "PV": 0.0,
        "VIP": -0.051502
      },
      "PV": {
        "PYR": 14.079579,
        "SOM": -0.099795,
        "PV": -28.490559,
        "VIP": -0.012232
      },
      "VIP": {
        "PYR": 0.004335,
        "SOM": 0.0,
        "PV": 0.0,
        "VIP": 0.0
      }
    }
  },
  "A_pv": 9.781308856823367,
  "A_pyr": 3.7448749508259898,
  "A_som": 0.8280897080795613,
  "A_vip": 25.820393141750206,
  "I0_pv": 8.781986180102217,
  "I0_pyr": 8.434403496219847,
  "I0_som": 6.990506384902537,
  "I0_vip": 8.13203709071883,
  "I_alpha5_vip": 0.7007449200070084,
  "I_alpha7_pv": 9.352382026548401,
  "I_alpha7_som": 4.277273212912357,
  "I_beta2_som": 0.12897044279272557,
  "J_adapt_pyr": 0.7656668479237776,
  "J_adapt_som": 3.142701695223447,
  "Theta_pv": 7.427372030235023,
  "Theta_pyr": 0.41804035537171463,
  "Theta_som": 6.903340147929669,
  "Theta_vip": 7.016616233454689,
  "act_alpha5": 1.0,
  "act_alpha7": 1.0,
  "act_beta2": 1.0,
  "alpha_pv": 0.10587304262013209,
  "alpha_pyr": 0.6192530580151779,
  "alpha_som": 0.0790947201076381,
  "alpha_vip": 0.06182406792871867,
  "g": 7.332589393839301,
  "g_alpha7": 3.755549936804223,
  "g_gaba_base": 4.680571219889269,
  "sigma_s": 4.935053783884572,
  "tau_adapt_pyr": 600.0,
  "tau_adapt_som": 150.0,
  "tau_s": 20.0,
  "trans_duration_ms": 500.0,
  "trans_enabled": false,
  "trans_factor": 0.9770412382903411,
  "trans_start_ms": 1000.0,
  "w_ee": 7.065837955337733,
  "w_ep": 151.55681312301576,
  "w_es": 7.948719078558462,
  "w_ev": 0.10147619188519268,
  "w_pe": 0.2544152822234017,
  "w_pp": 36.3533087606291,
  "w_se": 0.11467419230357091,
  "w_sp": 0.12733680058494654,
  "w_vp": 0.1316723265031865,
  "w_vs": 0.651137316398467
}