{
  "A_pv": 0.0402476246290149,
  "A_pyr": 1.1576621711402693,
  "A_som": 0.06084025945294841,
  "A_vip": 0.15149265908837875,
  "I0_pv": 0.3893704510874823,
  "I0_pyr": 0.4621848406920222,
  "I0_som": 0.3243484843665005,
  "I0_vip": 0.3326665273045207,
  "I_alpha5_vip": 0.03399967491101949,
  "I_alpha7_pv": 0.04938316860874293,
  "I_alpha7_som": 0.016162702763809312,
  "I_beta2_som": 0.10716275787961696,
  "J_adapt_pyr": 0.0011922273988521368,
  "J_adapt_som": 0.00023235437682830317,
  "Theta_pv": 0.2878,
  "Theta_pyr": 0.40323,
  "Theta_som": 0.2878,
  "Theta_vip": 0.2878,
  "act_alpha5": 1.0,
  "act_alpha7": 1.0,
  "act_beta2": 1.0,
  "alpha_pv": 615.0,
  "alpha_pyr": 310.0,
  "alpha_som": 615.0,
  "alpha_vip": 615.0,
  "g_alpha7": 0.8910377155818799,
  "g_exc": 0.16,
  "g_gaba_base": 1.6612386976070432,
  "g_inh": 0.087,
  "sigma_noise": 0.3,
  "sigma_s": 0.0,
  "tau_adapt_pyr": 600.0,
  "tau_adapt_som": 121.34701683124183,
  "tau_s": 20.0,
  "trans_duration_ms": 500.0,
  "trans_enabled": false,
  "trans_factor": 0.3152388858883812,
  "trans_start_ms": 1000.0,
  "w_ee": 0.004090689627482868,
  "w_ep": 0.0050176729102228,
  "w_es": 0.002169924173302268,
  "w_ev": 0.002778807206093779,
  "w_pe": 0.05196329222554845,
  "w_pp": 0.005129957068170455,
  "w_se": 0.006757055006655836,
  "w_sp": 0.0014805240657776652,
  "w_vp": 0.0019527786396334292,
  "w_vs": 0.0025069522187509646
}