{
  "_fit_metadata": {
    "loss": 8.8e-05,
    "comparison": {
      "base": {
        "PYR": {
          "actual": 12.4677,
          "target": 12.466,
          "error_pct": 0.01
        },
        "SOM": {
          "actual": 4.7401,
          "target": 4.814,
          "error_pct": -1.54
        },
        "PV": {
          "actual": 4.2499,
          "target": 4.241,
          "error_pct": 0.21
        },
        "VIP": {
          "actual": 5.4922,
          "target": 5.551,
          "error_pct": -1.06
        }
      },
      "alpha7_ko": {
        "PYR": {
          "actual": 18.2209,
          "target": null,
          "error_pct": null,
          "in_loss": false
        }
      },
      "alpha5_ko": {
        "PYR": {
          "actual": 12.1036,
          "target": null,
          "error_pct": null,
          "in_loss": false
        }
      },
      "beta2_ko": {
        "PYR": {
          "actual": 12.9753,
          "target": null,
          "error_pct": null,
          "in_loss": false
        }
      }
    },
    "jacobian": {
      "_note": "J[row,col] = dr_row/dr_col: effect of col population on row population",
      "PYR": {
        "PYR": 0.913133,
        "SOM": -2.710597,
        "PV": -0.970818,
        "VIP": 0.0
      },
      "SOM": {
        "PYR": 3.997189,
        "SOM": 0.0,
        "PV": 0.0,
        "VIP": -1.367032
      },
      "PV": {
        "PYR": 2.1715,
        "SOM": -1.590796,
        "PV": -9.973728,
        "VIP": -0.827846
      },
      "VIP": {
        "PYR": 0.624892,
        "SOM": 0.0,
        "PV": 0.0,
        "VIP": 0.0
      }
    }
  },
  "A_pv": 0.07433353854275684,
  "A_pyr": 0.9461761182945563,
  "A_som": 0.05782299290275702,
  "A_vip": 0.09199980030146955,
  "I0_pv": 0.3806973309778854,
  "I0_pyr": 0.4760264136488095,
  "I0_som": 0.32485418139927746,
  "I0_vip": 0.3307833765353934,
  "I_alpha5_vip": 0.0405491961852694,
  "I_alpha7_pv": 0.04526864387275686,
  "I_alpha7_som": 0.019229240496043347,
  "I_beta2_som": 0.007730143714315149,
  "J_adapt_pyr": 0.002539992367427735,
  "J_adapt_som": 0.0009164975360420259,
  "Theta_pv": 0.2878,
  "Theta_pyr": 0.40323,
  "Theta_som": 0.2878,
  "Theta_vip": 0.2878,
  "act_alpha5": 1.0,
  "act_alpha7": 1.0,
  "act_beta2": 1.0,
  "alpha_pv": 615.0,
  "alpha_pyr": 310.0,
  "alpha_som": 615.0,
  "alpha_vip": 615.0,
  "g_alpha7": 0.6401410683565786,
  "g_exc": 0.16,
  "g_gaba_base": 1.9018525610745602,
  "g_inh": 0.087,
  "sigma_noise": 0.3,
  "sigma_s": 0.0,
  "tau_adapt_pyr": 600.0,
  "tau_adapt_som": 45.09591932411429,
  "tau_s": 20.0,
  "trans_duration_ms": 500.0,
  "trans_enabled": false,
  "trans_factor": 0.10425814509173231,
  "trans_start_ms": 1000.0,
  "w_ee": 0.006056988414331388,
  "w_ep": 0.0036351713849366654,
  "w_es": 0.006531722877002009,
  "w_ev": 0.0010412002936563312,
  "w_pe": 0.052613334016404424,
  "w_pp": 0.006568225276796568,
  "w_se": 0.0045098231055032125,
  "w_sp": 0.001047622781726293,
  "w_vp": 0.0013858447407964977,
  "w_vs": 0.0022338384173967696
}