{
  "_fit_metadata": {
    "loss": 5.3e-05,
    "comparison": {
      "base": {
        "PYR": {
          "actual": 12.414,
          "target": 12.466,
          "error_pct": -0.42
        },
        "SOM": {
          "actual": 4.7641,
          "target": 4.814,
          "error_pct": -1.04
        },
        "PV": {
          "actual": 4.2506,
          "target": 4.241,
          "error_pct": 0.23
        },
        "VIP": {
          "actual": 5.6018,
          "target": 5.551,
          "error_pct": 0.91
        }
      },
      "alpha7_ko": {
        "PYR": {
          "actual": 13.706,
          "target": null,
          "error_pct": null,
          "in_loss": false
        }
      },
      "alpha5_ko": {
        "PYR": {
          "actual": 12.2515,
          "target": null,
          "error_pct": null,
          "in_loss": false
        }
      },
      "beta2_ko": {
        "PYR": {
          "actual": 12.4774,
          "target": null,
          "error_pct": null,
          "in_loss": false
        }
      }
    },
    "jacobian": {
      "_note": "J[row,col] = dr_row/dr_col: effect of col population on row population",
      "PYR": {
        "PYR": 0.082672,
        "SOM": -0.230794,
        "PV": -0.230521,
        "VIP": 0.0
      },
      "SOM": {
        "PYR": 0.824507,
        "SOM": 0.0,
        "PV": 0.0,
        "VIP": -0.295946
      },
      "PV": {
        "PYR": 1.987053,
        "SOM": -0.104335,
        "PV": -5.808758,
        "VIP": -0.008419
      },
      "VIP": {
        "PYR": 0.03483,
        "SOM": 0.0,
        "PV": 0.0,
        "VIP": 0.0
      }
    }
  },
  "A_pv": 5.8737408520516965,
  "A_pyr": 24.909775133312785,
  "A_som": 0.5403222781588097,
  "A_vip": 2.4951285301261215,
  "I0_pv": 8.283507517484571,
  "I0_pyr": 9.632282828106304,
  "I0_som": 1.1782946265801542,
  "I0_vip": 6.61695928526126,
  "I_alpha5_vip": 1.7438835420749859,
  "I_alpha7_pv": 1.8694804339212157,
  "I_alpha7_som": 3.4338868778525766,
  "I_beta2_som": 1.7683926518592719,
  "J_adapt_pyr": 0.6473636379393702,
  "J_adapt_som": 11.884700989165975,
  "Theta_pv": 0.9199397994981885,
  "Theta_pyr": 3.7167214008941,
  "Theta_som": 2.2922467271326115,
  "Theta_vip": 2.2413107437020554,
  "act_alpha5": 1.0,
  "act_alpha7": 1.0,
  "act_beta2": 1.0,
  "alpha_pv": 0.10832487155271374,
  "alpha_pyr": 0.30119922345630284,
  "alpha_som": 0.05765430250299269,
  "alpha_vip": 0.24906034862884158,
  "g": 1.175250092220412,
  "g_alpha7": 1.087517251514819,
  "g_gaba_base": 4.720613249465637,
  "sigma_s": 3.5363670959681524,
  "tau_adapt_pyr": 600.0,
  "tau_adapt_som": 150.0,
  "tau_s": 20.0,
  "trans_duration_ms": 500.0,
  "trans_enabled": false,
  "trans_factor": 0.2932493978713699,
  "trans_start_ms": 1000.0,
  "w_ee": 17.954157723661613,
  "w_ep": 40.98654322726024,
  "w_es": 14.305110822175601,
  "w_ev": 0.16721546788707461,
  "w_pe": 0.8547037696384298,
  "w_pp": 20.62902625307846,
  "w_se": 0.39045971433649834,
  "w_sp": 0.3705320878930683,
  "w_vp": 0.173658483964106,
  "w_vs": 5.134626704925653
}