{
  "I0_pv": 0.2620994247795532,
  "I0_pyr": 0.5148607032317115,
  "I0_som": 0.3347422408246439,
  "I0_vip": 0.34317675969714434,
  "I_alpha5_vip": 0.03260959839228898,
  "I_alpha7_pv": 0.010463970460692487,
  "I_alpha7_som": 0.043243206239611955,
  "I_beta2_som": 0.10854699410813694,
  "J_NMDA": 0.3127730381401397,
  "J_adapt_pyr": 0.0019113940334282715,
  "J_adapt_som": 0.0,
  "Theta_pv": 0.2878,
  "Theta_pyr": 0.40323,
  "Theta_som": 0.2878,
  "Theta_vip": 0.2878,
  "act_alpha5": 1.0,
  "act_alpha7": 1.0,
  "act_beta2": 1.0,
  "alpha_pv": 615.0,
  "alpha_pyr": 310.0,
  "alpha_som": 615.0,
  "alpha_vip": 615.0,
  "g_alpha7": 1.2747904485534798,
  "g_exc": 0.16,
  "g_gaba_base": 0.9897105929547869,
  "g_inh": 0.087,
  "sigma_noise": 0.3,
  "sigma_s": 0.0,
  "tau_adapt_pyr": 600.0,
  "tau_adapt_som": 203.9649572105983,
  "tau_s": 20.0,
  "trans2_duration_ms": 500.0,
  "trans2_enabled": false,
  "trans2_factor": -0.3,
  "trans2_start_ms": 3000.0,
  "trans_duration_ms": 500.0,
  "trans_enabled": false,
  "trans_factor": 0.2,
  "trans_start_ms": 1000.0,
  "w_ep": 0.0012419042451165968,
  "w_es": 0.0019406317131397772,
  "w_ev": 0.0020651358408775174,
  "w_pe": 0.04583858937048062,
  "w_pp": 0.001973255970517047,
  "w_se": 0.001588107092337797,
  "w_sp": 0.0017981422085501545,
  "w_vp": 0.0010455696311481315,
  "w_vs": 0.0011023365797694555
}