{
  "I0_pv": 0.39724409737407906,
  "I0_pyr": 0.6264944054229677,
  "I0_som": 0.10920855361172283,
  "I0_vip": 0.10727464518247459,
  "I_alpha5_vip": 0.1127782167840532,
  "I_alpha7_pv": 0.03301990860667035,
  "I_alpha7_som": 0.10256693553617559,
  "I_beta2_som": 0.023358562144831414,
  "J_NMDA": 0.07109892499755784,
  "J_adapt_pyr": 0.0011422497326346798,
  "J_adapt_som": 0.0,
  "Theta_pv": 0.2878,
  "Theta_pyr": 0.40323,
  "Theta_som": 0.2878,
  "Theta_vip": 0.2878,
  "act_alpha5": 1.0,
  "act_alpha7": 1.0,
  "act_beta2": 1.0,
  "alpha_pv": 615.0,
  "alpha_pyr": 310.0,
  "alpha_som": 615.0,
  "alpha_vip": 615.0,
  "g_alpha7": 1.1281981111378536,
  "g_exc": 0.16,
  "g_gaba_base": 4.8633909943170135,
  "g_inh": 0.087,
  "sigma_noise": 0.3,
  "sigma_s": 0.0,
  "tau_adapt_pyr": 600.0,
  "tau_adapt_som": 241.51487185172488,
  "tau_s": 20.0,
  "trans2_duration_ms": 500.0,
  "trans2_enabled": false,
  "trans2_factor": -0.3,
  "trans2_start_ms": 3000.0,
  "trans_duration_ms": 500.0,
  "trans_enabled": false,
  "trans_factor": 0.38281585819571146,
  "trans_start_ms": 1000.0,
  "w_ep": 0.042512311945201754,
  "w_es": 0.001433833303717865,
  "w_ev": 0.006432907598409027,
  "w_pe": 0.04305442091761809,
  "w_pp": 0.010271799300642434,
  "w_se": 0.040411483533318526,
  "w_sp": 0.019771824329713018,
  "w_vp": 0.0015148747129341874,
  "w_vs": 0.0070157747306997115
}