{
  "w_pyr_pyr_inter": 0.005409992324837876,
  "w_pv_global": 0.026270807629238512,
  "n_nodes": 64,
  "sigma_pyr_deg": 15.0
}