{
  "_fit_metadata": {
    "loss": 0.036066,
    "comparison": {
      "base": {
        "PYR": {
          "actual": 8.3362,
          "target": 8.214,
          "error_pct": 1.49
        },
        "SOM": {
          "actual": 4.918,
          "target": 4.295,
          "error_pct": 14.5
        },
        "PV": {
          "actual": 3.0691,
          "target": 4.073,
          "error_pct": -24.65
        },
        "VIP": {
          "actual": 7.5607,
          "target": 6.051,
          "error_pct": 24.95
        }
      }
    },
    "jacobian": {
      "_note": "J[row,col] = dr_row/dr_col: effect of col population on row population",
      "PYR": {
        "PYR": 0.889158,
        "SOM": -0.171023,
        "PV": -0.335484,
        "VIP": 0.0
      },
      "SOM": {
        "PYR": 0.222948,
        "SOM": 0.0,
        "PV": 0.0,
        "VIP": -0.114565
      },
      "PV": {
        "PYR": 0.349085,
        "SOM": -0.48739,
        "PV": -0.331075,
        "VIP": -0.16277
      },
      "VIP": {
        "PYR": 0.00364,
        "SOM": 0.0,
        "PV": 0.0,
        "VIP": 0.0
      }
    },
    "ring_params": {
      "w_pyr_pyr_inter": 0.00541,
      "w_pv_global": 0.026271,
      "sigma_pyr_deg": 15.0,
      "n_nodes": 64
    }
  },
  "I0_pv": 0.25619736694780854,
  "I0_pyr": 0.41687402713161087,
  "I0_som": 0.2509531362987366,
  "I0_vip": 0.2665330090102457,
  "I_alpha5_vip": 0.006449594089448498,
  "I_alpha7_pv": 0.0022748087501482843,
  "I_alpha7_som": 0.001956615768537884,
  "I_beta2_som": 0.005041209354287324,
  "J_adapt_pyr": 0.0019765317404765417,
  "J_adapt_som": 0.001821076822923705,
  "Theta_pv": 0.2878,
  "Theta_pyr": 0.40323,
  "Theta_som": 0.2878,
  "Theta_vip": 0.2878,
  "act_alpha5": 1.0,
  "act_alpha7": 1.0,
  "act_beta2": 1.0,
  "alpha_pv": 615.0,
  "alpha_pyr": 310.0,
  "alpha_som": 615.0,
  "alpha_vip": 615.0,
  "g_alpha7": 0.03404197891585778,
  "g_exc": 0.16,
  "g_gaba_base": 1.0061423367289983,
  "g_inh": 0.087,
  "sigma_noise": 0.1,
  "sigma_s": 0.0,
  "tau_adapt_pyr": 600.0,
  "tau_adapt_som": 200.0,
  "tau_s": 20.0,
  "trans_duration_ms": 500.0,
  "trans_enabled": false,
  "trans_factor": 0.2,
  "trans_start_ms": 1000.0,
  "w_ee": 0.004687293473097753,
  "w_ep": 0.003968506255947028,
  "w_es": 0.0012317334889346378,
  "w_ev": 1.5925964243647277e-05,
  "w_pe": 0.05053182834186888,
  "w_pp": 0.0036183560793621567,
  "w_se": 0.0007463405536041555,
  "w_sp": 0.005326746732202881,
  "w_vp": 0.001850417028795673,
  "w_vs": 0.0006329443762785031
}