{
  "w_pyr_pyr_inter": 0.0022938254275740085,
  "w_pv_global": 0.019882262012176705,
  "n_nodes": 64,
  "sigma_pyr_deg": 15.0
}