{
  "w_pyr_pyr_inter": 0.001605260370405628,
  "w_pv_global": 0.020571680010192876,
  "n_nodes": 64,
  "sigma_pyr_deg": 15.0
}