{
  "A_pv": 0.12,
  "A_pyr": 0.76,
  "A_som": 0.11,
  "A_vip": 0.16,
  "I0_pv": 0.35,
  "I0_pyr": 0.44,
  "I0_som": 0.35,
  "I0_vip": 0.33,
  "I_alpha5_vip": 0.0,
  "I_alpha7_pv": 0.0,
  "I_alpha7_som": 0.0,
  "I_beta2_som": 0.0,
  "J_adapt_pyr": 0.002,
  "J_adapt_som": 0.0,
  "Theta_pv": 0.28780487804878047,
  "Theta_pyr": 0.4032258064516129,
  "Theta_som": 0.28780487804878047,
  "Theta_vip": 0.28780487804878047,
  "act_alpha5": 1.0,
  "act_alpha7": 1.0,
  "act_beta2": 1.0,
  "alpha_pv": 615.0,
  "alpha_pyr": 310.0,
  "alpha_som": 615.0,
  "alpha_vip": 615.0,
  "g_alpha7": 0.0,
  "g_exc": 0.16,
  "g_gaba_base": 1.0,
  "g_inh": 0.087,
  "sigma_noise": 0.3,
  "sigma_s": 0.0,
  "tau_adapt_pyr": 600.0,
  "tau_adapt_som": 150.0,
  "tau_s": 20.0,
  "trans_duration_ms": 500.0,
  "trans_enabled": false,
  "trans_factor": 0.2,
  "trans_start_ms": 1000.0,
  "w_ee": 0.002,
  "w_ep": 0.002,
  "w_es": 0.002,
  "w_ev": 0.002,
  "w_pe": 0.05,
  "w_pp": 0.002,
  "w_se": 0.002,
  "w_sp": 0.002,
  "w_vp": 0.002,
  "w_vs": 0.002
}