{
  "I0_pv": 0.13826768704604042,
  "I0_pyr": 0.48145067999083335,
  "I0_som": 0.980022862666588,
  "I0_vip": 0.026659657274491388,
  "I_alpha5_vip": 0.022792914836463417,
  "I_alpha7_pv": 0.012856449713033494,
  "I_alpha7_som": 0.4219722383925471,
  "I_beta2_som": 0.05442007783548811,
  "J_adapt_pyr": 0.0013063976741999484,
  "J_adapt_som": 0.43650551754660355,
  "Theta_pv": 0.2878,
  "Theta_pyr": 0.40323,
  "Theta_som": 0.2878,
  "Theta_vip": 0.2878,
  "act_alpha5": 1.0,
  "act_alpha7": 1.0,
  "act_beta2": 1.0,
  "alpha_pv": 615.0,
  "alpha_pyr": 310.0,
  "alpha_som": 615.0,
  "alpha_vip": 615.0,
  "g_alpha7": 7.818232957714149,
  "g_exc": 0.16,
  "g_gaba_base": 1.806668449083711,
  "g_inh": 0.087,
  "sigma_noise": 0.3,
  "sigma_s": 0.0,
  "tau_adapt_pyr": 600.0,
  "tau_adapt_som": 185.3620372704205,
  "tau_s": 20.0,
  "trans_duration_ms": 500.0,
  "trans_enabled": false,
  "trans_factor": 0.2,
  "trans_start_ms": 1000.0,
  "w_ee": 3.5898030044975977,
  "w_ep": 1.1632880993489847,
  "w_es": 1.406891430242963,
  "w_ev": 9.086441483636998,
  "w_pe": 0.22569051867185552,
  "w_pp": 0.18808624145511535,
  "w_se": 1.2154647464832895,
  "w_sp": 1.1895535774627368,
  "w_vp": 0.09368660006965727,
  "w_vs": 2.5241224910409588
}