{
  "I0_pv": 0.3819803299917875,
  "I0_pyr": 0.6172130752035591,
  "I0_som": 0.12751115500246787,
  "I0_vip": 0.19013037894569307,
  "I_alpha5_vip": 0.026434304046156296,
  "I_alpha7_pv": 0.006459498691074276,
  "I_alpha7_som": 0.09163272827392226,
  "I_beta2_som": 0.014110692080630073,
  "J_NMDA": 0.05085825001189798,
  "J_adapt_pyr": 0.0010039608080616924,
  "J_adapt_som": 0.0,
  "Theta_pv": 0.2878,
  "Theta_pyr": 0.40323,
  "Theta_som": 0.2878,
  "Theta_vip": 0.2878,
  "act_alpha5": 1.0,
  "act_alpha7": 1.0,
  "act_beta2": 1.0,
  "alpha_pv": 615.0,
  "alpha_pyr": 310.0,
  "alpha_som": 615.0,
  "alpha_vip": 615.0,
  "g_alpha7": 4.918344128998104,
  "g_exc": 0.16,
  "g_gaba_base": 4.791835324392052,
  "g_inh": 0.087,
  "sigma_noise": 0.3,
  "sigma_s": 0.0,
  "tau_adapt_pyr": 600.0,
  "tau_adapt_som": 153.01316713121287,
  "tau_s": 20.0,
  "trans2_duration_ms": 500.0,
  "trans2_enabled": false,
  "trans2_factor": -0.3,
  "trans2_start_ms": 3000.0,
  "trans_duration_ms": 500.0,
  "trans_enabled": false,
  "trans_factor": 0.05969921500972942,
  "trans_start_ms": 1000.0,
  "w_ep": 0.017559686010724215,
  "w_es": 0.0019878085650694654,
  "w_ev": 0.005449390958776202,
  "w_pe": 0.01966114495401937,
  "w_pp": 0.0012307039139021524,
  "w_se": 0.01991418179346963,
  "w_sp": 0.010137445611661085,
  "w_vp": 0.007471968646273977,
  "w_vs": 0.004015240558002591
}