{
  "I0_pv": 0.3865586394187596,
  "I0_pyr": 0.547296341348537,
  "I0_som": 0.215364174192385,
  "I0_vip": 0.2050151574924555,
  "I_alpha5_vip": 0.006914785617100098,
  "I_alpha7_pv": 0.012230259967198093,
  "I_alpha7_som": 0.026764757569505665,
  "I_beta2_som": 0.0007440461134306599,
  "J_NMDA": 0.050167297164828775,
  "J_adapt_pyr": 0.0010004062124887028,
  "J_adapt_som": 0.0,
  "Theta_pv": 0.2878,
  "Theta_pyr": 0.40323,
  "Theta_som": 0.2878,
  "Theta_vip": 0.2878,
  "act_alpha5": 1.0,
  "act_alpha7": 1.0,
  "act_beta2": 1.0,
  "alpha_pv": 615.0,
  "alpha_pyr": 310.0,
  "alpha_som": 615.0,
  "alpha_vip": 615.0,
  "g_alpha7": 4.999195303504692,
  "g_exc": 0.16,
  "g_gaba_base": 4.9998750005320876,
  "g_inh": 0.087,
  "sigma_noise": 0.3,
  "sigma_s": 0.0,
  "tau_adapt_pyr": 600.0,
  "tau_adapt_som": 277.6700325584818,
  "tau_s": 20.0,
  "trans2_duration_ms": 500.0,
  "trans2_enabled": false,
  "trans2_factor": -0.3,
  "trans2_start_ms": 3000.0,
  "trans_duration_ms": 500.0,
  "trans_enabled": false,
  "trans_factor": 0.29206484212705575,
  "trans_start_ms": 1000.0,
  "w_ep": 0.009920340822773318,
  "w_es": 0.003993994972241282,
  "w_ev": 0.007010065350190512,
  "w_pe": 0.0010010669724978465,
  "w_pp": 0.0010188785211946673,
  "w_se": 0.00999701616090798,
  "w_sp": 0.007909006549495263,
  "w_vp": 0.0011294305498246399,
  "w_vs": 0.007628725116819973
}