{
  "I0_pv": 0.38186246512678235,
  "I0_pyr": 0.34969457008740534,
  "I0_som": 0.16875833419843578,
  "I0_vip": 0.12892521667919818,
  "I_alpha5_vip": 0.09149418187331644,
  "I_alpha7_pv": 0.01342272512249091,
  "I_alpha7_som": 0.015495648346451741,
  "I_beta2_som": 0.008189903700840193,
  "J_NMDA": 0.09061643390994106,
  "J_adapt_pyr": 0.0075780395174461345,
  "J_adapt_som": 0.00684112483331462,
  "Theta_pv": 0.2878,
  "Theta_pyr": 0.40323,
  "Theta_som": 0.2878,
  "Theta_vip": 0.2878,
  "act_alpha5": 1.0,
  "act_alpha7": 1.0,
  "act_beta2": 1.0,
  "alpha_pv": 615.0,
  "alpha_pyr": 310.0,
  "alpha_som": 615.0,
  "alpha_vip": 615.0,
  "g_alpha7": 4.184288400537532,
  "g_exc": 0.16,
  "g_gaba_base": 4.627522614009363,
  "g_inh": 0.087,
  "sigma_noise": 0.3,
  "sigma_s": 0.0,
  "tau_adapt_pyr": 1000.0,
  "tau_adapt_som": 200.0,
  "tau_s": 20.0,
  "trans_duration_ms": 500.0,
  "trans_enabled": false,
  "trans_factor": 0.9950040269691798,
  "trans_start_ms": 1000.0,
  "w_ep": 0.001026663341690745,
  "w_es": 0.024198457635910216,
  "w_ev": 0.002045085063814965,
  "w_pe": 0.05744724312072245,
  "w_pp": 0.013427533375198057,
  "w_se": 0.0035096793633131547,
  "w_sp": 0.00502880394425743,
  "w_vp": 0.001390919696703863,
  "w_vs": 0.005449974777895845
}