{
  "_fit_metadata": {
    "loss": 0.021976,
    "comparison": {
      "base": {
        "PYR": {
          "actual": 7.3484,
          "target": 8.214,
          "error_pct": -10.54
        },
        "SOM": {
          "actual": 4.4007,
          "target": 4.295,
          "error_pct": 2.46
        },
        "PV": {
          "actual": 4.2883,
          "target": 4.073,
          "error_pct": 5.29
        },
        "VIP": {
          "actual": 4.7885,
          "target": 6.051,
          "error_pct": -20.86
        }
      },
      "alpha7_ko": {
        "PYR": {
          "actual": 17.8686,
          "target": 17.539,
          "error_pct": 1.88
        }
      },
      "alpha5_ko": {
        "PYR": {
          "actual": 10.4916,
          "target": 9.285,
          "error_pct": 12.99
        }
      },
      "beta2_ko": {
        "PYR": {
          "actual": 17.6352,
          "target": 17.965,
          "error_pct": -1.84
        }
      }
    },
    "jacobian": {
      "_note": "J[row,col] = dr_row/dr_col: effect of col population on row population",
      "PYR": {
        "PYR": 0.254726,
        "SOM": -0.259108,
        "PV": -0.354831,
        "VIP": 0.0
      },
      "SOM": {
        "PYR": 25.349995,
        "SOM": 0.0,
        "PV": 0.0,
        "VIP": -5.472256
      },
      "PV": {
        "PYR": 35.393318,
        "SOM": -0.526287,
        "PV": -59.376227,
        "VIP": -2.367993
      },
      "VIP": {
        "PYR": 0.152056,
        "SOM": 0.0,
        "PV": 0.0,
        "VIP": 0.0
      }
    },
    "ring_params": {
      "w_pyr_pyr_inter": 2.578384,
      "w_pv_global": 4.732359,
      "sigma_pyr_deg": 21.088585,
      "n_nodes": 64
    }
  },
  "A_pv": 12.17237944965544,
  "A_pyr": 1.2870462851942541,
  "A_som": 39.2391251204294,
  "A_vip": 23.301641826333018,
  "I0_pv": 8.516371049195865,
  "I0_pyr": 9.83109542956634,
  "I0_som": 8.361332470960786,
  "I0_vip": 7.215011684652777,
  "I_alpha5_vip": 2.739623168305858,
  "I_alpha7_pv": 3.398565098206123,
  "I_alpha7_som": 4.787697516514166,
  "I_beta2_som": 4.009011078362112,
  "J_adapt_pyr": 1.3057313963807773,
  "J_adapt_som": 25.693386246392706,
  "Theta_pv": 7.0,
  "Theta_pyr": 7.0,
  "Theta_som": 7.0,
  "Theta_vip": 7.0,
  "act_alpha5": 1.0,
  "act_alpha7": 1.0,
  "act_beta2": 1.0,
  "alpha_pv": 2.6,
  "alpha_pyr": 1.9,
  "alpha_som": 1.5,
  "alpha_vip": 1.2,
  "g": 1.0,
  "g_alpha7": 0.21927572436877762,
  "g_gaba_base": 0.6588697287512546,
  "sigma_s": 7.644156493358544,
  "tau_adapt_pyr": 600.0,
  "tau_adapt_som": 150.0,
  "tau_s": 20.0,
  "trans_duration_ms": 500.0,
  "trans_enabled": false,
  "trans_factor": 0.03700139408549584,
  "trans_start_ms": 1000.0,
  "w_ee": 9.112699911201045,
  "w_ep": 18.880984844402413,
  "w_es": 16.89999681769623,
  "w_ev": 0.13121236362952382,
  "w_pe": 1.1537848316488377,
  "w_pp": 36.070279307212424,
  "w_se": 1.9749151776852887,
  "w_sp": 0.31971267460360214,
  "w_vp": 1.263233745859913,
  "w_vs": 3.648170823162366
}