{
  "_fit_metadata": {
    "loss": 7.1e-05,
    "comparison": {
      "base": {
        "PYR": {
          "actual": 8.1427,
          "target": 8.214,
          "error_pct": -0.87
        },
        "SOM": {
          "actual": 4.3406,
          "target": 4.295,
          "error_pct": 1.06
        },
        "PV": {
          "actual": 4.0839,
          "target": 4.073,
          "error_pct": 0.27
        },
        "VIP": {
          "actual": 6.1075,
          "target": 6.051,
          "error_pct": 0.93
        }
      },
      "alpha7_ko": {
        "PYR": {
          "actual": 12.744,
          "target": null,
          "error_pct": null,
          "in_loss": false
        }
      },
      "alpha5_ko": {
        "PYR": {
          "actual": 11.5044,
          "target": null,
          "error_pct": null,
          "in_loss": false
        }
      },
      "beta2_ko": {
        "PYR": {
          "actual": 12.5377,
          "target": null,
          "error_pct": null,
          "in_loss": false
        }
      }
    },
    "jacobian": {
      "_note": "J[row,col] = dr_row/dr_col: effect of col population on row population",
      "PYR": {
        "PYR": 4.830417,
        "SOM": -1.333046,
        "PV": -7.631039,
        "VIP": 0.0
      },
      "SOM": {
        "PYR": 11.676247,
        "SOM": 0.0,
        "PV": 0.0,
        "VIP": -2.874084
      },
      "PV": {
        "PYR": 76.029484,
        "SOM": -1.07968,
        "PV": -150.851361,
        "VIP": -2.075229
      },
      "VIP": {
        "PYR": 0.131988,
        "SOM": 0.0,
        "PV": 0.0,
        "VIP": 0.0
      }
    },
    "ring_params": {
      "w_pyr_pyr_inter": 3.232666,
      "w_pv_global": 2.029545,
      "sigma_pyr_deg": 54.69855,
      "n_nodes": 64
    }
  },
  "A_pv": 39.42040692292705,
  "A_pyr": 0.6372557047111669,
  "A_som": 31.746322616434192,
  "A_vip": 18.785134398221405,
  "I0_pv": 6.798082068584547,
  "I0_pyr": 8.392723980554859,
  "I0_som": 5.222215730151002,
  "I0_vip": 9.483582059988793,
  "I_alpha5_vip": 1.680850527277111,
  "I_alpha7_pv": 9.227345375676194,
  "I_alpha7_som": 9.10251784515098,
  "I_beta2_som": 8.602400379923887,
  "J_adapt_pyr": 1.5448859042991783,
  "J_adapt_som": 17.17581137560663,
  "Theta_pv": 7.0,
  "Theta_pyr": 7.0,
  "Theta_som": 7.0,
  "Theta_vip": 7.0,
  "act_alpha5": 1.0,
  "act_alpha7": 1.0,
  "act_beta2": 1.0,
  "alpha_pv": 2.6,
  "alpha_pyr": 1.9,
  "alpha_som": 1.5,
  "alpha_vip": 1.2,
  "g": 1.0,
  "g_alpha7": 0.026495316684792918,
  "g_gaba_base": 4.89090946209159,
  "sigma_s": 4.37859074527556,
  "tau_adapt_pyr": 600.0,
  "tau_adapt_som": 150.0,
  "tau_s": 20.0,
  "trans_duration_ms": 500.0,
  "trans_enabled": false,
  "trans_factor": 0.01905461308936141,
  "trans_start_ms": 1000.0,
  "w_ee": 12.24322430099872,
  "w_ep": 46.17120608616475,
  "w_es": 7.784164517797038,
  "w_ev": 0.11128477474697873,
  "w_pe": 0.18999306169132482,
  "w_pp": 18.629553515377584,
  "w_se": 0.14268493620770312,
  "w_sp": 0.1333362340936118,
  "w_vp": 1.260245931117449,
  "w_vs": 1.916056238439423
}