{
  "w_pyr_pyr_inter": 2.578384364519389,
  "w_pv_global": 4.732359109008464,
  "n_nodes": 64,
  "sigma_pyr_deg": 21.08858461625481
}