{
  "w_pyr_pyr_inter": 3.232666133269845,
  "w_pv_global": 2.0295446145949,
  "n_nodes": 64,
  "sigma_pyr_deg": 54.69854988842798
}