{
  "w_pyr_pyr_inter": 2.5304821996850104,
  "w_pv_global": 7.316745791998138,
  "n_nodes": 64,
  "sigma_pyr_deg": 37.04571452991943
}