{
  "w_pyr_pyr_inter": 4.564043329441469,
  "w_pv_global": 7.1599675303575925,
  "n_nodes": 64,
  "sigma_pyr_deg": 38.81944785068696
}