{
  "I0_pv": 0.39011392145568363,
  "I0_pyr": 0.6365644145169901,
  "I0_som": 0.10230371751171857,
  "I0_vip": 0.10500783853732415,
  "I_alpha5_vip": 0.11188537220235795,
  "I_alpha7_pv": 0.027952479203622375,
  "I_alpha7_som": 0.09950849558073357,
  "I_beta2_som": 0.03011450055182872,
  "J_NMDA": 0.06280274904382806,
  "J_adapt_pyr": 0.0010835703370785231,
  "J_adapt_som": 0.0,
  "Theta_pv": 0.2878,
  "Theta_pyr": 0.40323,
  "Theta_som": 0.2878,
  "Theta_vip": 0.2878,
  "act_alpha5": 1.0,
  "act_alpha7": 1.0,
  "act_beta2": 1.0,
  "alpha_pv": 615.0,
  "alpha_pyr": 310.0,
  "alpha_som": 615.0,
  "alpha_vip": 615.0,
  "g_alpha7": 1.4126775182624458,
  "g_exc": 0.16,
  "g_gaba_base": 4.911390632802046,
  "g_inh": 0.087,
  "sigma_noise": 0.3,
  "sigma_s": 0.0,
  "tau_adapt_pyr": 600.0,
  "tau_adapt_som": 274.6971575046235,
  "tau_s": 20.0,
  "trans2_duration_ms": 500.0,
  "trans2_enabled": false,
  "trans2_factor": -0.3,
  "trans2_start_ms": 3000.0,
  "trans_duration_ms": 500.0,
  "trans_enabled": false,
  "trans_factor": 0.3405930420557401,
  "trans_start_ms": 1000.0,
  "w_ep": 0.040999975917756414,
  "w_es": 0.0010041698988368856,
  "w_ev": 0.005745126101423768,
  "w_pe": 0.03444854054641029,
  "w_pp": 0.010165085410226688,
  "w_se": 0.03927455179694978,
  "w_sp": 0.01718424470600737,
  "w_vp": 0.001496373933043304,
  "w_vs": 0.005398598944485241
}