{
  "w_pyr_pyr_inter": 0.006877357440575162,
  "w_pv_global": 0.009355033496488346,
  "n_nodes": 64,
  "sigma_pyr_deg": 15.0
}