{
  "_fit_metadata": {
    "loss": 0.202377,
    "comparison": {
      "base": {
        "PYR": {
          "actual": 6.5537,
          "target": 8.214,
          "error_pct": -20.21
        },
        "SOM": {
          "actual": 3.1664,
          "target": 4.295,
          "error_pct": -26.28
        },
        "PV": {
          "actual": 3.4565,
          "target": 4.073,
          "error_pct": -15.14
        },
        "VIP": {
          "actual": 5.4208,
          "target": 6.051,
          "error_pct": -10.41
        }
      },
      "alpha7_ko": {
        "PYR": {
          "actual": 15.9965,
          "target": 17.539,
          "error_pct": -8.79
        }
      },
      "alpha5_ko": {
        "PYR": {
          "actual": 12.9632,
          "target": 9.285,
          "error_pct": 39.61
        }
      },
      "beta2_ko": {
        "PYR": {
          "actual": 15.8341,
          "target": 17.965,
          "error_pct": -11.86
        }
      }
    },
    "jacobian": {
      "_note": "J[row,col] = dr_row/dr_col: effect of col population on row population",
      "PYR": {
        "PYR": 0.387705,
        "SOM": -2.632524,
        "PV": -0.220342,
        "VIP": 0.0
      },
      "SOM": {
        "PYR": 1.655429,
        "SOM": 0.0,
        "PV": 0.0,
        "VIP": -0.616167
      },
      "PV": {
        "PYR": 0.352766,
        "SOM": -3.295037,
        "PV": -11.496822,
        "VIP": -1.587951
      },
      "VIP": {
        "PYR": 1.027454,
        "SOM": 0.0,
        "PV": 0.0,
        "VIP": 0.0
      }
    },
    "ring_params": {
      "w_pyr_pyr_inter": 0.006734,
      "w_pv_global": 0.017445,
      "sigma_pyr_deg": 15.0,
      "n_nodes": 64
    }
  },
  "A_pv": 0.05276436860318661,
  "A_pyr": 0.7778086819808264,
  "A_som": 0.05085462302969485,
  "A_vip": 0.15218289842315708,
  "I0_pv": 0.3699429119000535,
  "I0_pyr": 0.4619696290019789,
  "I0_som": 0.31169221398939123,
  "I0_vip": 0.30160154615948226,
  "I_alpha5_vip": 0.028618808670247232,
  "I_alpha7_pv": 0.11733308618676275,
  "I_alpha7_som": 0.00886913935552656,
  "I_beta2_som": 0.05681219901766841,
  "J_adapt_pyr": 0.0029774597974997776,
  "J_adapt_som": 0.0003932797626679787,
  "Theta_pv": 0.2878,
  "Theta_pyr": 0.40323,
  "Theta_som": 0.2878,
  "Theta_vip": 0.2878,
  "act_alpha5": 1.0,
  "act_alpha7": 1.0,
  "act_beta2": 1.0,
  "alpha_pv": 615.0,
  "alpha_pyr": 310.0,
  "alpha_som": 615.0,
  "alpha_vip": 615.0,
  "g_alpha7": 0.4915207583775117,
  "g_exc": 0.16,
  "g_gaba_base": 1.656532807334372,
  "g_inh": 0.087,
  "sigma_noise": 0.3,
  "sigma_s": 0.0,
  "tau_adapt_pyr": 600.0,
  "tau_adapt_som": 136.40746455747828,
  "tau_s": 20.0,
  "trans_duration_ms": 500.0,
  "trans_enabled": false,
  "trans_factor": 0.2,
  "trans_start_ms": 1000.0,
  "w_ee": 0.003333227856368777,
  "w_ep": 0.0005829890449910922,
  "w_es": 0.002744367731082117,
  "w_ev": 0.0018939652133504934,
  "w_pe": 0.05765043284683715,
  "w_pp": 0.00884517309869505,
  "w_se": 0.007378183968006429,
  "w_sp": 0.0025350635939820963,
  "w_vp": 0.0026242840255337988,
  "w_vs": 0.0010214807058137256
}