{
  "_fit_metadata": {
    "loss": 0.02204,
    "comparison": {
      "base": {
        "PYR": {
          "actual": 8.0705,
          "target": 8.214,
          "error_pct": -1.75
        },
        "SOM": {
          "actual": 4.5687,
          "target": 4.295,
          "error_pct": 6.37
        },
        "PV": {
          "actual": 3.7707,
          "target": 4.073,
          "error_pct": -7.42
        },
        "VIP": {
          "actual": 5.2932,
          "target": 6.051,
          "error_pct": -12.52
        }
      },
      "alpha7_ko": {
        "PYR": {
          "actual": 9.8297,
          "target": null,
          "error_pct": null,
          "in_loss": false
        }
      },
      "alpha5_ko": {
        "PYR": {
          "actual": 9.6706,
          "target": null,
          "error_pct": null,
          "in_loss": false
        }
      },
      "beta2_ko": {
        "PYR": {
          "actual": 10.5627,
          "target": null,
          "error_pct": null,
          "in_loss": false
        }
      }
    },
    "jacobian": {
      "_note": "J[row,col] = dr_row/dr_col: effect of col population on row population",
      "PYR": {
        "PYR": 0.184078,
        "SOM": -0.694412,
        "PV": -0.064298,
        "VIP": 0.0
      },
      "SOM": {
        "PYR": 0.72214,
        "SOM": 0.0,
        "PV": 0.0,
        "VIP": -1.098158
      },
      "PV": {
        "PYR": 0.381293,
        "SOM": -2.851963,
        "PV": -0.645256,
        "VIP": -1.508515
      },
      "VIP": {
        "PYR": 0.999814,
        "SOM": 0.0,
        "PV": 0.0,
        "VIP": 0.0
      }
    },
    "ring_params": {
      "w_pyr_pyr_inter": 0.006877,
      "w_pv_global": 0.009355,
      "sigma_pyr_deg": 15.0,
      "n_nodes": 64
    }
  },
  "A_pv": 0.03647181091536723,
  "A_pyr": 0.5459677375823667,
  "A_som": 0.09651796422635889,
  "A_vip": 0.1265387803547647,
  "I0_pv": 0.3569079778113761,
  "I0_pyr": 0.4383203080463649,
  "I0_som": 0.3103696176907176,
  "I0_vip": 0.3369176693518311,
  "I_alpha5_vip": 0.00309713821391516,
  "I_alpha7_pv": 0.132146526869899,
  "I_alpha7_som": 0.006660359106041737,
  "I_beta2_som": 0.046709448463674294,
  "J_adapt_pyr": 0.0025345484386747057,
  "J_adapt_som": 2.195600750973812e-05,
  "Theta_pv": 0.2878,
  "Theta_pyr": 0.40323,
  "Theta_som": 0.2878,
  "Theta_vip": 0.2878,
  "act_alpha5": 1.0,
  "act_alpha7": 1.0,
  "act_beta2": 1.0,
  "alpha_pv": 615.0,
  "alpha_pyr": 310.0,
  "alpha_som": 615.0,
  "alpha_vip": 615.0,
  "g_alpha7": 0.06420961600017343,
  "g_exc": 0.16,
  "g_gaba_base": 0.9318853682977036,
  "g_inh": 0.087,
  "sigma_noise": 0.3,
  "sigma_s": 0.0,
  "tau_adapt_pyr": 600.0,
  "tau_adapt_som": 203.8574606287486,
  "tau_s": 20.0,
  "trans_duration_ms": 500.0,
  "trans_enabled": false,
  "trans_factor": 0.2,
  "trans_start_ms": 1000.0,
  "w_ee": 0.0013209933692760428,
  "w_ep": 0.000620605077992482,
  "w_es": 0.0012422631813850484,
  "w_ev": 0.0017636933526443506,
  "w_pe": 0.05192457820390499,
  "w_pp": 0.001054356631379519,
  "w_se": 0.004186378950083074,
  "w_sp": 0.0046601435309627775,
  "w_vp": 0.002455306468667328,
  "w_vs": 0.001889109496962326
}