{
  "w_pyr_pyr_inter": 0.006734038969944112,
  "w_pv_global": 0.017444521322938982,
  "n_nodes": 64,
  "sigma_pyr_deg": 15.0
}