{
  "w_pyr_pyr_inter": 0.029875564631165134,
  "w_pv_global": 0.06032503534650709,
  "n_nodes": 64,
  "sigma_pyr_deg": 24.061920310339495
}