{
  "w_pyr_pyr_inter": 0.007613937607424285,
  "w_pv_global": 0.0015857850050348325,
  "n_nodes": 64,
  "sigma_pyr_deg": 15.0
}