{
  "_fit_metadata": {
    "loss": 0.0001,
    "comparison": {
      "base": {
        "PYR": {
          "actual": 8.2682,
          "target": 8.214,
          "error_pct": 0.66
        },
        "SOM": {
          "actual": 4.2194,
          "target": 4.295,
          "error_pct": -1.76
        },
        "PV": {
          "actual": 4.0847,
          "target": 4.073,
          "error_pct": 0.29
        },
        "VIP": {
          "actual": 6.0143,
          "target": 6.051,
          "error_pct": -0.61
        }
      },
      "alpha7_ko": {
        "PYR": {
          "actual": 4.4057,
          "target": null,
          "error_pct": null,
          "in_loss": false
        }
      },
      "alpha5_ko": {
        "PYR": {
          "actual": 2.8288,
          "target": null,
          "error_pct": null,
          "in_loss": false
        }
      },
      "beta2_ko": {
        "PYR": {
          "actual": 3.5949,
          "target": null,
          "error_pct": null,
          "in_loss": false
        }
      }
    },
    "jacobian": {
      "_note": "J[row,col] = dr_row/dr_col: effect of col population on row population",
      "PYR": {
        "PYR": 0.493862,
        "SOM": -1.263128,
        "PV": -0.277528,
        "VIP": 0.0
      },
      "SOM": {
        "PYR": 4.772402,
        "SOM": 0.0,
        "PV": 0.0,
        "VIP": -3.490873
      },
      "PV": {
        "PYR": 2.702986,
        "SOM": -1.711354,
        "PV": -2.816631,
        "VIP": -1.432439
      },
      "VIP": {
        "PYR": 4.852711,
        "SOM": 0.0,
        "PV": 0.0,
        "VIP": 0.0
      }
    },
    "ring_params": {
      "w_pyr_pyr_inter": 0.007614,
      "w_pv_global": 0.001586,
      "sigma_pyr_deg": 15.0,
      "n_nodes": 64
    }
  },
  "A_pv": 0.18787504667029606,
  "A_pyr": 0.4499587091689027,
  "A_som": 0.05024280511348552,
  "A_vip": 0.0839904846690344,
  "I0_pv": 0.30672114260891614,
  "I0_pyr": 0.42630718318568,
  "I0_som": 0.31255357671273026,
  "I0_vip": 0.3067403798020078,
  "I_alpha5_vip": 0.031945378865714455,
  "I_alpha7_pv": 0.019465897885783692,
  "I_alpha7_som": 0.05907180575133445,
  "I_beta2_som": 0.03520146120343561,
  "J_adapt_pyr": 0.0010352614987940332,
  "J_adapt_som": 0.0030087527283156924,
  "Theta_pv": 0.2878,
  "Theta_pyr": 0.40323,
  "Theta_som": 0.2878,
  "Theta_vip": 0.2878,
  "act_alpha5": 1.0,
  "act_alpha7": 1.0,
  "act_beta2": 1.0,
  "alpha_pv": 615.0,
  "alpha_pyr": 310.0,
  "alpha_som": 615.0,
  "alpha_vip": 615.0,
  "g_alpha7": 0.3720562747168036,
  "g_exc": 0.16,
  "g_gaba_base": 1.8453138569408776,
  "g_inh": 0.087,
  "sigma_noise": 0.3,
  "sigma_s": 3.126269167838911,
  "tau_adapt_pyr": 632.9354623077926,
  "tau_adapt_som": 280.28238647274424,
  "tau_s": 20.0,
  "trans_duration_ms": 500.0,
  "trans_enabled": false,
  "trans_factor": 0.3411753893749781,
  "trans_start_ms": 1000.0,
  "w_ee": 0.003935019136236522,
  "w_ep": 0.006047447489161183,
  "w_es": 0.007778617997095716,
  "w_ev": 0.007971769769033054,
  "w_pe": 0.04243117357499766,
  "w_pp": 0.0028419739266808317,
  "w_se": 0.003278808949960016,
  "w_sp": 0.0017267524058108656,
  "w_vp": 0.003204826539731337,
  "w_vs": 0.005689832727370035
}