{
  "w_pyr_pyr_inter": 0.006138825210853178,
  "w_pv_global": 0.008294731621455205,
  "n_nodes": 64,
  "sigma_pyr_deg": 15.0
}