{
  "w_pyr_pyr_inter": 9.74106174075186,
  "w_pv_global": 3.2091714969257126,
  "n_nodes": 64,
  "sigma_pyr_deg": 15.0
}