{
  "w_pyr_pyr_inter": 0.011062100759251679,
  "w_pv_global": 0.0006322044370386097,
  "n_nodes": 64,
  "sigma_pyr_deg": 15.0
}