{
  "w_pyr_pyr_inter": 5.893566329246527,
  "w_pv_global": 10.244833036133484,
  "n_nodes": 64,
  "sigma_pyr_deg": 15.0
}