{
  "I0_pv": 0.18722467538669665,
  "I0_pyr": 0.09588570303897853,
  "I0_som": 0.11397277674298863,
  "I0_vip": 0.11648826528847185,
  "I_alpha5_vip": 0.08810934550304872,
  "I_alpha7_pv": 0.1610865051976803,
  "I_alpha7_som": 0.04450691777074164,
  "I_beta2_som": 0.08160394263157676,
  "J_NMDA": 0.599798188214339,
  "J_adapt_pyr": 0.0012655012565536508,
  "J_adapt_som": 0.0,
  "Theta_pv": 0.2878,
  "Theta_pyr": 0.40323,
  "Theta_som": 0.2878,
  "Theta_vip": 0.2878,
  "act_alpha5": 1.0,
  "act_alpha7": 1.0,
  "act_beta2": 1.0,
  "alpha_pv": 615.0,
  "alpha_pyr": 310.0,
  "alpha_som": 615.0,
  "alpha_vip": 615.0,
  "g_alpha7": 0.9080288681791767,
  "g_exc": 0.16,
  "g_gaba_base": 3.6415221774074067,
  "g_inh": 0.087,
  "sigma_noise": 0.3,
  "sigma_s": 0.0,
  "tau_adapt_pyr": 600.0,
  "tau_adapt_som": 76.76299519439964,
  "tau_s": 20.0,
  "trans2_duration_ms": 500.0,
  "trans2_enabled": false,
  "trans2_factor": -0.3,
  "trans2_start_ms": 3000.0,
  "trans_duration_ms": 500.0,
  "trans_enabled": false,
  "trans_factor": 0.2,
  "trans_start_ms": 1000.0,
  "w_ep": 0.04972152301594806,
  "w_es": 0.03623122193510231,
  "w_ev": 0.005722059798164377,
  "w_pe": 0.001560629106734054,
  "w_pp": 0.025494574130233767,
  "w_se": 0.044253448147402445,
  "w_sp": 0.0014391082856214817,
  "w_vp": 0.0014350994773992373,
  "w_vs": 0.04004004135445865
}