{
  "I0_pv": 0.26624944503618364,
  "I0_pyr": 0.4173505447414383,
  "I0_som": 0.3417667302336863,
  "I0_vip": 0.2644829115601528,
  "I_alpha5_vip": 0.03691622940151339,
  "I_alpha7_pv": 0.05610597824183396,
  "I_alpha7_som": 0.02995586225076209,
  "I_beta2_som": 0.0126395734765256,
  "J_NMDA": 0.32012413368734705,
  "J_adapt_pyr": 0.004268517254075073,
  "J_adapt_som": 0.0,
  "Theta_pv": 0.2878,
  "Theta_pyr": 0.40323,
  "Theta_som": 0.2878,
  "Theta_vip": 0.2878,
  "act_alpha5": 1.0,
  "act_alpha7": 1.0,
  "act_beta2": 1.0,
  "alpha_pv": 615.0,
  "alpha_pyr": 310.0,
  "alpha_som": 615.0,
  "alpha_vip": 615.0,
  "g_alpha7": 0.1636880468539465,
  "g_exc": 0.16,
  "g_gaba_base": 1.1001282989996155,
  "g_inh": 0.087,
  "sigma_noise": 0.3,
  "sigma_s": 0.0,
  "tau_adapt_pyr": 600.0,
  "tau_adapt_som": 193.56402599688028,
  "tau_s": 20.0,
  "trans2_duration_ms": 500.0,
  "trans2_enabled": false,
  "trans2_factor": -0.3,
  "trans2_start_ms": 3000.0,
  "trans_duration_ms": 500.0,
  "trans_enabled": false,
  "trans_factor": 0.2,
  "trans_start_ms": 1000.0,
  "w_ep": 0.0014178606052111138,
  "w_es": 0.0024490221100906266,
  "w_ev": 0.0023111023000823737,
  "w_pe": 0.04618302416053621,
  "w_pp": 0.00914392166555416,
  "w_se": 0.0012173453974737814,
  "w_sp": 0.0017523095791914633,
  "w_vp": 0.0028146954902010662,
  "w_vs": 0.002398723483521721
}