{
  "I0_pv": 0.2750597009914351,
  "I0_pyr": 0.4133173492510396,
  "I0_som": 0.18177948396847127,
  "I0_vip": 0.20577854635102905,
  "I_alpha5_vip": 0.021682045223836658,
  "I_alpha7_pv": 0.06830227475878548,
  "I_alpha7_som": 0.0495575557046593,
  "I_beta2_som": 0.022582940561650666,
  "J_NMDA": 0.26652640821622825,
  "J_adapt_pyr": 0.0013917188492140833,
  "J_adapt_som": 0.0,
  "Theta_pv": 0.2878,
  "Theta_pyr": 0.40323,
  "Theta_som": 0.2878,
  "Theta_vip": 0.2878,
  "act_alpha5": 1.0,
  "act_alpha7": 1.0,
  "act_beta2": 1.0,
  "alpha_pv": 615.0,
  "alpha_pyr": 310.0,
  "alpha_som": 615.0,
  "alpha_vip": 615.0,
  "g_alpha7": 1.088341310886714,
  "g_exc": 0.16,
  "g_gaba_base": 4.211230291986668,
  "g_inh": 0.087,
  "sigma_noise": 0.3,
  "sigma_s": 0.0,
  "tau_adapt_pyr": 600.0,
  "tau_adapt_som": 150.0,
  "tau_s": 20.0,
  "trans2_duration_ms": 500.0,
  "trans2_enabled": false,
  "trans2_factor": -0.3,
  "trans2_start_ms": 3000.0,
  "trans_duration_ms": 500.0,
  "trans_enabled": false,
  "trans_factor": 0.2,
  "trans_start_ms": 1000.0,
  "w_ep": 0.007197005673404588,
  "w_es": 0.006009731449306161,
  "w_ev": 0.0062586603839891045,
  "w_pe": 0.0013085643350141476,
  "w_pp": 0.0011961118278986133,
  "w_se": 0.045998059964904046,
  "w_sp": 0.015749006929270216,
  "w_vp": 0.002037594449844379,
  "w_vs": 0.017984948152324716
}