{
  "I0_pv": 0.36429155567803145,
  "I0_pyr": 0.8438993276748981,
  "I0_som": 0.37630062920137936,
  "I0_vip": 0.300848046272388,
  "I_alpha5_vip": 0.022295863544694212,
  "I_alpha7_pv": 0.44110196525572387,
  "I_alpha7_som": 0.02960418842226997,
  "I_beta2_som": 0.04327915357865695,
  "J_NMDA": 0.22764311345397995,
  "J_adapt_pyr": 0.0017009989487306195,
  "J_adapt_som": 0.0,
  "Theta_pv": 0.2878,
  "Theta_pyr": 0.40323,
  "Theta_som": 0.2878,
  "Theta_vip": 0.2878,
  "act_alpha5": 1.0,
  "act_alpha7": 1.0,
  "act_beta2": 1.0,
  "alpha_pv": 615.0,
  "alpha_pyr": 310.0,
  "alpha_som": 615.0,
  "alpha_vip": 615.0,
  "g_alpha7": 1.5563172263050207,
  "g_exc": 0.16,
  "g_gaba_base": 4.142680536639394,
  "g_inh": 0.087,
  "sigma_noise": 0.3,
  "sigma_s": 0.0,
  "tau_adapt_pyr": 600.0,
  "tau_adapt_som": 125.65353128911688,
  "tau_s": 20.0,
  "trans2_duration_ms": 500.0,
  "trans2_enabled": false,
  "trans2_factor": -0.3,
  "trans2_start_ms": 3000.0,
  "trans_duration_ms": 500.0,
  "trans_enabled": false,
  "trans_factor": 0.2,
  "trans_start_ms": 1000.0,
  "w_ep": 0.0019099813954955326,
  "w_es": 0.007203589896778993,
  "w_ev": 0.003296450893019079,
  "w_pe": 0.03143615309425484,
  "w_pp": 0.0012333406025646445,
  "w_se": 0.0014280907051894584,
  "w_sp": 0.003217004957789906,
  "w_vp": 0.0015575647242814035,
  "w_vs": 0.0035630588897126534
}