{
  "I0_pv": 0.31774426774185405,
  "I0_pyr": 0.6275457622385696,
  "I0_som": 0.22180379652392204,
  "I0_vip": 0.20515013465392176,
  "I_alpha5_vip": 0.01772265384243628,
  "I_alpha7_pv": 0.03437964287852298,
  "I_alpha7_som": 0.10261388419952536,
  "I_beta2_som": 0.03149146822204035,
  "J_NMDA": 0.06982663290030314,
  "J_adapt_pyr": 0.0012423111230226219,
  "J_adapt_som": 0.09857353042337244,
  "Theta_pv": 0.2878,
  "Theta_pyr": 0.40323,
  "Theta_som": 0.2878,
  "Theta_vip": 0.2878,
  "act_alpha5": 1.0,
  "act_alpha7": 1.0,
  "act_beta2": 1.0,
  "alpha_pv": 615.0,
  "alpha_pyr": 310.0,
  "alpha_som": 615.0,
  "alpha_vip": 615.0,
  "g_alpha7": 3.318650601346813,
  "g_exc": 0.16,
  "g_gaba_base": 2.1789736788759115,
  "g_inh": 0.087,
  "sigma_noise": 0.3,
  "sigma_s": 0.0,
  "tau_adapt_pyr": 600.0,
  "tau_adapt_som": 150.0,
  "tau_s": 20.0,
  "trans_duration_ms": 500.0,
  "trans_enabled": false,
  "trans_factor": 0.4915662961243104,
  "trans_start_ms": 1000.0,
  "w_ep": 0.06970760406874657,
  "w_es": 0.0015580860440529156,
  "w_ev": 0.0030455315510364055,
  "w_pe": 0.006004375324508381,
  "w_pp": 0.015437956295454847,
  "w_se": 0.054973131450493214,
  "w_sp": 0.00858555618248015,
  "w_vp": 0.009319293826264995,
  "w_vs": 0.009678784576039587
}