{
  "condition": "WT",
  "recommended_amplitude": 30.0,
  "recommended_w_inter": 4.0,
  "success_rate": 1.0,
  "mean_A_hat": 0.42769677839253345,
  "peak_pyr_rate": 18.37615797279067,
  "noise_threshold": 0.044796330100405325,
  "noise_percentile": 95.0,
  "n_trials": 100,
  "n_baseline": 100,
  "amplitudes_swept": [
    5.0,
    10.0,
    15.0,
    20.0,
    25.0,
    30.0
  ],
  "w_inter_values_swept": [
    2.0,
    3.0,
    4,
    5.0,
    6.0
  ]
}