{
  "I0_pv": 0.5170287630954786,
  "I0_pyr": 0.5070712903532266,
  "I0_som": 0.2806853701425749,
  "I0_vip": 0.1188065192661101,
  "I_alpha5_vip": 0.10795036102619032,
  "I_alpha7_pv": 0.1522479719195013,
  "I_alpha7_som": 0.08054760345201058,
  "I_beta2_som": 0.08002338441011941,
  "J_NMDA": 0.6419186953913378,
  "J_adapt_pyr": 0.006116314638677454,
  "J_adapt_som": 0.1654623775208249,
  "Theta_pv": 0.2878,
  "Theta_pyr": 0.40323,
  "Theta_som": 0.2878,
  "Theta_vip": 0.2878,
  "act_alpha5": 1.0,
  "act_alpha7": 1.0,
  "act_beta2": 1.0,
  "alpha_pv": 615.0,
  "alpha_pyr": 310.0,
  "alpha_som": 615.0,
  "alpha_vip": 615.0,
  "g_alpha7": 4.331430156175266,
  "g_exc": 0.16,
  "g_gaba_base": 4.465127840666444,
  "g_inh": 0.087,
  "sigma_noise": 0.1,
  "sigma_s": 0.0,
  "tau_adapt_pyr": 1000.3753364663312,
  "tau_adapt_som": 253.47275657664554,
  "tau_s": 20.0,
  "trans_duration_ms": 500.0,
  "trans_enabled": false,
  "trans_factor": 0.12981654235966514,
  "trans_start_ms": 1000.0,
  "w_ep": 0.0036278296528811926,
  "w_es": 0.0010029827599274722,
  "w_ev": 0.0019059470927727305,
  "w_pe": 0.006770970452954801,
  "w_pp": 0.01627361920977756,
  "w_se": 0.4011992286121933,
  "w_sp": 0.03486368731881788,
  "w_vp": 0.010387644026532738,
  "w_vs": 0.0101974619823706
}