{
  "I0_pv": 0.3014820794259508,
  "I0_pyr": 0.10005403078751957,
  "I0_som": 0.1001718853459504,
  "I0_vip": 0.11579499253554072,
  "I_alpha5_vip": 0.05848223660098455,
  "I_alpha7_pv": 0.009222075357174783,
  "I_alpha7_som": 0.06721834646782396,
  "I_beta2_som": 0.011750766062738394,
  "J_NMDA": 0.4848042722505235,
  "J_adapt_pyr": 0.0010000480166826092,
  "J_adapt_som": 0.0,
  "Theta_pv": 0.2878,
  "Theta_pyr": 0.40323,
  "Theta_som": 0.2878,
  "Theta_vip": 0.2878,
  "act_alpha5": 1.0,
  "act_alpha7": 1.0,
  "act_beta2": 1.0,
  "alpha_pv": 615.0,
  "alpha_pyr": 310.0,
  "alpha_som": 615.0,
  "alpha_vip": 615.0,
  "g_alpha7": 4.9994863746998695,
  "g_exc": 0.16,
  "g_gaba_base": 4.999164086318346,
  "g_inh": 0.087,
  "sigma_noise": 0.3,
  "sigma_s": 0.0,
  "tau_adapt_pyr": 600.0,
  "tau_adapt_som": 246.95054085348937,
  "tau_s": 20.0,
  "trans2_duration_ms": 500.0,
  "trans2_enabled": false,
  "trans2_factor": -0.3,
  "trans2_start_ms": 3000.0,
  "trans_duration_ms": 500.0,
  "trans_enabled": false,
  "trans_factor": 0.6658088469259508,
  "trans_start_ms": 1000.0,
  "w_ep": 0.009315408797520687,
  "w_es": 0.0067936396971342815,
  "w_ev": 0.007838207675773796,
  "w_pe": 0.009999486626985599,
  "w_pp": 0.0012249252920072376,
  "w_se": 0.0,
  "w_sp": 0.0026626641236787724,
  "w_vp": 0.0034388244192597285,
  "w_vs": 0.0010152867610938984
}