{
  "I0_pv": 0.3939933361325714,
  "I0_pyr": 0.42353304592297564,
  "I0_som": 0.3237224678189121,
  "I0_vip": 0.36617649290238263,
  "I_alpha5_vip": 0.11136250883548143,
  "I_alpha7_pv": 0.1577066125136395,
  "I_alpha7_som": 0.18775980100814463,
  "I_beta2_som": 0.04148276819408998,
  "J_NMDA": 0.3281319994790603,
  "J_adapt_pyr": 0.002377249948340747,
  "J_adapt_som": 0.0,
  "Theta_pv": 0.2878,
  "Theta_pyr": 0.40323,
  "Theta_som": 0.2878,
  "Theta_vip": 0.2878,
  "act_alpha5": 1.0,
  "act_alpha7": 1.0,
  "act_beta2": 1.0,
  "alpha_pv": 615.0,
  "alpha_pyr": 310.0,
  "alpha_som": 615.0,
  "alpha_vip": 615.0,
  "g_alpha7": 0.6201929768525226,
  "g_exc": 0.16,
  "g_gaba_base": 1.7213100448140024,
  "g_inh": 0.087,
  "sigma_noise": 0.3,
  "sigma_s": 0.0,
  "tau_adapt_pyr": 600.0,
  "tau_adapt_som": 107.47209796742968,
  "tau_s": 20.0,
  "trans2_duration_ms": 500.0,
  "trans2_enabled": false,
  "trans2_factor": -0.3,
  "trans2_start_ms": 3000.0,
  "trans_duration_ms": 500.0,
  "trans_enabled": false,
  "trans_factor": 0.2,
  "trans_start_ms": 1000.0,
  "w_ep": 0.002458185223747152,
  "w_es": 0.0017653204630541132,
  "w_ev": 0.001557360237974313,
  "w_pe": 0.045895252484794875,
  "w_pp": 0.0035491104532232305,
  "w_se": 0.0030429578067335764,
  "w_sp": 0.001713417698062235,
  "w_vp": 0.001980998981262201,
  "w_vs": 0.0013663858603868936
}