{
  "I0_pv": 0.2884952254929125,
  "I0_pyr": 0.4313036909756653,
  "I0_som": 0.16747183608071725,
  "I0_vip": 0.1601439229115942,
  "I_alpha5_vip": 0.052668444306000005,
  "I_alpha7_pv": 0.026849909355463622,
  "I_alpha7_som": 0.052153535913196616,
  "I_beta2_som": 0.013639826023017892,
  "J_NMDA": 0.23280649502429157,
  "J_adapt_pyr": 0.0013839624651397176,
  "J_adapt_som": 0.0,
  "Theta_pv": 0.2878,
  "Theta_pyr": 0.40323,
  "Theta_som": 0.2878,
  "Theta_vip": 0.2878,
  "act_alpha5": 1.0,
  "act_alpha7": 1.0,
  "act_beta2": 1.0,
  "alpha_pv": 615.0,
  "alpha_pyr": 310.0,
  "alpha_som": 615.0,
  "alpha_vip": 615.0,
  "g_alpha7": 3.1429840661195607,
  "g_exc": 0.16,
  "g_gaba_base": 3.4751238910081232,
  "g_inh": 0.087,
  "sigma_noise": 0.3,
  "sigma_s": 0.0,
  "tau_adapt_pyr": 600.0,
  "tau_adapt_som": 32.31603816272927,
  "tau_s": 20.0,
  "trans2_duration_ms": 500.0,
  "trans2_enabled": false,
  "trans2_factor": -0.3,
  "trans2_start_ms": 3000.0,
  "trans_duration_ms": 500.0,
  "trans_enabled": false,
  "trans_factor": 0.2,
  "trans_start_ms": 1000.0,
  "w_ep": 0.008538175913613251,
  "w_es": 0.007472503070816185,
  "w_ev": 0.007551702739325166,
  "w_pe": 0.0010145464178945515,
  "w_pp": 0.0012079881824480611,
  "w_se": 0.04347235022207587,
  "w_sp": 0.011123268350538113,
  "w_vp": 0.0019797639867442296,
  "w_vs": 0.016556108811775758
}