{
  "w_pyr_pyr_inter": 1.2025947981618905,
  "w_pv_global": 0.5210224050420541,
  "n_nodes": 64,
  "sigma_pyr_deg": 12.299529659203886
}