{
  "w_pyr_pyr_inter": 1.2475332715812066,
  "w_pv_global": 1.7039193137080615,
  "n_nodes": 64,
  "sigma_pyr_deg": 15.378576141513623
}