{
  "w_pyr_pyr_inter": 1.2214756172454204,
  "w_pv_global": 0.904694773542575,
  "n_nodes": 64,
  "sigma_pyr_deg": 10.755907369367634
}