{
  "_fit_metadata": {
    "loss": 7.5e-05,
    "comparison": {
      "base": {
        "PYR": {
          "actual": 12.2835,
          "target": 12.466,
          "error_pct": -1.46
        },
        "SOM": {
          "actual": 4.7904,
          "target": 4.814,
          "error_pct": -0.49
        },
        "PV": {
          "actual": 4.2347,
          "target": 4.241,
          "error_pct": -0.15
        },
        "VIP": {
          "actual": 5.5083,
          "target": 5.551,
          "error_pct": -0.77
        }
      },
      "alpha7_ko": {
        "PYR": {
          "actual": 37.8262,
          "target": null,
          "error_pct": null,
          "in_loss": false
        }
      },
      "alpha5_ko": {
        "PYR": {
          "actual": 35.5826,
          "target": null,
          "error_pct": null,
          "in_loss": false
        }
      },
      "beta2_ko": {
        "PYR": {
          "actual": 36.0387,
          "target": null,
          "error_pct": null,
          "in_loss": false
        }
      }
    },
    "jacobian": {
      "_note": "J[row,col] = dr_row/dr_col: effect of col population on row population",
      "PYR": {
        "PYR": 1.080562,
        "SOM": -2.155141,
        "PV": -2.970392,
        "VIP": 0.0
      },
      "SOM": {
        "PYR": 3.395667,
        "SOM": 0.0,
        "PV": 0.0,
        "VIP": -8.629872
      },
      "PV": {
        "PYR": 139.394493,
        "SOM": -2.101932,
        "PV": -403.841423,
        "VIP": -3.386195
      },
      "VIP": {
        "PYR": 0.148446,
        "SOM": 0.0,
        "PV": 0.0,
        "VIP": 0.0
      }
    },
    "ring_params": {
      "w_pyr_pyr_inter": 1.221476,
      "w_pv_global": 0.904695,
      "sigma_pyr_deg": 10.755907,
      "n_nodes": 64
    }
  },
  "A_pv": 30.62750291714319,
  "A_pyr": 6.702586984178713,
  "A_som": 2.6703400664801427,
  "A_vip": 7.354223882678406,
  "I0_pv": 11.1499195870887,
  "I0_pyr": 9.236477177417498,
  "I0_som": 4.434838607018705,
  "I0_vip": 8.159024624888316,
  "I_alpha5_vip": 1.8634610171254895,
  "I_alpha7_pv": 8.229585326511197,
  "I_alpha7_som": 3.751360872713172,
  "I_beta2_som": 5.995147867939305,
  "J_adapt_pyr": 0.19526479210430597,
  "Theta_pv": 7.0,
  "Theta_pyr": 7.0,
  "Theta_som": 7.0,
  "Theta_vip": 7.0,
  "act_alpha5": 1.0,
  "act_alpha7": 1.0,
  "act_beta2": 1.0,
  "alpha_pv": 2.6,
  "alpha_pyr": 1.9,
  "alpha_som": 1.5,
  "alpha_vip": 1.2,
  "g": 1.0,
  "g_alpha7": 1.279197943418734,
  "g_gaba_base": 1.376682991306965,
  "sigma_s": 9.548286850379348,
  "tau_adapt_pyr": 600.0,
  "tau_s": 20.0,
  "trans_duration_ms": 500.0,
  "trans_enabled": false,
  "trans_factor": 0.11295973261693106,
  "trans_start_ms": 1000.0,
  "w_ee": 12.24089098488785,
  "w_ep": 56.24345665738193,
  "w_es": 2.341396538406214,
  "w_ev": 0.12607231490989165,
  "w_pe": 1.6103958814971011,
  "w_pp": 61.35198926923655,
  "w_se": 0.4809830591356932,
  "w_sp": 0.3193275380850209,
  "w_vp": 1.366275890519914,
  "w_vs": 5.950510215107559
}