{
  "w_pyr_pyr_inter": 2.0113376727640335,
  "w_pv_global": 1.9515180089360085,
  "n_nodes": 64,
  "sigma_pyr_deg": 28.741932854112612
}