phenotype,category,ko_count,run_idx,PYR,SOM,PV,VIP,NDNF
WT,WT,0,0,0.889079,1.51222,1.74443,3.18655,2.75258
WT,WT,0,1,0.87223,1.52161,1.74944,3.22581,2.74868
WT,WT,0,2,0.961447,1.53086,1.75678,3.30697,2.74657
WT,WT,0,3,0.932114,1.53077,1.75831,3.24521,2.74915
WT,WT,0,4,0.936206,1.53039,1.75704,3.27424,2.76448
WT,WT,0,5,0.880701,1.51731,1.74362,3.23623,2.73896
WT,WT,0,6,0.859617,1.50869,1.74162,3.21314,2.7474
WT,WT,0,7,0.957932,1.57843,1.78593,3.39933,2.78234
WT,WT,0,8,0.875006,1.50835,1.74121,3.21275,2.74262
WT,WT,0,9,0.916946,1.54835,1.76606,3.27774,2.75967
WT,WT,0,10,0.832974,1.49917,1.72725,3.11949,2.72956
WT,WT,0,11,0.964946,1.54338,1.76643,3.32432,2.75559
WT,WT,0,12,0.903028,1.50503,1.73768,3.2012,2.73683
WT,WT,0,13,0.942886,1.55656,1.77609,3.33066,2.78285
WT,WT,0,14,0.834161,1.49905,1.73335,3.15666,2.72896
WT,WT,0,15,0.906021,1.503,1.74206,3.22509,2.74228
WT,WT,0,16,0.902609,1.52636,1.7502,3.25021,2.75502
WT,WT,0,17,0.855491,1.49074,1.73349,3.14498,2.74144
WT,WT,0,18,0.942437,1.55192,1.77262,3.33416,2.77797
WT,WT,0,19,0.969458,1.5605,1.77669,3.3588,2.77163
WT,WT,0,20,0.902819,1.51799,1.74939,3.24883,2.7518
WT,WT,0,21,0.887287,1.51351,1.74646,3.21456,2.74558
WT,WT,0,22,0.83401,1.47858,1.72249,3.11568,2.7414
WT,WT,0,23,0.901064,1.51933,1.75229,3.22108,2.75008
WT,WT,0,24,0.902477,1.52423,1.74831,3.2715,2.74981
WT,WT,0,25,0.925863,1.50513,1.75026,3.22843,2.75563
WT,WT,0,26,0.940404,1.54299,1.75941,3.29845,2.75531
WT,WT,0,27,0.902237,1.51769,1.7513,3.24261,2.75377
WT,WT,0,28,0.938291,1.55831,1.7713,3.32661,2.77246
WT,WT,0,29,0.857034,1.48501,1.72999,3.14851,2.73497
WT,WT,0,30,0.906276,1.49421,1.73465,3.19365,2.73857
WT,WT,0,31,0.852981,1.48172,1.72423,3.14319,2.73092
WT,WT,0,32,0.942449,1.56331,1.77169,3.35981,2.77975
WT,WT,0,33,0.911278,1.52353,1.75976,3.24952,2.76851
WT,WT,0,34,0.873415,1.51531,1.743,3.18726,2.74748
WT,WT,0,35,0.829259,1.47201,1.72332,3.10327,2.74422
WT,WT,0,36,0.918091,1.53204,1.76262,3.28275,2.76519
WT,WT,0,37,0.878525,1.49843,1.74134,3.17161,2.75461
WT,WT,0,38,0.943067,1.52797,1.76059,3.27374,2.75721
WT,WT,0,39,0.902228,1.55593,1.77316,3.30844,2.77918
WT,WT,0,40,0.865933,1.47151,1.72975,3.12422,2.73709
WT,WT,0,41,0.90313,1.54501,1.76166,3.26802,2.76507
WT,WT,0,42,0.883124,1.55113,1.75989,3.26273,2.77228
WT,WT,0,43,0.991195,1.54417,1.76708,3.34511,2.75624
WT,WT,0,44,0.866161,1.48948,1.73062,3.1962,2.73483
WT,WT,0,45,0.912252,1.5158,1.75151,3.24626,2.75818
WT,WT,0,46,0.843057,1.47234,1.72355,3.13622,2.73304
WT,WT,0,47,0.988597,1.57219,1.78547,3.38759,2.78184
WT,WT,0,48,0.961037,1.53708,1.75942,3.30788,2.73765
WT,WT,0,49,0.954535,1.56011,1.77138,3.35895,2.75829
PV α7,target,1,0,0.926956,1.49801,1.22244,3.05271,3.03316
PV α7,target,1,1,0.926261,1.49801,1.22426,3.02169,3.0343
PV α7,target,1,2,1.04917,1.56835,1.25723,3.21481,3.06479
PV α7,target,1,3,1.09426,1.59676,1.28107,3.30583,3.08894
PV α7,target,1,4,0.995158,1.54214,1.25082,3.16863,3.05299
PV α7,target,1,5,0.979814,1.53834,1.2436,3.13488,3.06795
PV α7,target,1,6,1.05012,1.5603,1.25885,3.2056,3.06726
PV α7,target,1,7,1.02109,1.56427,1.25292,3.1863,3.07504
PV α7,target,1,8,1.07175,1.56701,1.26669,3.23557,3.06953
PV α7,target,1,9,1.10279,1.58286,1.27339,3.25685,3.07476
PV α7,target,1,10,1.03098,1.53146,1.24848,3.18726,3.04147
PV α7,target,1,11,1.05435,1.58363,1.26736,3.24238,3.0696
PV α7,target,1,12,0.994976,1.54876,1.24467,3.18299,3.05515
PV α7,target,1,13,0.974268,1.49765,1.2284,3.09239,3.04089
PV α7,target,1,14,0.991364,1.52666,1.24219,3.13764,3.05749
PV α7,target,1,15,1.06616,1.55698,1.26264,3.23853,3.06728
PV α7,target,1,16,0.972904,1.51426,1.23477,3.12603,3.04877
PV α7,target,1,17,1.0019,1.53621,1.24246,3.1689,3.04873
PV α7,target,1,18,1.02281,1.53525,1.25239,3.17159,3.05327
PV α7,target,1,19,0.982281,1.55443,1.2448,3.15573,3.07048
PV α7,target,1,20,1.05544,1.58279,1.26686,3.24162,3.06518
PV α7,target,1,21,1.01037,1.56689,1.25548,3.19686,3.07951
PV α7,target,1,22,1.03731,1.5571,1.25311,3.18375,3.05235
PV α7,target,1,23,1.03771,1.56217,1.25337,3.19303,3.06403
PV α7,target,1,24,1.02747,1.5836,1.25772,3.2357,3.07764
PV α7,target,1,25,1.05285,1.5778,1.26424,3.23675,3.06775
PV α7,target,1,26,0.937327,1.49684,1.22901,3.03133,3.03752
PV α7,target,1,27,1.0334,1.55425,1.25924,3.20064,3.06328
PV α7,target,1,28,1.03651,1.58692,1.26443,3.23641,3.09565
PV α7,target,1,29,1.03543,1.54384,1.25555,3.16779,3.05161
PV α7,target,1,30,1.01697,1.54194,1.24613,3.19833,3.04859
PV α7,target,1,31,0.948426,1.50657,1.22867,3.06056,3.04544
PV α7,target,1,32,0.902924,1.50696,1.22166,3.02182,3.05361
PV α7,target,1,33,1.00172,1.54942,1.25813,3.16854,3.06455
PV α7,target,1,34,1.02069,1.55521,1.25665,3.18927,3.06267
PV α7,target,1,35,0.97252,1.53365,1.2376,3.14716,3.05803
PV α7,target,1,36,0.98374,1.55829,1.24352,3.14458,3.06631
PV α7,target,1,37,0.939887,1.48214,1.22075,3.04022,3.0243
PV α7,target,1,38,1.01494,1.51401,1.24175,3.11758,3.05476
PV α7,target,1,39,0.998391,1.56502,1.25073,3.1997,3.06905
PV α7,target,1,40,1.03004,1.54635,1.25664,3.18277,3.06659
PV α7,target,1,41,0.979315,1.53692,1.24247,3.09061,3.04265
PV α7,target,1,42,0.973599,1.50971,1.23331,3.10538,3.03748
PV α7,target,1,43,1.06989,1.59339,1.26817,3.28643,3.06371
PV α7,target,1,44,1.01632,1.53665,1.24556,3.17652,3.05047
PV α7,target,1,45,1.06688,1.59764,1.28003,3.30543,3.08687
PV α7,target,1,46,1.00117,1.53688,1.24703,3.14237,3.05791
PV α7,target,1,47,1.08162,1.56858,1.27008,3.27271,3.07002
PV α7,target,1,48,1.08264,1.60081,1.27765,3.30777,3.08378
PV α7,target,1,49,0.999273,1.51888,1.23814,3.12781,3.03555
SOM α7,prediction,1,0,0.848246,0.00258708,1.46703,0.0001128,9.17834
SOM α7,prediction,1,1,0.878718,0.0025919,1.47334,0.00139816,9.0412
SOM α7,prediction,1,2,0.837669,0.00255656,1.4594,0.000122272,9.11616
SOM α7,prediction,1,3,0.922746,0.00266491,1.49121,0.000106863,9.27958
SOM α7,prediction,1,4,1.00764,0.00265506,1.52698,0.00159335,9.04261
SOM α7,prediction,1,5,0.891857,0.00259342,1.47631,0.000185028,9.04408
SOM α7,prediction,1,6,0.880623,0.00262698,1.47546,3.5334e-05,9.26912
SOM α7,prediction,1,7,0.905537,0.00253749,1.5017,0.00030672,8.84169
SOM α7,prediction,1,8,0.885597,0.0025928,1.47173,0.000346822,9.00516
SOM α7,prediction,1,9,0.839061,0.00249925,1.47536,0.000292044,8.78677
SOM α7,prediction,1,10,0.835618,0.00254252,1.46089,0.000121738,9.0698
SOM α7,prediction,1,11,0.911173,0.00260175,1.5036,0.000104497,9.05686
SOM α7,prediction,1,12,0.925705,0.00262533,1.48657,0.000145186,9.15162
SOM α7,prediction,1,13,0.89818,0.00259532,1.49965,0.000308931,9.06155
SOM α7,prediction,1,14,0.877425,0.00263776,1.4588,9.49909e-05,9.33927
SOM α7,prediction,1,15,0.940529,0.00261217,1.50464,0.00415893,8.92937
SOM α7,prediction,1,16,0.90245,0.00257629,1.49066,0.000165496,8.99351
SOM α7,prediction,1,17,1.00431,0.00265259,1.52383,0.000408908,9.00575
SOM α7,prediction,1,18,0.982154,0.0026076,1.52447,0.000308692,8.87754
SOM α7,prediction,1,19,0.89215,0.00259944,1.48624,5.76999e-05,9.16595
SOM α7,prediction,1,20,0.882122,0.00257047,1.48495,0.000152167,9.00812
SOM α7,prediction,1,21,0.811026,0.00255265,1.44618,0.00021195,9.12464
SOM α7,prediction,1,22,0.890146,0.00253691,1.48291,0.000327912,8.84161
SOM α7,prediction,1,23,0.857509,0.00260426,1.46098,3.86431e-05,9.24878
SOM α7,prediction,1,24,0.850174,0.00250861,1.47881,0.00199913,8.7414
SOM α7,prediction,1,25,0.838334,0.00260575,1.45641,9.03022e-05,9.27017
SOM α7,prediction,1,26,0.919136,0.00260641,1.50095,0.0003424,9.09837
SOM α7,prediction,1,27,0.895964,0.00263984,1.4768,7.49271e-05,9.24727
SOM α7,prediction,1,28,0.913732,0.00257509,1.50831,0.000340489,8.98489
SOM α7,prediction,1,29,0.912614,0.00260528,1.48847,0.000312401,9.0402
SOM α7,prediction,1,30,0.94285,0.00262484,1.50547,0.000424764,9.0384
SOM α7,prediction,1,31,0.900998,0.00262955,1.48352,4.89436e-05,9.26913
SOM α7,prediction,1,32,0.908263,0.00268535,1.47343,8.02201e-05,9.40241
SOM α7,prediction,1,33,0.888092,0.00262773,1.47114,0.000170565,9.2474
SOM α7,prediction,1,34,0.834492,0.00250348,1.46302,0.000144176,8.86966
SOM α7,prediction,1,35,0.912201,0.00260161,1.49517,0.000269689,9.06621
SOM α7,prediction,1,36,0.962574,0.00268356,1.50907,0.00308012,9.21057
SOM α7,prediction,1,37,0.953861,0.00265983,1.50545,0.00104354,9.12921
SOM α7,prediction,1,38,0.949012,0.00267566,1.51294,0.000233161,9.2225
SOM α7,prediction,1,39,0.8883,0.0025268,1.49146,0.000342417,8.81897
SOM α7,prediction,1,40,0.982959,0.00268788,1.51068,0.000280682,9.21897
SOM α7,prediction,1,41,0.81871,0.00248409,1.46081,0.00368942,8.77899
SOM α7,prediction,1,42,0.886749,0.00258449,1.48197,0.00179471,9.03133
SOM α7,prediction,1,43,0.889241,0.00261907,1.48806,0.000139141,9.23873
SOM α7,prediction,1,44,0.841235,0.00255374,1.45991,0.000258214,9.08546
SOM α7,prediction,1,45,0.860551,0.00256472,1.45969,0.000285122,9.01394
SOM α7,prediction,1,46,0.842128,0.00251701,1.47643,8.50417e-05,8.94999
SOM α7,prediction,1,47,0.93305,0.00261716,1.48905,0.000250922,8.98089
SOM α7,prediction,1,48,0.907964,0.00261136,1.49248,0.000105043,9.17045
SOM α7,prediction,1,49,0.909413,0.00261004,1.48431,0.000127267,9.134
SOM β2,prediction,1,0,0.8078,0.214012,1.43262,0.0025317,7.38151
SOM β2,prediction,1,1,0.805012,0.227801,1.43682,0.000239865,7.9181
SOM β2,prediction,1,2,0.820661,0.226728,1.44169,0.000778424,7.70972
SOM β2,prediction,1,3,0.829061,0.22856,1.44917,0.000415911,7.73428
SOM β2,prediction,1,4,0.811363,0.229206,1.42796,0.000303463,7.94518
SOM β2,prediction,1,5,0.836243,0.236579,1.4373,0.00171896,7.93235
SOM β2,prediction,1,6,0.864159,0.230264,1.46176,0.000854227,7.60013
SOM β2,prediction,1,7,0.863985,0.239267,1.45693,0.000451024,7.91771
SOM β2,prediction,1,8,0.815705,0.226857,1.43834,0.000412687,7.82885
SOM β2,prediction,1,9,0.82465,0.229322,1.43534,0.000993962,7.782
SOM β2,prediction,1,10,0.833295,0.230139,1.44458,0.000212342,7.81802
SOM β2,prediction,1,11,0.8529,0.228194,1.45138,0.00123994,7.64826
SOM β2,prediction,1,12,0.816281,0.235197,1.42416,0.000345936,7.93979
SOM β2,prediction,1,13,0.851589,0.234481,1.45282,0.000385518,7.83173
SOM β2,prediction,1,14,0.952133,0.252036,1.49563,0.00103421,7.77608
SOM β2,prediction,1,15,0.768166,0.223414,1.40978,0.000227823,7.95818
SOM β2,prediction,1,16,0.782857,0.222769,1.42909,0.00020288,7.89041
SOM β2,prediction,1,17,0.853741,0.2317,1.44686,0.00107029,7.7816
SOM β2,prediction,1,18,0.79319,0.216003,1.42329,0.00209246,7.55863
SOM β2,prediction,1,19,0.885481,0.245357,1.4629,0.000412268,7.93791
SOM β2,prediction,1,20,0.82225,0.2277,1.43489,0.00126003,7.79323
SOM β2,prediction,1,21,0.795773,0.219911,1.42364,0.00130972,7.65761
SOM β2,prediction,1,22,0.78898,0.212872,1.42893,0.00305604,7.50145
SOM β2,prediction,1,23,0.803226,0.22556,1.42579,0.000473206,7.87945
SOM β2,prediction,1,24,0.821931,0.224782,1.44168,0.000315566,7.70936
SOM β2,prediction,1,25,0.825308,0.233426,1.4377,0.000177788,8.00436
SOM β2,prediction,1,26,0.923475,0.246561,1.48675,0.000288222,7.8414
SOM β2,prediction,1,27,0.863704,0.234845,1.45702,0.00030194,7.78185
SOM β2,prediction,1,28,0.786324,0.220654,1.4157,0.00142586,7.65573
SOM β2,prediction,1,29,0.819219,0.227562,1.44239,0.00174418,7.74066
SOM β2,prediction,1,30,0.859373,0.23056,1.46071,0.00180693,7.68393
SOM β2,prediction,1,31,0.783139,0.216992,1.42329,0.000287422,7.74297
SOM β2,prediction,1,32,0.82269,0.231096,1.43418,0.000597918,7.89839
SOM β2,prediction,1,33,0.845982,0.234711,1.45632,0.000489953,7.79914
SOM β2,prediction,1,34,0.858536,0.243671,1.44692,0.00123532,8.03361
SOM β2,prediction,1,35,0.775559,0.21245,1.42541,0.000956103,7.52696
SOM β2,prediction,1,36,0.784908,0.217825,1.42026,0.000366798,7.69169
SOM β2,prediction,1,37,0.812843,0.227081,1.43462,0.000594408,7.78388
SOM β2,prediction,1,38,0.847348,0.235447,1.45136,0.000662235,7.87433
SOM β2,prediction,1,39,0.877536,0.233581,1.47378,0.00150453,7.62345
SOM β2,prediction,1,40,0.85776,0.236698,1.45982,0.000289758,7.88184
SOM β2,prediction,1,41,0.841861,0.231162,1.45072,0.000337757,7.7715
SOM β2,prediction,1,42,0.83873,0.230651,1.45045,0.00544689,7.80809
SOM β2,prediction,1,43,0.912259,0.247062,1.48828,0.000666385,7.83188
SOM β2,prediction,1,44,0.806518,0.216971,1.42694,0.000335853,7.60502
SOM β2,prediction,1,45,0.839424,0.22989,1.45116,0.00106664,7.75542
SOM β2,prediction,1,46,0.872934,0.238916,1.46462,0.000672526,7.88257
SOM β2,prediction,1,47,0.811027,0.224943,1.42471,0.00046575,7.7959
SOM β2,prediction,1,48,0.860334,0.232854,1.45621,0.00117079,7.70409
SOM β2,prediction,1,49,0.821698,0.213878,1.44497,0.00224923,7.35127
VIP α5,target,1,0,0.674379,2.39688,2.06135,0.813685,1.19651
VIP α5,target,1,1,0.637343,2.31232,2.02459,0.718897,1.21984
VIP α5,target,1,2,0.650302,2.33462,2.03398,0.735041,1.22744
VIP α5,target,1,3,0.690029,2.41317,2.07093,0.800161,1.21917
VIP α5,target,1,4,0.625778,2.30572,2.024,0.697368,1.22091
VIP α5,target,1,5,0.690602,2.40613,2.06181,0.810902,1.21042
VIP α5,target,1,6,0.657239,2.37888,2.05152,0.772193,1.20549
VIP α5,target,1,7,0.650578,2.34698,2.03603,0.737513,1.21826
VIP α5,target,1,8,0.646001,2.38185,2.04636,0.782968,1.18957
VIP α5,target,1,9,0.664691,2.34794,2.03866,0.74948,1.22773
VIP α5,target,1,10,0.645121,2.31269,2.02986,0.701371,1.24031
VIP α5,target,1,11,0.699276,2.43157,2.07602,0.819116,1.21479
VIP α5,target,1,12,0.692794,2.35209,2.0388,0.728775,1.2394
VIP α5,target,1,13,0.667964,2.35924,2.04446,0.766145,1.21336
VIP α5,target,1,14,0.658312,2.3734,2.0473,0.745885,1.21445
VIP α5,target,1,15,0.700714,2.40514,2.06377,0.808616,1.21096
VIP α5,target,1,16,0.725023,2.39533,2.06553,0.794537,1.23454
VIP α5,target,1,17,0.611027,2.31638,2.02482,0.725192,1.20013
VIP α5,target,1,18,0.709459,2.38219,2.05452,0.77073,1.23861
VIP α5,target,1,19,0.628934,2.32013,2.02404,0.707977,1.21662
VIP α5,target,1,20,0.630403,2.28757,2.02129,0.671528,1.24565
VIP α5,target,1,21,0.640819,2.3091,2.02516,0.690599,1.23962
VIP α5,target,1,22,0.709095,2.4695,2.09582,0.877379,1.19135
VIP α5,target,1,23,0.689128,2.35368,2.04203,0.726161,1.24766
VIP α5,target,1,24,0.642086,2.33269,2.03534,0.729613,1.20678
VIP α5,target,1,25,0.703982,2.4339,2.07625,0.843436,1.19154
VIP α5,target,1,26,0.703293,2.31632,2.02948,0.694555,1.27926
VIP α5,target,1,27,0.637268,2.32536,2.02744,0.722389,1.21445
VIP α5,target,1,28,0.664658,2.33494,2.03896,0.716323,1.24418
VIP α5,target,1,29,0.622719,2.28612,2.02019,0.689943,1.23359
VIP α5,target,1,30,0.645723,2.34537,2.03828,0.75712,1.20728
VIP α5,target,1,31,0.687506,2.34133,2.03496,0.736407,1.24132
VIP α5,target,1,32,0.633044,2.31736,2.02738,0.703123,1.22915
VIP α5,target,1,33,0.655615,2.36929,2.04827,0.780062,1.19186
VIP α5,target,1,34,0.683719,2.36594,2.04849,0.762282,1.22433
VIP α5,target,1,35,0.667315,2.39504,2.05606,0.781959,1.20299
VIP α5,target,1,36,0.723387,2.42628,2.06998,0.806852,1.23306
VIP α5,target,1,37,0.641483,2.30568,2.02498,0.72036,1.23077
VIP α5,target,1,38,0.693083,2.37511,2.04828,0.755784,1.23202
VIP α5,target,1,39,0.668608,2.40758,2.07085,0.827822,1.18537
VIP α5,target,1,40,0.637762,2.31552,2.02625,0.708787,1.22496
VIP α5,target,1,41,0.697433,2.37887,2.04756,0.807227,1.2143
VIP α5,target,1,42,0.647152,2.3559,2.04662,0.74014,1.21831
VIP α5,target,1,43,0.641756,2.29502,2.0093,0.705479,1.21641
VIP α5,target,1,44,0.668889,2.38832,2.05355,0.796716,1.19845
VIP α5,target,1,45,0.641757,2.35563,2.04021,0.741919,1.21753
VIP α5,target,1,46,0.694335,2.33546,2.03183,0.734066,1.24429
VIP α5,target,1,47,0.674277,2.31774,2.02932,0.720309,1.24651
VIP α5,target,1,48,0.660179,2.32135,2.02552,0.740666,1.21653
VIP α5,target,1,49,0.671011,2.37047,2.04995,0.794624,1.20415
NDNF α7,target,1,0,1.20614,1.29989,1.87171,4.12153,2.79691
NDNF α7,target,1,1,1.20324,1.28264,1.86157,4.0914,2.78164
NDNF α7,target,1,2,1.13236,1.23942,1.83047,3.97582,2.7588
NDNF α7,target,1,3,1.25067,1.30015,1.87217,4.13306,2.78827
NDNF α7,target,1,4,1.25652,1.32627,1.89313,4.19264,2.81748
NDNF α7,target,1,5,1.20592,1.31342,1.87977,4.11542,2.80407
NDNF α7,target,1,6,1.16674,1.28574,1.86408,4.0585,2.80084
NDNF α7,target,1,7,1.2922,1.32247,1.89236,4.23629,2.80275
NDNF α7,target,1,8,1.2177,1.29333,1.87156,4.13598,2.79344
NDNF α7,target,1,9,1.20952,1.30765,1.87354,4.13043,2.79747
NDNF α7,target,1,10,1.31104,1.31127,1.88734,4.22302,2.76907
NDNF α7,target,1,11,1.04509,1.21768,1.81101,3.86584,2.75645
NDNF α7,target,1,12,1.18491,1.2729,1.85074,4.07087,2.76283
NDNF α7,target,1,13,1.21061,1.30237,1.87445,4.13601,2.80443
NDNF α7,target,1,14,1.21195,1.28929,1.86641,4.10468,2.78782
NDNF α7,target,1,15,1.25028,1.32771,1.88401,4.16965,2.80473
NDNF α7,target,1,16,1.22147,1.30791,1.87734,4.14505,2.78449
NDNF α7,target,1,17,1.21062,1.29133,1.86865,4.1062,2.78066
NDNF α7,target,1,18,1.1978,1.26994,1.85244,4.08944,2.76469
NDNF α7,target,1,19,1.17699,1.28517,1.86126,4.05765,2.78948
NDNF α7,target,1,20,1.17595,1.2851,1.86459,4.06267,2.79089
NDNF α7,target,1,21,1.27722,1.3311,1.89651,4.20172,2.81313
NDNF α7,target,1,22,1.2156,1.30705,1.87443,4.12975,2.80905
NDNF α7,target,1,23,1.20995,1.28646,1.85728,4.12997,2.77046
NDNF α7,target,1,24,1.24587,1.31606,1.88101,4.16267,2.79859
NDNF α7,target,1,25,1.23311,1.30569,1.87858,4.16045,2.79997
NDNF α7,target,1,26,1.26419,1.31867,1.88638,4.17489,2.79552
NDNF α7,target,1,27,1.29792,1.37475,1.92049,4.27087,2.84964
NDNF α7,target,1,28,1.19927,1.28629,1.85785,4.08023,2.78379
NDNF α7,target,1,29,1.32106,1.33667,1.89991,4.2447,2.8059
NDNF α7,target,1,30,1.14705,1.26624,1.84378,4.02029,2.76298
NDNF α7,target,1,31,1.18229,1.27311,1.85157,4.08367,2.77997
NDNF α7,target,1,32,1.21003,1.28009,1.8639,4.09076,2.7745
NDNF α7,target,1,33,1.2449,1.30612,1.88101,4.13975,2.79882
NDNF α7,target,1,34,1.26115,1.31407,1.88589,4.16603,2.7953
NDNF α7,target,1,35,1.20825,1.27846,1.86159,4.09517,2.78034
NDNF α7,target,1,36,1.21805,1.29209,1.87013,4.13487,2.78861
NDNF α7,target,1,37,1.2244,1.30194,1.86812,4.13362,2.78382
NDNF α7,target,1,38,1.19146,1.26308,1.85403,4.06125,2.75829
NDNF α7,target,1,39,1.22848,1.30011,1.87074,4.1423,2.79022
NDNF α7,target,1,40,1.30254,1.34079,1.89959,4.24187,2.81028
NDNF α7,target,1,41,1.14136,1.24999,1.83754,3.99342,2.74796
NDNF α7,target,1,42,1.14638,1.23825,1.82916,3.98558,2.75167
NDNF α7,target,1,43,1.33142,1.37159,1.92747,4.30453,2.85807
NDNF α7,target,1,44,1.16912,1.26291,1.84953,4.02209,2.76641
NDNF α7,target,1,45,1.23387,1.30098,1.87322,4.12604,2.79369
NDNF α7,target,1,46,1.2283,1.30787,1.87571,4.11583,2.79272
NDNF α7,target,1,47,1.2498,1.31774,1.88232,4.166,2.80101
NDNF α7,target,1,48,1.25946,1.3213,1.88542,4.18409,2.80612
NDNF α7,target,1,49,1.26225,1.31975,1.88851,4.18725,2.80793
NDNF β2,prediction,1,0,1.15485,1.22885,1.74162,4.27588,2.46645
NDNF β2,prediction,1,1,1.23291,1.26854,1.7706,4.42139,2.49676
NDNF β2,prediction,1,2,1.2091,1.27644,1.77011,4.37961,2.48585
NDNF β2,prediction,1,3,1.17614,1.25433,1.75549,4.34078,2.47878
NDNF β2,prediction,1,4,1.23066,1.26572,1.75987,4.3898,2.48167
NDNF β2,prediction,1,5,1.18761,1.26223,1.76358,4.33212,2.49919
NDNF β2,prediction,1,6,1.27516,1.30177,1.78666,4.51982,2.50959
NDNF β2,prediction,1,7,1.20515,1.26009,1.75841,4.35025,2.48356
NDNF β2,prediction,1,8,1.13336,1.22509,1.73201,4.26592,2.45895
NDNF β2,prediction,1,9,1.1709,1.24695,1.75506,4.3451,2.48133
NDNF β2,prediction,1,10,1.17675,1.26526,1.7627,4.34436,2.5016
NDNF β2,prediction,1,11,1.10068,1.22123,1.72987,4.21346,2.48503
NDNF β2,prediction,1,12,1.10515,1.2101,1.72862,4.18913,2.46918
NDNF β2,prediction,1,13,1.23528,1.29375,1.77892,4.45773,2.52154
NDNF β2,prediction,1,14,1.17772,1.23617,1.74055,4.32227,2.46928
NDNF β2,prediction,1,15,1.1569,1.24951,1.75213,4.29493,2.48562
NDNF β2,prediction,1,16,1.20958,1.284,1.77882,4.40378,2.52747
NDNF β2,prediction,1,17,1.20673,1.27463,1.7665,4.42114,2.50246
NDNF β2,prediction,1,18,1.21838,1.28511,1.77189,4.43439,2.50119
NDNF β2,prediction,1,19,1.18116,1.25872,1.75764,4.34485,2.48763
NDNF β2,prediction,1,20,1.24761,1.29861,1.78434,4.45534,2.50836
NDNF β2,prediction,1,21,1.09202,1.21225,1.73347,4.23865,2.4862
NDNF β2,prediction,1,22,1.22416,1.28465,1.77237,4.42321,2.50038
NDNF β2,prediction,1,23,1.14134,1.21486,1.72876,4.2476,2.45055
NDNF β2,prediction,1,24,1.14374,1.20935,1.72715,4.25033,2.44286
NDNF β2,prediction,1,25,1.29423,1.30758,1.78978,4.49875,2.48754
NDNF β2,prediction,1,26,1.23306,1.27568,1.77167,4.44584,2.4946
NDNF β2,prediction,1,27,1.13967,1.23193,1.74125,4.28541,2.48245
NDNF β2,prediction,1,28,1.14408,1.24569,1.74535,4.25421,2.47596
NDNF β2,prediction,1,29,1.2156,1.28994,1.77946,4.42983,2.51377
NDNF β2,prediction,1,30,1.23921,1.27875,1.77783,4.41182,2.50227
NDNF β2,prediction,1,31,1.25141,1.28763,1.77717,4.45125,2.52178
NDNF β2,prediction,1,32,1.20706,1.28094,1.77216,4.42691,2.50124
NDNF β2,prediction,1,33,1.18957,1.27056,1.76801,4.32983,2.49563
NDNF β2,prediction,1,34,1.13314,1.21431,1.7308,4.27652,2.46284
NDNF β2,prediction,1,35,1.11182,1.22329,1.73273,4.24691,2.4711
NDNF β2,prediction,1,36,1.14863,1.24064,1.74828,4.30246,2.49702
NDNF β2,prediction,1,37,1.21668,1.25147,1.75343,4.3663,2.48123
NDNF β2,prediction,1,38,1.17904,1.23999,1.74356,4.31902,2.46228
NDNF β2,prediction,1,39,1.14312,1.23033,1.73873,4.27345,2.45598
NDNF β2,prediction,1,40,1.15457,1.23889,1.73987,4.29225,2.46483
NDNF β2,prediction,1,41,1.15599,1.22523,1.73605,4.27532,2.47418
NDNF β2,prediction,1,42,1.19706,1.26641,1.76239,4.40014,2.49727
NDNF β2,prediction,1,43,1.17701,1.25305,1.74826,4.33221,2.47163
NDNF β2,prediction,1,44,1.22264,1.2485,1.75201,4.37492,2.46032
NDNF β2,prediction,1,45,1.13964,1.22735,1.73466,4.26259,2.46502
NDNF β2,prediction,1,46,1.11841,1.21586,1.72848,4.25827,2.44909
NDNF β2,prediction,1,47,1.18703,1.26063,1.76121,4.35045,2.48899
NDNF β2,prediction,1,48,1.13277,1.22729,1.74052,4.26333,2.47306
NDNF β2,prediction,1,49,1.17877,1.25369,1.75022,4.33169,2.47756
PV α7 + SOM α7,prediction,2,0,1.09167,0.00261988,1.07399,0.00161304,9.08463
PV α7 + SOM α7,prediction,2,1,1.05713,0.00255215,1.06456,0.00260231,8.83538
PV α7 + SOM α7,prediction,2,2,1.17105,0.00269316,1.09505,0.00086456,9.1883
PV α7 + SOM α7,prediction,2,3,1.13171,0.00264338,1.0869,0.00539531,9.05269
PV α7 + SOM α7,prediction,2,4,1.11215,0.00260952,1.07976,0.00202779,8.99909
PV α7 + SOM α7,prediction,2,5,1.13645,0.00264177,1.08059,0.0015486,9.03792
PV α7 + SOM α7,prediction,2,6,1.15839,0.0026546,1.09442,0.00284095,9.01806
PV α7 + SOM α7,prediction,2,7,1.14096,0.00267486,1.0825,0.00130174,9.17869
PV α7 + SOM α7,prediction,2,8,1.16665,0.00267401,1.10085,0.00111988,9.06155
PV α7 + SOM α7,prediction,2,9,1.14253,0.0026452,1.0988,0.0034286,8.99485
PV α7 + SOM α7,prediction,2,10,1.024,0.00253668,1.05293,0.000685893,8.92727
PV α7 + SOM α7,prediction,2,11,1.06045,0.00255148,1.07107,0.00154893,8.86945
PV α7 + SOM α7,prediction,2,12,1.13794,0.00268491,1.07864,0.00100564,9.24874
PV α7 + SOM α7,prediction,2,13,1.15296,0.00267395,1.09369,0.00162166,9.15407
PV α7 + SOM α7,prediction,2,14,1.15654,0.00269874,1.08683,0.00116316,9.25791
PV α7 + SOM α7,prediction,2,15,1.13381,0.00266039,1.08219,0.00123533,9.14335
PV α7 + SOM α7,prediction,2,16,1.11617,0.00259899,1.07673,0.00380217,8.91562
PV α7 + SOM α7,prediction,2,17,1.12429,0.00268148,1.07029,0.00129607,9.25504
PV α7 + SOM α7,prediction,2,18,1.15348,0.00270214,1.08359,0.00126174,9.32927
PV α7 + SOM α7,prediction,2,19,1.13362,0.00264022,1.08816,0.000806461,9.01675
PV α7 + SOM α7,prediction,2,20,1.0562,0.00254124,1.0728,0.00556438,8.7716
PV α7 + SOM α7,prediction,2,21,1.14842,0.00261695,1.10376,0.0055545,8.89242
PV α7 + SOM α7,prediction,2,22,1.13102,0.00258651,1.08269,0.00162349,8.80138
PV α7 + SOM α7,prediction,2,23,1.11534,0.0026173,1.08273,0.000962317,9.04762
PV α7 + SOM α7,prediction,2,24,1.1315,0.00263661,1.09459,0.00188889,9.06938
PV α7 + SOM α7,prediction,2,25,1.09881,0.00261778,1.08109,0.00110648,9.09697
PV α7 + SOM α7,prediction,2,26,1.12572,0.00268211,1.06783,0.00260504,9.21999
PV α7 + SOM α7,prediction,2,27,1.06472,0.00256197,1.06669,0.00172706,8.89514
PV α7 + SOM α7,prediction,2,28,1.1993,0.00267981,1.11234,0.00359539,9.00461
PV α7 + SOM α7,prediction,2,29,1.14985,0.00265914,1.08056,0.0021685,9.11708
PV α7 + SOM α7,prediction,2,30,1.0928,0.00257242,1.08008,0.00162654,8.85735
PV α7 + SOM α7,prediction,2,31,1.15608,0.00266258,1.08774,0.000826825,9.1807
PV α7 + SOM α7,prediction,2,32,1.21769,0.0027175,1.10199,0.00223452,9.17077
PV α7 + SOM α7,prediction,2,33,1.12311,0.00259684,1.09108,0.00292414,8.86835
PV α7 + SOM α7,prediction,2,34,1.13231,0.00266268,1.07679,0.00262553,9.13837
PV α7 + SOM α7,prediction,2,35,1.10844,0.00263237,1.07808,0.00379248,8.99579
PV α7 + SOM α7,prediction,2,36,1.1279,0.00261716,1.09274,0.00123872,8.96565
PV α7 + SOM α7,prediction,2,37,1.12037,0.00261946,1.08467,0.00294237,9.04009
PV α7 + SOM α7,prediction,2,38,1.09279,0.00269282,1.05994,0.00268185,9.39831
PV α7 + SOM α7,prediction,2,39,1.06415,0.00254438,1.0677,0.00400206,8.82402
PV α7 + SOM α7,prediction,2,40,1.0528,0.00254188,1.06545,0.00278431,8.83753
PV α7 + SOM α7,prediction,2,41,1.23314,0.00278626,1.1042,0.00762413,9.29002
PV α7 + SOM α7,prediction,2,42,1.14217,0.00267594,1.08735,0.00187606,9.18079
PV α7 + SOM α7,prediction,2,43,1.02718,0.00259744,1.05351,0.00058663,9.11414
PV α7 + SOM α7,prediction,2,44,1.20642,0.00273793,1.10201,0.00257755,9.29981
PV α7 + SOM α7,prediction,2,45,1.11414,0.00259554,1.08532,0.00314992,8.92161
PV α7 + SOM α7,prediction,2,46,1.1936,0.00276244,1.09116,0.00110336,9.43431
PV α7 + SOM α7,prediction,2,47,1.20571,0.00269413,1.10178,0.002663,9.11304
PV α7 + SOM α7,prediction,2,48,1.16568,0.00262142,1.11352,0.00138581,8.96727
PV α7 + SOM α7,prediction,2,49,1.11445,0.00254729,1.09748,0.00581193,8.69652
PV α7 + SOM β2,prediction,2,0,0.98272,0.233861,1.01718,0.00345413,8.05668
PV α7 + SOM β2,prediction,2,1,1.07458,0.246904,1.05605,0.00468634,7.94916
PV α7 + SOM β2,prediction,2,2,0.982455,0.23126,1.02334,0.00265738,8.03194
PV α7 + SOM β2,prediction,2,3,0.986084,0.231407,1.02468,0.00354464,7.91726
PV α7 + SOM β2,prediction,2,4,0.96607,0.227882,1.01542,0.00263789,7.96479
PV α7 + SOM β2,prediction,2,5,0.982718,0.230513,1.01514,0.00271125,7.97572
PV α7 + SOM β2,prediction,2,6,0.963699,0.225071,1.01439,0.00138684,7.90332
PV α7 + SOM β2,prediction,2,7,1.00517,0.235403,1.04008,0.00282159,7.9434
PV α7 + SOM β2,prediction,2,8,0.982076,0.231536,1.02365,0.00407276,7.95121
PV α7 + SOM β2,prediction,2,9,1.03044,0.241491,1.04618,0.00326646,7.94694
PV α7 + SOM β2,prediction,2,10,1.09911,0.244683,1.06431,0.00170015,7.92449
PV α7 + SOM β2,prediction,2,11,1.03275,0.235926,1.04401,0.00473375,7.886
PV α7 + SOM β2,prediction,2,12,1.01027,0.234609,1.03406,0.00296498,7.88283
PV α7 + SOM β2,prediction,2,13,0.945865,0.222668,1.00729,0.00370454,7.7446
PV α7 + SOM β2,prediction,2,14,1.05513,0.242496,1.05722,0.00612067,7.91015
PV α7 + SOM β2,prediction,2,15,1.06523,0.234989,1.06546,0.00166835,7.79803
PV α7 + SOM β2,prediction,2,16,1.00003,0.224175,1.03817,0.00394346,7.6882
PV α7 + SOM β2,prediction,2,17,1.04895,0.247458,1.04704,0.00422045,8.03504
PV α7 + SOM β2,prediction,2,18,1.06791,0.245412,1.0534,0.00539002,7.94699
PV α7 + SOM β2,prediction,2,19,0.971182,0.221359,1.02995,0.00812855,7.59327
PV α7 + SOM β2,prediction,2,20,0.950459,0.223115,1.01698,0.00256431,7.86544
PV α7 + SOM β2,prediction,2,21,1.01356,0.23463,1.04636,0.00188722,7.85457
PV α7 + SOM β2,prediction,2,22,0.977358,0.231996,1.02333,0.00237258,7.98366
PV α7 + SOM β2,prediction,2,23,1.00021,0.231761,1.03153,0.00167829,7.8775
PV α7 + SOM β2,prediction,2,24,0.983458,0.223907,1.03607,0.0025498,7.76761
PV α7 + SOM β2,prediction,2,25,0.991399,0.231284,1.02523,0.0010678,7.95586
PV α7 + SOM β2,prediction,2,26,1.05986,0.239185,1.0585,0.00424427,7.84318
PV α7 + SOM β2,prediction,2,27,1.05148,0.238089,1.0471,0.0045234,7.79619
PV α7 + SOM β2,prediction,2,28,1.03693,0.239821,1.04171,0.0011298,8.00527
PV α7 + SOM β2,prediction,2,29,1.03788,0.235293,1.04442,0.00386608,7.82272
PV α7 + SOM β2,prediction,2,30,1.01771,0.230194,1.04691,0.00601974,7.66641
PV α7 + SOM β2,prediction,2,31,0.95441,0.221525,1.02073,0.00172928,7.85155
PV α7 + SOM β2,prediction,2,32,0.968329,0.226097,1.01727,0.00235088,7.92023
PV α7 + SOM β2,prediction,2,33,0.991237,0.227456,1.04096,0.00460886,7.69617
PV α7 + SOM β2,prediction,2,34,0.912599,0.211378,1.0025,0.0126998,7.52714
PV α7 + SOM β2,prediction,2,35,0.859242,0.198578,0.997074,0.0045557,7.45972
PV α7 + SOM β2,prediction,2,36,1.02651,0.234299,1.04217,0.00716644,7.80034
PV α7 + SOM β2,prediction,2,37,0.93001,0.217575,1.01965,0.00630391,7.65644
PV α7 + SOM β2,prediction,2,38,1.02324,0.235485,1.03916,0.00554121,7.77562
PV α7 + SOM β2,prediction,2,39,1.04195,0.238485,1.05418,0.00481922,7.68659
PV α7 + SOM β2,prediction,2,40,1.07686,0.241104,1.06049,0.00871631,7.7756
PV α7 + SOM β2,prediction,2,41,1.00634,0.231531,1.03038,0.00179795,7.86334
PV α7 + SOM β2,prediction,2,42,1.00048,0.23166,1.02795,0.00286688,7.84891
PV α7 + SOM β2,prediction,2,43,1.01452,0.234479,1.0329,0.0027519,7.91867
PV α7 + SOM β2,prediction,2,44,1.0343,0.236346,1.04277,0.00405529,7.87703
PV α7 + SOM β2,prediction,2,45,0.994858,0.231534,1.0294,0.00378232,7.91492
PV α7 + SOM β2,prediction,2,46,0.935275,0.220301,1.00246,0.00156105,7.92123
PV α7 + SOM β2,prediction,2,47,0.979255,0.227,1.03465,0.00872967,7.70218
PV α7 + SOM β2,prediction,2,48,1.05301,0.248252,1.03943,0.00294459,8.11448
PV α7 + SOM β2,prediction,2,49,0.909543,0.213671,1.0062,0.00198314,7.64476
PV α7 + VIP α5,prediction,2,0,0.722428,2.34745,1.51565,0.59325,1.46301
PV α7 + VIP α5,prediction,2,1,0.703527,2.30597,1.49712,0.551057,1.48291
PV α7 + VIP α5,prediction,2,2,0.799001,2.44573,1.54994,0.659664,1.47003
PV α7 + VIP α5,prediction,2,3,0.725529,2.37997,1.52466,0.605538,1.46161
PV α7 + VIP α5,prediction,2,4,0.736452,2.3569,1.51584,0.585525,1.4738
PV α7 + VIP α5,prediction,2,5,0.762403,2.4464,1.54291,0.650722,1.44275
PV α7 + VIP α5,prediction,2,6,0.759767,2.39726,1.53506,0.61578,1.46839
PV α7 + VIP α5,prediction,2,7,0.786488,2.44674,1.5445,0.672938,1.43704
PV α7 + VIP α5,prediction,2,8,0.719485,2.32885,1.50825,0.555879,1.47781
PV α7 + VIP α5,prediction,2,9,0.750426,2.39865,1.533,0.610269,1.46435
PV α7 + VIP α5,prediction,2,10,0.680859,2.31588,1.49529,0.57624,1.44066
PV α7 + VIP α5,prediction,2,11,0.77055,2.40665,1.53711,0.632938,1.46549
PV α7 + VIP α5,prediction,2,12,0.70306,2.3694,1.5079,0.611855,1.41999
PV α7 + VIP α5,prediction,2,13,0.731335,2.39554,1.52739,0.618702,1.44774
PV α7 + VIP α5,prediction,2,14,0.766799,2.44088,1.54984,0.629788,1.46869
PV α7 + VIP α5,prediction,2,15,0.728522,2.34284,1.5108,0.57427,1.47351
PV α7 + VIP α5,prediction,2,16,0.796963,2.46796,1.5605,0.657676,1.46944
PV α7 + VIP α5,prediction,2,17,0.764621,2.39105,1.53171,0.614023,1.47963
PV α7 + VIP α5,prediction,2,18,0.77286,2.42579,1.54019,0.630913,1.46504
PV α7 + VIP α5,prediction,2,19,0.753311,2.41427,1.53604,0.621328,1.45943
PV α7 + VIP α5,prediction,2,20,0.797898,2.44726,1.54822,0.671118,1.44786
PV α7 + VIP α5,prediction,2,21,0.781492,2.46385,1.55669,0.664413,1.45509
PV α7 + VIP α5,prediction,2,22,0.745184,2.40869,1.53298,0.617346,1.4523
PV α7 + VIP α5,prediction,2,23,0.786758,2.37255,1.52848,0.598886,1.49971
PV α7 + VIP α5,prediction,2,24,0.732911,2.32288,1.50624,0.556489,1.4956
PV α7 + VIP α5,prediction,2,25,0.73566,2.38925,1.53018,0.618098,1.4531
PV α7 + VIP α5,prediction,2,26,0.752729,2.3827,1.52534,0.607471,1.46449
PV α7 + VIP α5,prediction,2,27,0.720548,2.36072,1.51339,0.587703,1.46049
PV α7 + VIP α5,prediction,2,28,0.758045,2.37859,1.52445,0.621216,1.46297
PV α7 + VIP α5,prediction,2,29,0.773275,2.43828,1.54745,0.639215,1.47281
PV α7 + VIP α5,prediction,2,30,0.733346,2.43904,1.53673,0.645695,1.42815
PV α7 + VIP α5,prediction,2,31,0.768521,2.38025,1.52563,0.61676,1.46752
PV α7 + VIP α5,prediction,2,32,0.819672,2.48897,1.56662,0.737492,1.43548
PV α7 + VIP α5,prediction,2,33,0.739662,2.40572,1.5304,0.633795,1.43428
PV α7 + VIP α5,prediction,2,34,0.777012,2.39464,1.53158,0.613582,1.48453
PV α7 + VIP α5,prediction,2,35,0.741289,2.31599,1.50637,0.573016,1.48872
PV α7 + VIP α5,prediction,2,36,0.780848,2.37812,1.52826,0.623112,1.48553
PV α7 + VIP α5,prediction,2,37,0.75039,2.36043,1.51807,0.595739,1.47438
PV α7 + VIP α5,prediction,2,38,0.80929,2.46679,1.55971,0.677369,1.45654
PV α7 + VIP α5,prediction,2,39,0.810646,2.40698,1.53679,0.626111,1.49065
PV α7 + VIP α5,prediction,2,40,0.802033,2.43793,1.55115,0.663836,1.46661
PV α7 + VIP α5,prediction,2,41,0.800677,2.46938,1.55472,0.709983,1.42933
PV α7 + VIP α5,prediction,2,42,0.788354,2.46557,1.55301,0.664714,1.44822
PV α7 + VIP α5,prediction,2,43,0.795946,2.38709,1.53481,0.622751,1.48917
PV α7 + VIP α5,prediction,2,44,0.709917,2.32625,1.50117,0.573307,1.46191
PV α7 + VIP α5,prediction,2,45,0.822231,2.50009,1.56823,0.70156,1.45305
PV α7 + VIP α5,prediction,2,46,0.746318,2.39949,1.53223,0.60469,1.46755
PV α7 + VIP α5,prediction,2,47,0.780421,2.44404,1.54839,0.664928,1.45438
PV α7 + VIP α5,prediction,2,48,0.763007,2.36556,1.52379,0.592936,1.48542
PV α7 + VIP α5,prediction,2,49,0.798763,2.47736,1.56349,0.693735,1.44403
PV α7 + NDNF α7,prediction,2,0,1.3872,1.31282,1.34596,4.16395,3.11386
PV α7 + NDNF α7,prediction,2,1,1.42225,1.31944,1.35141,4.21385,3.12742
PV α7 + NDNF α7,prediction,2,2,1.4158,1.3269,1.35863,4.18939,3.13089
PV α7 + NDNF α7,prediction,2,3,1.36759,1.28604,1.32734,4.1192,3.11169
PV α7 + NDNF α7,prediction,2,4,1.31067,1.25147,1.3144,4.05513,3.07672
PV α7 + NDNF α7,prediction,2,5,1.45461,1.36205,1.37303,4.23378,3.16285
PV α7 + NDNF α7,prediction,2,6,1.27749,1.26517,1.30945,4.00553,3.09228
PV α7 + NDNF α7,prediction,2,7,1.33027,1.29156,1.32988,4.05595,3.11392
PV α7 + NDNF α7,prediction,2,8,1.45793,1.33837,1.35916,4.21855,3.13883
PV α7 + NDNF α7,prediction,2,9,1.47178,1.35227,1.36629,4.24239,3.16082
PV α7 + NDNF α7,prediction,2,10,1.31646,1.2785,1.31879,4.05444,3.11677
PV α7 + NDNF α7,prediction,2,11,1.35593,1.30019,1.33211,4.12005,3.11658
PV α7 + NDNF α7,prediction,2,12,1.43285,1.34657,1.36179,4.23031,3.1598
PV α7 + NDNF α7,prediction,2,13,1.30382,1.25441,1.30907,4.03367,3.07411
PV α7 + NDNF α7,prediction,2,14,1.37577,1.28003,1.33121,4.12214,3.08929
PV α7 + NDNF α7,prediction,2,15,1.34981,1.30612,1.33907,4.10345,3.11668
PV α7 + NDNF α7,prediction,2,16,1.45601,1.35386,1.36974,4.22836,3.1554
PV α7 + NDNF α7,prediction,2,17,1.4123,1.31073,1.34327,4.18102,3.12871
PV α7 + NDNF α7,prediction,2,18,1.34888,1.2967,1.33359,4.11509,3.12063
PV α7 + NDNF α7,prediction,2,19,1.41427,1.29997,1.34309,4.18221,3.10012
PV α7 + NDNF α7,prediction,2,20,1.32445,1.2704,1.32594,4.05833,3.07661
PV α7 + NDNF α7,prediction,2,21,1.38752,1.31636,1.33943,4.15227,3.14829
PV α7 + NDNF α7,prediction,2,22,1.3645,1.33178,1.34962,4.12198,3.13474
PV α7 + NDNF α7,prediction,2,23,1.38253,1.31812,1.34273,4.1505,3.12104
PV α7 + NDNF α7,prediction,2,24,1.44187,1.32557,1.35433,4.22063,3.13049
PV α7 + NDNF α7,prediction,2,25,1.41923,1.33358,1.35543,4.20082,3.14269
PV α7 + NDNF α7,prediction,2,26,1.43068,1.33335,1.36186,4.20667,3.12008
PV α7 + NDNF α7,prediction,2,27,1.35147,1.28651,1.33,4.11421,3.10568
PV α7 + NDNF α7,prediction,2,28,1.44317,1.32904,1.35541,4.23046,3.10541
PV α7 + NDNF α7,prediction,2,29,1.31295,1.25976,1.31279,4.01573,3.08481
PV α7 + NDNF α7,prediction,2,30,1.47177,1.36219,1.37063,4.25279,3.1598
PV α7 + NDNF α7,prediction,2,31,1.4058,1.32249,1.34942,4.17225,3.13679
PV α7 + NDNF α7,prediction,2,32,1.39622,1.34638,1.35347,4.17586,3.16438
PV α7 + NDNF α7,prediction,2,33,1.41645,1.3159,1.34873,4.16329,3.14739
PV α7 + NDNF α7,prediction,2,34,1.45192,1.35363,1.36669,4.26347,3.15143
PV α7 + NDNF α7,prediction,2,35,1.36118,1.30087,1.33127,4.10772,3.11664
PV α7 + NDNF α7,prediction,2,36,1.3511,1.27863,1.32386,4.09576,3.08646
PV α7 + NDNF α7,prediction,2,37,1.34942,1.29825,1.33458,4.0959,3.12475
PV α7 + NDNF α7,prediction,2,38,1.40752,1.31435,1.34969,4.16193,3.11787
PV α7 + NDNF α7,prediction,2,39,1.28999,1.2731,1.31705,4.02537,3.09287
PV α7 + NDNF α7,prediction,2,40,1.42814,1.32242,1.35453,4.22452,3.11358
PV α7 + NDNF α7,prediction,2,41,1.4096,1.31918,1.34638,4.17374,3.12916
PV α7 + NDNF α7,prediction,2,42,1.36679,1.2932,1.33158,4.11824,3.11484
PV α7 + NDNF α7,prediction,2,43,1.40171,1.29998,1.34631,4.16642,3.10048
PV α7 + NDNF α7,prediction,2,44,1.43082,1.32027,1.35282,4.20018,3.12117
PV α7 + NDNF α7,prediction,2,45,1.37445,1.31669,1.34699,4.15835,3.13354
PV α7 + NDNF α7,prediction,2,46,1.3837,1.29447,1.33625,4.155,3.11676
PV α7 + NDNF α7,prediction,2,47,1.46674,1.34854,1.36789,4.24559,3.15176
PV α7 + NDNF α7,prediction,2,48,1.38964,1.31182,1.34463,4.17162,3.12259
PV α7 + NDNF α7,prediction,2,49,1.44766,1.35049,1.36276,4.22159,3.16477
PV α7 + NDNF β2,prediction,2,0,1.23838,1.23187,1.23218,4.23593,2.72148
PV α7 + NDNF β2,prediction,2,1,1.25411,1.2268,1.23748,4.25358,2.72975
PV α7 + NDNF β2,prediction,2,2,1.4008,1.31404,1.27957,4.44384,2.78515
PV α7 + NDNF β2,prediction,2,3,1.19489,1.20417,1.22192,4.16246,2.72133
PV α7 + NDNF β2,prediction,2,4,1.27383,1.25059,1.24401,4.26146,2.74709
PV α7 + NDNF β2,prediction,2,5,1.41399,1.30492,1.28383,4.45,2.7569
PV α7 + NDNF β2,prediction,2,6,1.28281,1.27002,1.2521,4.27795,2.76666
PV α7 + NDNF β2,prediction,2,7,1.25563,1.20747,1.22655,4.22135,2.70361
PV α7 + NDNF β2,prediction,2,8,1.36459,1.26877,1.25931,4.37731,2.73976
PV α7 + NDNF β2,prediction,2,9,1.24648,1.24637,1.24138,4.27562,2.74127
PV α7 + NDNF β2,prediction,2,10,1.30967,1.28078,1.2543,4.33887,2.78589
PV α7 + NDNF β2,prediction,2,11,1.27386,1.25518,1.24655,4.30012,2.75062
PV α7 + NDNF β2,prediction,2,12,1.26995,1.23812,1.23801,4.25148,2.74253
PV α7 + NDNF β2,prediction,2,13,1.2618,1.2336,1.23482,4.24301,2.73823
PV α7 + NDNF β2,prediction,2,14,1.31068,1.25405,1.24823,4.29672,2.73904
PV α7 + NDNF β2,prediction,2,15,1.31107,1.26516,1.25808,4.32287,2.74748
PV α7 + NDNF β2,prediction,2,16,1.23161,1.2417,1.2372,4.22029,2.75294
PV α7 + NDNF β2,prediction,2,17,1.32662,1.26766,1.26318,4.33571,2.73642
PV α7 + NDNF β2,prediction,2,18,1.33776,1.27393,1.26415,4.34537,2.75136
PV α7 + NDNF β2,prediction,2,19,1.25153,1.22577,1.23512,4.20089,2.73589
PV α7 + NDNF β2,prediction,2,20,1.31036,1.26083,1.24964,4.31668,2.7482
PV α7 + NDNF β2,prediction,2,21,1.24647,1.23254,1.23055,4.21288,2.73311
PV α7 + NDNF β2,prediction,2,22,1.32682,1.26423,1.25825,4.34823,2.74328
PV α7 + NDNF β2,prediction,2,23,1.33815,1.27779,1.26157,4.38007,2.76594
PV α7 + NDNF β2,prediction,2,24,1.32453,1.27532,1.25952,4.34784,2.7587
PV α7 + NDNF β2,prediction,2,25,1.30515,1.25566,1.25486,4.29448,2.76129
PV α7 + NDNF β2,prediction,2,26,1.29203,1.26403,1.25103,4.2997,2.76019
PV α7 + NDNF β2,prediction,2,27,1.23745,1.22099,1.23288,4.20042,2.72424
PV α7 + NDNF β2,prediction,2,28,1.33134,1.27921,1.26187,4.36552,2.77209
PV α7 + NDNF β2,prediction,2,29,1.27615,1.20803,1.23164,4.21984,2.68757
PV α7 + NDNF β2,prediction,2,30,1.33571,1.30649,1.27617,4.39179,2.78227
PV α7 + NDNF β2,prediction,2,31,1.23502,1.22164,1.22083,4.18118,2.73325
PV α7 + NDNF β2,prediction,2,32,1.29718,1.26435,1.25352,4.31493,2.73393
PV α7 + NDNF β2,prediction,2,33,1.32877,1.23726,1.2501,4.32713,2.7181
PV α7 + NDNF β2,prediction,2,34,1.3371,1.27479,1.26429,4.35203,2.74036
PV α7 + NDNF β2,prediction,2,35,1.2312,1.23328,1.23277,4.23301,2.73983
PV α7 + NDNF β2,prediction,2,36,1.28029,1.2528,1.24683,4.25386,2.75022
PV α7 + NDNF β2,prediction,2,37,1.32441,1.27148,1.26139,4.36727,2.73788
PV α7 + NDNF β2,prediction,2,38,1.34821,1.28068,1.26374,4.37123,2.77086
PV α7 + NDNF β2,prediction,2,39,1.2164,1.20337,1.22428,4.19554,2.71137
PV α7 + NDNF β2,prediction,2,40,1.34058,1.27943,1.26323,4.34984,2.75949
PV α7 + NDNF β2,prediction,2,41,1.31413,1.26323,1.24798,4.32769,2.74129
PV α7 + NDNF β2,prediction,2,42,1.27621,1.25055,1.25024,4.27156,2.7469
PV α7 + NDNF β2,prediction,2,43,1.28486,1.26324,1.25155,4.29552,2.76048
PV α7 + NDNF β2,prediction,2,44,1.38755,1.28763,1.26891,4.40683,2.76368
PV α7 + NDNF β2,prediction,2,45,1.21321,1.21297,1.22791,4.19075,2.73417
PV α7 + NDNF β2,prediction,2,46,1.27534,1.25785,1.24853,4.27195,2.73765
PV α7 + NDNF β2,prediction,2,47,1.32323,1.24635,1.2481,4.34812,2.72821
PV α7 + NDNF β2,prediction,2,48,1.33129,1.28323,1.26346,4.37292,2.76024
PV α7 + NDNF β2,prediction,2,49,1.24628,1.23759,1.23745,4.23782,2.73985
SOM α7 + SOM β2,prediction,2,0,0.909199,8.97492e-05,1.48908,0.000503946,8.92733
SOM α7 + SOM β2,prediction,2,1,0.900731,8.96124e-05,1.49407,0.000684458,8.74281
SOM α7 + SOM β2,prediction,2,2,0.964131,9.04329e-05,1.5109,0.000198468,9.1623
SOM α7 + SOM β2,prediction,2,3,0.879784,9.03469e-05,1.4784,4.90568e-05,9.3178
SOM α7 + SOM β2,prediction,2,4,0.88063,8.9559e-05,1.48727,0.000647699,8.81296
SOM α7 + SOM β2,prediction,2,5,0.840114,8.96006e-05,1.46314,7.60686e-05,8.93402
SOM α7 + SOM β2,prediction,2,6,0.897403,9.06229e-05,1.47969,0.000192067,9.28944
SOM α7 + SOM β2,prediction,2,7,0.936937,9.03898e-05,1.50716,6.69997e-05,9.08734
SOM α7 + SOM β2,prediction,2,8,0.929893,9.046e-05,1.49118,0.000246434,9.16963
SOM α7 + SOM β2,prediction,2,9,0.866253,8.92773e-05,1.47529,0.000172645,8.81716
SOM α7 + SOM β2,prediction,2,10,0.88842,8.95713e-05,1.48157,0.000344872,8.7734
SOM α7 + SOM β2,prediction,2,11,0.912386,9.07292e-05,1.47735,0.000200656,9.38373
SOM α7 + SOM β2,prediction,2,12,0.867581,9.02519e-05,1.45377,8.56589e-05,9.18787
SOM α7 + SOM β2,prediction,2,13,0.814961,8.99917e-05,1.44119,0.000164493,9.23994
SOM α7 + SOM β2,prediction,2,14,0.86823,9.00709e-05,1.46608,0.000135133,9.11559
SOM α7 + SOM β2,prediction,2,15,0.858433,8.94632e-05,1.48216,0.000160102,8.90574
SOM α7 + SOM β2,prediction,2,16,0.895008,8.95422e-05,1.49419,0.000262982,8.88863
SOM α7 + SOM β2,prediction,2,17,0.900263,8.98667e-05,1.48919,0.000159499,8.9151
SOM α7 + SOM β2,prediction,2,18,0.926019,9.01433e-05,1.49363,0.000368619,9.04801
SOM α7 + SOM β2,prediction,2,19,0.816074,8.91343e-05,1.46404,0.00106563,8.97916
SOM α7 + SOM β2,prediction,2,20,0.912686,9.02143e-05,1.49441,0.000317936,9.21722
SOM α7 + SOM β2,prediction,2,21,0.90844,9.04793e-05,1.48324,0.000235902,9.27337
SOM α7 + SOM β2,prediction,2,22,0.92799,9.09191e-05,1.47737,0.000106023,9.33919
SOM α7 + SOM β2,prediction,2,23,0.933747,9.02751e-05,1.48896,0.000306451,9.0634
SOM α7 + SOM β2,prediction,2,24,0.941975,9.04117e-05,1.4905,0.000124972,9.066
SOM α7 + SOM β2,prediction,2,25,0.937759,8.9797e-05,1.50094,0.00158871,8.84186
SOM α7 + SOM β2,prediction,2,26,0.808278,8.90049e-05,1.45698,0.000373405,8.77382
SOM α7 + SOM β2,prediction,2,27,0.835318,8.95229e-05,1.46276,0.000214279,8.96111
SOM α7 + SOM β2,prediction,2,28,0.915905,9.01533e-05,1.49248,0.000109574,9.08408
SOM α7 + SOM β2,prediction,2,29,0.856407,9.00496e-05,1.46012,0.000148126,9.21854
SOM α7 + SOM β2,prediction,2,30,0.903161,8.97273e-05,1.48665,9.78261e-05,8.94789
SOM α7 + SOM β2,prediction,2,31,0.879976,8.97328e-05,1.4929,0.000185955,8.90406
SOM α7 + SOM β2,prediction,2,32,0.867111,9.00093e-05,1.46492,0.000141977,9.10198
SOM α7 + SOM β2,prediction,2,33,0.942407,9.03092e-05,1.49942,0.000574527,9.08228
SOM α7 + SOM β2,prediction,2,34,0.873245,8.96368e-05,1.46606,0.000370177,8.89309
SOM α7 + SOM β2,prediction,2,35,0.885144,8.99166e-05,1.47061,0.000690742,9.04027
SOM α7 + SOM β2,prediction,2,36,0.955831,9.02392e-05,1.51402,0.000237299,8.94195
SOM α7 + SOM β2,prediction,2,37,0.996702,9.04958e-05,1.52784,0.000490111,9.13562
SOM α7 + SOM β2,prediction,2,38,0.915191,9.02931e-05,1.48754,9.65744e-05,9.21336
SOM α7 + SOM β2,prediction,2,39,0.851445,8.97285e-05,1.47405,9.46029e-05,9.04012
SOM α7 + SOM β2,prediction,2,40,0.869583,8.9533e-05,1.47764,0.000250046,8.90521
SOM α7 + SOM β2,prediction,2,41,0.878129,8.99534e-05,1.47482,0.000178438,9.08668
SOM α7 + SOM β2,prediction,2,42,0.924896,9.04119e-05,1.50153,7.12492e-05,9.23521
SOM α7 + SOM β2,prediction,2,43,0.917453,9.00117e-05,1.49209,0.00144664,8.92627
SOM α7 + SOM β2,prediction,2,44,0.924082,8.94696e-05,1.48536,0.00194057,8.71042
SOM α7 + SOM β2,prediction,2,45,0.894218,9.02459e-05,1.4754,0.000843911,9.1066
SOM α7 + SOM β2,prediction,2,46,0.903019,9.02794e-05,1.48583,0.000128506,9.31573
SOM α7 + SOM β2,prediction,2,47,0.991643,9.03941e-05,1.51698,0.000571823,8.97171
SOM α7 + SOM β2,prediction,2,48,0.849322,8.96982e-05,1.46745,0.000113756,8.96779
SOM α7 + SOM β2,prediction,2,49,0.840623,8.91915e-05,1.47724,0.000175557,8.76322
SOM α7 + VIP α5,prediction,2,0,0.886792,0.00257898,1.48819,5.46325e-09,8.99967
SOM α7 + VIP α5,prediction,2,1,0.982779,0.00269605,1.52362,4.1108e-09,9.32782
SOM α7 + VIP α5,prediction,2,2,0.877575,0.00254225,1.48004,1.08687e-08,8.88022
SOM α7 + VIP α5,prediction,2,3,0.856591,0.0025011,1.46807,1.27166e-08,8.74927
SOM α7 + VIP α5,prediction,2,4,0.764191,0.00245588,1.43925,5.72944e-09,8.86769
SOM α7 + VIP α5,prediction,2,5,0.847508,0.00252033,1.46606,7.62773e-09,8.87079
SOM α7 + VIP α5,prediction,2,6,0.882095,0.0026141,1.47097,3.57745e-09,9.22157
SOM α7 + VIP α5,prediction,2,7,0.939062,0.00258841,1.50752,8.69928e-09,8.91026
SOM α7 + VIP α5,prediction,2,8,0.917486,0.00258237,1.49863,7.39665e-09,8.98775
SOM α7 + VIP α5,prediction,2,9,0.885515,0.00262442,1.47249,2.68788e-09,9.26166
SOM α7 + VIP α5,prediction,2,10,0.92662,0.0025609,1.50783,2.23492e-08,8.82856
SOM α7 + VIP α5,prediction,2,11,0.950784,0.00262479,1.51122,1.07628e-08,9.11749
SOM α7 + VIP α5,prediction,2,12,0.854005,0.00258562,1.46807,1.24188e-08,9.15961
SOM α7 + VIP α5,prediction,2,13,0.902578,0.00256562,1.49337,1.32734e-08,8.97699
SOM α7 + VIP α5,prediction,2,14,0.894937,0.0025903,1.48964,1.03468e-08,9.12627
SOM α7 + VIP α5,prediction,2,15,0.883976,0.00257326,1.49783,1.3035e-08,8.96322
SOM α7 + VIP α5,prediction,2,16,0.918061,0.00259728,1.49582,8.8668e-09,9.02129
SOM α7 + VIP α5,prediction,2,17,0.946872,0.00258699,1.51039,9.34996e-09,8.91908
SOM α7 + VIP α5,prediction,2,18,0.928808,0.00258221,1.49132,1.05477e-08,8.89415
SOM α7 + VIP α5,prediction,2,19,0.987871,0.00266285,1.51105,9.2835e-09,9.05141
SOM α7 + VIP α5,prediction,2,20,0.928968,0.00260217,1.48608,6.43741e-08,8.9171
SOM α7 + VIP α5,prediction,2,21,0.886864,0.00255794,1.4752,6.71009e-09,8.95646
SOM α7 + VIP α5,prediction,2,22,0.866014,0.00252727,1.47729,1.15806e-08,8.84649
SOM α7 + VIP α5,prediction,2,23,1.00158,0.00265429,1.53765,1.36863e-07,8.95698
SOM α7 + VIP α5,prediction,2,24,0.879657,0.00258464,1.48215,7.0778e-09,9.1168
SOM α7 + VIP α5,prediction,2,25,0.897637,0.00266015,1.47047,5.17456e-09,9.3674
SOM α7 + VIP α5,prediction,2,26,0.796832,0.00245327,1.44724,3.03863e-08,8.73004
SOM α7 + VIP α5,prediction,2,27,0.999023,0.00269299,1.51922,1.4224e-08,9.14112
SOM α7 + VIP α5,prediction,2,28,0.873993,0.00256788,1.47302,9.83078e-09,8.97886
SOM α7 + VIP α5,prediction,2,29,0.923344,0.00267192,1.49155,4.621e-09,9.32797
SOM α7 + VIP α5,prediction,2,30,0.907815,0.00257058,1.49063,8.57244e-09,8.91197
SOM α7 + VIP α5,prediction,2,31,0.950925,0.00262217,1.5095,1.13793e-08,9.00807
SOM α7 + VIP α5,prediction,2,32,0.967307,0.00262492,1.51854,9.05255e-09,9.00251
SOM α7 + VIP α5,prediction,2,33,0.96765,0.00262929,1.5072,8.37543e-09,9.02886
SOM α7 + VIP α5,prediction,2,34,0.917633,0.0026012,1.49372,1.61643e-08,9.01583
SOM α7 + VIP α5,prediction,2,35,0.931444,0.00258645,1.50907,1.4077e-08,8.8982
SOM α7 + VIP α5,prediction,2,36,0.970796,0.00261939,1.51355,2.79661e-08,8.94715
SOM α7 + VIP α5,prediction,2,37,0.892547,0.00258192,1.49437,4.92128e-09,9.06662
SOM α7 + VIP α5,prediction,2,38,0.876031,0.00260611,1.47072,2.87455e-09,9.20125
SOM α7 + VIP α5,prediction,2,39,0.882878,0.00253948,1.48588,8.84459e-09,8.88258
SOM α7 + VIP α5,prediction,2,40,0.831597,0.00257034,1.45897,8.29184e-09,9.16099
SOM α7 + VIP α5,prediction,2,41,0.935528,0.00259316,1.51208,4.55425e-08,8.86529
SOM α7 + VIP α5,prediction,2,42,0.862099,0.00258884,1.47416,3.35664e-09,9.18167
SOM α7 + VIP α5,prediction,2,43,0.931652,0.00264482,1.50261,4.94372e-09,9.20764
SOM α7 + VIP α5,prediction,2,44,0.87616,0.00257923,1.47577,6.10524e-09,9.06601
SOM α7 + VIP α5,prediction,2,45,0.878294,0.00257592,1.47335,1.01433e-08,9.01054
SOM α7 + VIP α5,prediction,2,46,0.797917,0.00250117,1.45188,7.15183e-09,8.97546
SOM α7 + VIP α5,prediction,2,47,0.904712,0.00262882,1.48442,1.37267e-08,9.07861
SOM α7 + VIP α5,prediction,2,48,0.946766,0.00267868,1.48781,1.29359e-08,9.31217
SOM α7 + VIP α5,prediction,2,49,0.896209,0.0025884,1.49022,5.21292e-09,9.01997
SOM α7 + NDNF α7,prediction,2,0,1.33953,0.00254779,1.90891,0.0418227,7.16236
SOM α7 + NDNF α7,prediction,2,1,1.51445,0.00273361,1.95868,0.0344991,7.58384
SOM α7 + NDNF α7,prediction,2,2,1.43679,0.00268285,1.9346,0.0170594,7.51373
SOM α7 + NDNF α7,prediction,2,3,1.33426,0.00265082,1.90446,0.0187268,7.57949
SOM α7 + NDNF α7,prediction,2,4,1.44041,0.00267324,1.94252,0.0312024,7.49903
SOM α7 + NDNF α7,prediction,2,5,1.46465,0.00267948,1.95378,0.028973,7.42282
SOM α7 + NDNF α7,prediction,2,6,1.44073,0.00261422,1.94722,0.0384803,7.26491
SOM α7 + NDNF α7,prediction,2,7,1.46598,0.00273629,1.9406,0.0293773,7.62687
SOM α7 + NDNF α7,prediction,2,8,1.53265,0.00273905,1.96472,0.0259589,7.55981
SOM α7 + NDNF α7,prediction,2,9,1.35724,0.0025356,1.91827,0.0440911,7.09614
SOM α7 + NDNF α7,prediction,2,10,1.41708,0.00263248,1.93747,0.0319391,7.38151
SOM α7 + NDNF α7,prediction,2,11,1.38178,0.00260508,1.91961,0.043748,7.32518
SOM α7 + NDNF α7,prediction,2,12,1.49362,0.00271739,1.95993,0.0271776,7.55842
SOM α7 + NDNF α7,prediction,2,13,1.41763,0.00270062,1.93393,0.0208464,7.57858
SOM α7 + NDNF α7,prediction,2,14,1.37573,0.00260552,1.92235,0.0173182,7.38931
SOM α7 + NDNF α7,prediction,2,15,1.34701,0.00253203,1.92089,0.043622,7.09008
SOM α7 + NDNF α7,prediction,2,16,1.43127,0.0026375,1.93438,0.045119,7.3243
SOM α7 + NDNF α7,prediction,2,17,1.43851,0.00261262,1.94409,0.0346668,7.26024
SOM α7 + NDNF α7,prediction,2,18,1.42377,0.00260721,1.94149,0.031162,7.29265
SOM α7 + NDNF α7,prediction,2,19,1.43365,0.00267154,1.94478,0.0229808,7.52954
SOM α7 + NDNF α7,prediction,2,20,1.44577,0.00269941,1.94366,0.0146589,7.60401
SOM α7 + NDNF α7,prediction,2,21,1.37577,0.00254802,1.92127,0.0556515,7.10045
SOM α7 + NDNF α7,prediction,2,22,1.44674,0.00263807,1.95711,0.0208933,7.35144
SOM α7 + NDNF α7,prediction,2,23,1.46177,0.00266628,1.95839,0.0219719,7.44876
SOM α7 + NDNF α7,prediction,2,24,1.33736,0.00259019,1.90537,0.0245239,7.38667
SOM α7 + NDNF α7,prediction,2,25,1.29489,0.00250761,1.89409,0.0466315,7.10798
SOM α7 + NDNF α7,prediction,2,26,1.38711,0.00260592,1.92717,0.0324333,7.28759
SOM α7 + NDNF α7,prediction,2,27,1.37655,0.00260094,1.92074,0.0341332,7.31913
SOM α7 + NDNF α7,prediction,2,28,1.31247,0.00255092,1.90079,0.0329485,7.22056
SOM α7 + NDNF α7,prediction,2,29,1.42781,0.00258493,1.93779,0.0465776,7.18815
SOM α7 + NDNF α7,prediction,2,30,1.35977,0.00261628,1.91191,0.0420251,7.33363
SOM α7 + NDNF α7,prediction,2,31,1.3423,0.00260531,1.91358,0.0278806,7.39772
SOM α7 + NDNF α7,prediction,2,32,1.39039,0.00262895,1.93073,0.0234401,7.45023
SOM α7 + NDNF α7,prediction,2,33,1.42461,0.00270472,1.93336,0.0225991,7.56621
SOM α7 + NDNF α7,prediction,2,34,1.46013,0.00268568,1.94698,0.0519553,7.40352
SOM α7 + NDNF α7,prediction,2,35,1.33221,0.0025826,1.90671,0.0296171,7.31302
SOM α7 + NDNF α7,prediction,2,36,1.40775,0.00267854,1.94962,0.0185291,7.56764
SOM α7 + NDNF α7,prediction,2,37,1.46161,0.00271462,1.93776,0.0331867,7.56386
SOM α7 + NDNF α7,prediction,2,38,1.41727,0.00268616,1.93002,0.0146465,7.54462
SOM α7 + NDNF α7,prediction,2,39,1.35741,0.00260075,1.91615,0.0244868,7.35416
SOM α7 + NDNF α7,prediction,2,40,1.47367,0.00266197,1.95284,0.0313624,7.37958
SOM α7 + NDNF α7,prediction,2,41,1.42863,0.00265716,1.94251,0.0287778,7.42734
SOM α7 + NDNF α7,prediction,2,42,1.49687,0.0027054,1.96311,0.0273751,7.49242
SOM α7 + NDNF α7,prediction,2,43,1.3292,0.0024978,1.90721,0.0384672,7.0289
SOM α7 + NDNF α7,prediction,2,44,1.39413,0.00260868,1.92768,0.0332934,7.30056
SOM α7 + NDNF α7,prediction,2,45,1.37912,0.00261906,1.92119,0.0269628,7.42258
SOM α7 + NDNF α7,prediction,2,46,1.53877,0.00269767,1.97074,0.0514047,7.41641
SOM α7 + NDNF α7,prediction,2,47,1.45016,0.00266007,1.9415,0.0378941,7.39893
SOM α7 + NDNF α7,prediction,2,48,1.48382,0.00274183,1.94959,0.0236582,7.63466
SOM α7 + NDNF α7,prediction,2,49,1.39834,0.00261251,1.93077,0.0391225,7.3088
SOM α7 + NDNF β2,prediction,2,0,1.3553,0.0026908,1.76936,0.025448,7.1605
SOM α7 + NDNF β2,prediction,2,1,1.39735,0.00270062,1.79101,0.0106984,7.20717
SOM α7 + NDNF β2,prediction,2,2,1.24101,0.00254687,1.75442,0.0118079,6.92388
SOM α7 + NDNF β2,prediction,2,3,1.26809,0.00256442,1.75137,0.019899,6.91496
SOM α7 + NDNF β2,prediction,2,4,1.3108,0.00265098,1.75771,0.00874207,7.19788
SOM α7 + NDNF β2,prediction,2,5,1.26331,0.00264703,1.73594,0.0136333,7.20745
SOM α7 + NDNF β2,prediction,2,6,1.34126,0.00266899,1.75762,0.0157554,7.14529
SOM α7 + NDNF β2,prediction,2,7,1.25393,0.00263469,1.73904,0.00917657,7.18511
SOM α7 + NDNF β2,prediction,2,8,1.31765,0.0026638,1.75372,0.0113345,7.20165
SOM α7 + NDNF β2,prediction,2,9,1.17418,0.00253245,1.72252,0.0129471,6.971
SOM α7 + NDNF β2,prediction,2,10,1.29297,0.00270594,1.74947,0.00677091,7.41953
SOM α7 + NDNF β2,prediction,2,11,1.31347,0.00268352,1.756,0.0206531,7.20734
SOM α7 + NDNF β2,prediction,2,12,1.26782,0.00264206,1.73534,0.00661822,7.20089
SOM α7 + NDNF β2,prediction,2,13,1.22739,0.00255923,1.72539,0.0147208,6.92899
SOM α7 + NDNF β2,prediction,2,14,1.30378,0.00265126,1.74555,0.0171168,7.141
SOM α7 + NDNF β2,prediction,2,15,1.29439,0.00262671,1.75852,0.0127881,7.10098
SOM α7 + NDNF β2,prediction,2,16,1.2492,0.0025863,1.73651,0.0258869,6.95923
SOM α7 + NDNF β2,prediction,2,17,1.25785,0.00261836,1.73981,0.0135061,7.11727
SOM α7 + NDNF β2,prediction,2,18,1.21663,0.0025792,1.7279,0.0143697,7.07426
SOM α7 + NDNF β2,prediction,2,19,1.34324,0.00273648,1.76291,0.0112361,7.37041
SOM α7 + NDNF β2,prediction,2,20,1.33306,0.00266454,1.77449,0.0113763,7.16369
SOM α7 + NDNF β2,prediction,2,21,1.2533,0.00254253,1.74205,0.0169384,6.8927
SOM α7 + NDNF β2,prediction,2,22,1.30891,0.00271849,1.75071,0.0110575,7.3536
SOM α7 + NDNF β2,prediction,2,23,1.26904,0.00262739,1.73074,0.015158,7.10308
SOM α7 + NDNF β2,prediction,2,24,1.25804,0.0025769,1.74219,0.0142937,6.9472
SOM α7 + NDNF β2,prediction,2,25,1.31912,0.00265309,1.75307,0.0150816,7.12424
SOM α7 + NDNF β2,prediction,2,26,1.29802,0.00267691,1.76011,0.00918377,7.29867
SOM α7 + NDNF β2,prediction,2,27,1.24798,0.0025765,1.74199,0.0145393,7.02297
SOM α7 + NDNF β2,prediction,2,28,1.25054,0.00264874,1.73161,0.00674738,7.25328
SOM α7 + NDNF β2,prediction,2,29,1.21976,0.00260166,1.72791,0.00999486,7.16752
SOM α7 + NDNF β2,prediction,2,30,1.3296,0.00269139,1.76698,0.00683743,7.27209
SOM α7 + NDNF β2,prediction,2,31,1.2501,0.00262616,1.73497,0.0123667,7.16889
SOM α7 + NDNF β2,prediction,2,32,1.33032,0.00273171,1.75739,0.0128702,7.36257
SOM α7 + NDNF β2,prediction,2,33,1.18261,0.00256147,1.71481,0.010032,7.0602
SOM α7 + NDNF β2,prediction,2,34,1.22242,0.00256605,1.7449,0.00575336,7.06255
SOM α7 + NDNF β2,prediction,2,35,1.29579,0.00268915,1.75179,0.00968479,7.36192
SOM α7 + NDNF β2,prediction,2,36,1.365,0.00268441,1.77363,0.0172734,7.23146
SOM α7 + NDNF β2,prediction,2,37,1.22126,0.0025803,1.72747,0.0161679,7.08861
SOM α7 + NDNF β2,prediction,2,38,1.27548,0.00260031,1.76121,0.0104631,7.05277
SOM α7 + NDNF β2,prediction,2,39,1.29769,0.00263079,1.75024,0.0287006,7.01145
SOM α7 + NDNF β2,prediction,2,40,1.23861,0.00258558,1.74043,0.0139352,7.07562
SOM α7 + NDNF β2,prediction,2,41,1.3084,0.00261897,1.76147,0.0109085,7.07356
SOM α7 + NDNF β2,prediction,2,42,1.27253,0.00263849,1.74228,0.0117037,7.15903
SOM α7 + NDNF β2,prediction,2,43,1.2452,0.00257601,1.73574,0.0196228,7.04185
SOM α7 + NDNF β2,prediction,2,44,1.31916,0.00265197,1.76098,0.0170808,7.07868
SOM α7 + NDNF β2,prediction,2,45,1.34215,0.00267719,1.77207,0.0213256,7.17797
SOM α7 + NDNF β2,prediction,2,46,1.32162,0.0026587,1.76031,0.0104233,7.18536
SOM α7 + NDNF β2,prediction,2,47,1.22198,0.0025865,1.72891,0.0114468,7.09393
SOM α7 + NDNF β2,prediction,2,48,1.28498,0.00263937,1.75274,0.0142721,7.11893
SOM α7 + NDNF β2,prediction,2,49,1.2747,0.00260113,1.74669,0.0257654,7.04666
SOM β2 + VIP α5,prediction,2,0,0.834549,0.234899,1.44597,1.10209e-08,7.95524
SOM β2 + VIP α5,prediction,2,1,0.960214,0.255603,1.50375,1.26623e-07,7.81646
SOM β2 + VIP α5,prediction,2,2,0.784094,0.215982,1.43531,4.67107e-08,7.64878
SOM β2 + VIP α5,prediction,2,3,0.852095,0.224065,1.44382,4.36875e-08,7.54839
SOM β2 + VIP α5,prediction,2,4,0.875863,0.236627,1.46041,2.4513e-08,7.75149
SOM β2 + VIP α5,prediction,2,5,0.817654,0.235191,1.43873,1.07181e-08,8.05738
SOM β2 + VIP α5,prediction,2,6,0.813236,0.229373,1.42592,3.32692e-08,7.84257
SOM β2 + VIP α5,prediction,2,7,0.788745,0.220371,1.42452,5.17416e-08,7.64858
SOM β2 + VIP α5,prediction,2,8,0.828856,0.229215,1.4387,3.50614e-08,7.71318
SOM β2 + VIP α5,prediction,2,9,0.859304,0.239017,1.45145,2.73174e-08,7.89852
SOM β2 + VIP α5,prediction,2,10,0.81621,0.230899,1.43843,1.47804e-08,7.83397
SOM β2 + VIP α5,prediction,2,11,0.789359,0.221434,1.42335,2.58066e-08,7.73338
SOM β2 + VIP α5,prediction,2,12,0.79382,0.219645,1.42471,1.61524e-08,7.72275
SOM β2 + VIP α5,prediction,2,13,0.889714,0.245311,1.46143,1.96864e-08,7.93922
SOM β2 + VIP α5,prediction,2,14,0.873555,0.234809,1.45442,3.54e-08,7.72575
SOM β2 + VIP α5,prediction,2,15,0.856118,0.233345,1.4414,1.9666e-08,7.77617
SOM β2 + VIP α5,prediction,2,16,0.841785,0.231589,1.44637,3.03434e-08,7.79347
SOM β2 + VIP α5,prediction,2,17,0.872997,0.23846,1.47384,2.63941e-08,7.81069
SOM β2 + VIP α5,prediction,2,18,0.828591,0.227558,1.44558,3.02563e-08,7.67914
SOM β2 + VIP α5,prediction,2,19,0.805789,0.220121,1.4337,1.88706e-08,7.67519
SOM β2 + VIP α5,prediction,2,20,0.860938,0.231188,1.46423,1.71951e-08,7.76254
SOM β2 + VIP α5,prediction,2,21,0.830723,0.235178,1.43905,4.42828e-08,7.85787
SOM β2 + VIP α5,prediction,2,22,0.868675,0.238392,1.45234,4.35403e-08,7.70925
SOM β2 + VIP α5,prediction,2,23,0.820557,0.222004,1.44524,1.09116e-07,7.60876
SOM β2 + VIP α5,prediction,2,24,0.748845,0.214341,1.40372,2.73986e-08,7.73505
SOM β2 + VIP α5,prediction,2,25,0.8281,0.227666,1.4395,1.59966e-08,7.77993
SOM β2 + VIP α5,prediction,2,26,0.770557,0.212553,1.4225,1.98918e-08,7.68284
SOM β2 + VIP α5,prediction,2,27,0.809624,0.231214,1.42799,1.52333e-08,7.94845
SOM β2 + VIP α5,prediction,2,28,0.880887,0.231224,1.47336,2.01895e-08,7.63781
SOM β2 + VIP α5,prediction,2,29,0.922575,0.248179,1.48133,4.4958e-08,7.85302
SOM β2 + VIP α5,prediction,2,30,0.855776,0.228279,1.45589,9.99471e-08,7.64811
SOM β2 + VIP α5,prediction,2,31,0.758536,0.21458,1.41462,4.99732e-08,7.62724
SOM β2 + VIP α5,prediction,2,32,0.736966,0.215578,1.39025,1.51391e-08,7.84977
SOM β2 + VIP α5,prediction,2,33,0.857096,0.229993,1.43979,3.16051e-08,7.73052
SOM β2 + VIP α5,prediction,2,34,0.924048,0.249624,1.48181,2.38508e-08,7.84762
SOM β2 + VIP α5,prediction,2,35,0.838178,0.239003,1.43389,1.16445e-07,7.80638
SOM β2 + VIP α5,prediction,2,36,0.816278,0.223734,1.43115,3.07308e-08,7.63825
SOM β2 + VIP α5,prediction,2,37,0.739841,0.214235,1.39895,1.20273e-08,7.81388
SOM β2 + VIP α5,prediction,2,38,0.826167,0.221836,1.45356,3.89928e-08,7.60301
SOM β2 + VIP α5,prediction,2,39,0.812447,0.233409,1.42506,2.1702e-08,7.87182
SOM β2 + VIP α5,prediction,2,40,0.893737,0.251037,1.46579,1.72154e-08,7.98089
SOM β2 + VIP α5,prediction,2,41,0.907948,0.245308,1.47643,2.03126e-08,7.87438
SOM β2 + VIP α5,prediction,2,42,0.824027,0.229908,1.43049,2.18173e-08,7.84319
SOM β2 + VIP α5,prediction,2,43,0.848935,0.238146,1.44168,8.07851e-08,7.85314
SOM β2 + VIP α5,prediction,2,44,0.880292,0.241134,1.46075,1.99792e-08,7.87309
SOM β2 + VIP α5,prediction,2,45,0.829622,0.221003,1.44264,4.85878e-08,7.49903
SOM β2 + VIP α5,prediction,2,46,0.803383,0.218626,1.4366,4.85744e-08,7.52834
SOM β2 + VIP α5,prediction,2,47,0.832104,0.228687,1.45119,1.92304e-08,7.75205
SOM β2 + VIP α5,prediction,2,48,0.786862,0.226133,1.42263,2.07812e-08,7.883
SOM β2 + VIP α5,prediction,2,49,0.967685,0.255407,1.5047,1.68411e-08,7.88879
SOM β2 + NDNF α7,prediction,2,0,1.3225,0.240298,1.83519,0.0563124,6.42494
SOM β2 + NDNF α7,prediction,2,1,1.27654,0.228132,1.82573,0.047021,6.30151
SOM β2 + NDNF α7,prediction,2,2,1.18415,0.214366,1.79802,0.0301035,6.28806
SOM β2 + NDNF α7,prediction,2,3,1.26027,0.230979,1.82356,0.051759,6.33987
SOM β2 + NDNF α7,prediction,2,4,1.18562,0.221117,1.79651,0.0353576,6.40468
SOM β2 + NDNF α7,prediction,2,5,1.23931,0.223025,1.81543,0.0363432,6.35135
SOM β2 + NDNF α7,prediction,2,6,1.28646,0.234871,1.82887,0.0553287,6.40637
SOM β2 + NDNF α7,prediction,2,7,1.31022,0.23473,1.82494,0.0471578,6.39645
SOM β2 + NDNF α7,prediction,2,8,1.20765,0.21644,1.79898,0.0675569,6.0918
SOM β2 + NDNF α7,prediction,2,9,1.33507,0.235792,1.8544,0.0568135,6.29926
SOM β2 + NDNF α7,prediction,2,10,1.30899,0.234091,1.84092,0.0454354,6.33379
SOM β2 + NDNF α7,prediction,2,11,1.21556,0.215425,1.81083,0.0471962,6.19567
SOM β2 + NDNF α7,prediction,2,12,1.31463,0.238225,1.84334,0.0521886,6.4265
SOM β2 + NDNF α7,prediction,2,13,1.23109,0.22165,1.81357,0.0461878,6.29871
SOM β2 + NDNF α7,prediction,2,14,1.28549,0.232142,1.82155,0.0658723,6.30721
SOM β2 + NDNF α7,prediction,2,15,1.31093,0.233745,1.84601,0.0533014,6.34406
SOM β2 + NDNF α7,prediction,2,16,1.2506,0.229247,1.80848,0.0438649,6.37504
SOM β2 + NDNF α7,prediction,2,17,1.21501,0.219809,1.80721,0.0437615,6.31392
SOM β2 + NDNF α7,prediction,2,18,1.30375,0.240523,1.84037,0.0501052,6.47762
SOM β2 + NDNF α7,prediction,2,19,1.32333,0.240225,1.8456,0.0457608,6.44576
SOM β2 + NDNF α7,prediction,2,20,1.18206,0.216592,1.80251,0.0266513,6.44814
SOM β2 + NDNF α7,prediction,2,21,1.26953,0.227324,1.82023,0.0654605,6.26005
SOM β2 + NDNF α7,prediction,2,22,1.26242,0.229177,1.82514,0.0584711,6.3349
SOM β2 + NDNF α7,prediction,2,23,1.32187,0.236699,1.8405,0.0776658,6.2421
SOM β2 + NDNF α7,prediction,2,24,1.18641,0.212345,1.79175,0.0448398,6.24023
SOM β2 + NDNF α7,prediction,2,25,1.25207,0.229487,1.82305,0.0391578,6.41629
SOM β2 + NDNF α7,prediction,2,26,1.37351,0.250664,1.86344,0.0518911,6.46717
SOM β2 + NDNF α7,prediction,2,27,1.19078,0.210139,1.80144,0.0560889,6.10036
SOM β2 + NDNF α7,prediction,2,28,1.23822,0.221267,1.81318,0.0392364,6.33571
SOM β2 + NDNF α7,prediction,2,29,1.27346,0.229138,1.8297,0.0479915,6.25154
SOM β2 + NDNF α7,prediction,2,30,1.31042,0.233029,1.84295,0.0347826,6.38268
SOM β2 + NDNF α7,prediction,2,31,1.27319,0.231296,1.82654,0.0303816,6.51936
SOM β2 + NDNF α7,prediction,2,32,1.29962,0.237282,1.8374,0.0440567,6.45705
SOM β2 + NDNF α7,prediction,2,33,1.3137,0.233434,1.8365,0.0325409,6.38241
SOM β2 + NDNF α7,prediction,2,34,1.36003,0.238425,1.84901,0.0733943,6.25777
SOM β2 + NDNF α7,prediction,2,35,1.26418,0.22898,1.82346,0.0416452,6.37634
SOM β2 + NDNF α7,prediction,2,36,1.27006,0.226663,1.82085,0.0556866,6.25998
SOM β2 + NDNF α7,prediction,2,37,1.13116,0.211904,1.76942,0.0364638,6.34182
SOM β2 + NDNF α7,prediction,2,38,1.21811,0.22124,1.80041,0.0546402,6.2766
SOM β2 + NDNF α7,prediction,2,39,1.29125,0.237285,1.84306,0.0352475,6.44725
SOM β2 + NDNF α7,prediction,2,40,1.32108,0.241367,1.84374,0.0319812,6.59199
SOM β2 + NDNF α7,prediction,2,41,1.23758,0.221254,1.81669,0.0479373,6.24404
SOM β2 + NDNF α7,prediction,2,42,1.40372,0.252402,1.87148,0.051667,6.48935
SOM β2 + NDNF α7,prediction,2,43,1.33998,0.237775,1.85616,0.0478046,6.39663
SOM β2 + NDNF α7,prediction,2,44,1.26827,0.227354,1.81558,0.0634193,6.22988
SOM β2 + NDNF α7,prediction,2,45,1.30473,0.236324,1.8285,0.0518081,6.3754
SOM β2 + NDNF α7,prediction,2,46,1.3525,0.244166,1.84944,0.0440181,6.43486
SOM β2 + NDNF α7,prediction,2,47,1.28691,0.230346,1.83451,0.0443928,6.34463
SOM β2 + NDNF α7,prediction,2,48,1.29397,0.230318,1.84081,0.03072,6.42049
SOM β2 + NDNF α7,prediction,2,49,1.31637,0.234765,1.84002,0.0503009,6.36141
SOM β2 + NDNF β2,target,2,0,1.20465,0.233933,1.69671,0.0295778,6.03846
SOM β2 + NDNF β2,target,2,1,1.12344,0.213312,1.67659,0.0200692,5.90634
SOM β2 + NDNF β2,target,2,2,1.10712,0.218751,1.65891,0.035644,5.92886
SOM β2 + NDNF β2,target,2,3,1.25581,0.245772,1.70371,0.0274,6.19072
SOM β2 + NDNF β2,target,2,4,1.16406,0.22774,1.68102,0.033064,5.99155
SOM β2 + NDNF β2,target,2,5,1.16491,0.226825,1.68188,0.0258444,6.04573
SOM β2 + NDNF β2,target,2,6,1.21836,0.234533,1.70219,0.037799,6.04521
SOM β2 + NDNF β2,target,2,7,1.20948,0.235875,1.68478,0.0211892,6.12298
SOM β2 + NDNF β2,target,2,8,1.12447,0.221051,1.66664,0.0262238,6.02094
SOM β2 + NDNF β2,target,2,9,1.17979,0.227048,1.69349,0.0187998,6.07133
SOM β2 + NDNF β2,target,2,10,1.24065,0.237801,1.70741,0.0399386,6.02632
SOM β2 + NDNF β2,target,2,11,1.23092,0.232718,1.69899,0.0427033,5.94301
SOM β2 + NDNF β2,target,2,12,1.20303,0.232701,1.70407,0.0257315,6.02886
SOM β2 + NDNF β2,target,2,13,1.10987,0.218454,1.66559,0.025422,6.0493
SOM β2 + NDNF β2,target,2,14,1.16913,0.224997,1.6725,0.0415964,5.89692
SOM β2 + NDNF β2,target,2,15,1.1158,0.219357,1.66301,0.0302407,5.94546
SOM β2 + NDNF β2,target,2,16,1.22801,0.237708,1.70082,0.0185021,6.15017
SOM β2 + NDNF β2,target,2,17,1.20712,0.231019,1.69333,0.025732,6.03376
SOM β2 + NDNF β2,target,2,18,1.19631,0.228421,1.69886,0.0277164,6.01053
SOM β2 + NDNF β2,target,2,19,1.20863,0.233438,1.69098,0.0395148,5.99062
SOM β2 + NDNF β2,target,2,20,1.14835,0.226392,1.66512,0.0409539,5.9782
SOM β2 + NDNF β2,target,2,21,1.17075,0.228241,1.68334,0.0382042,5.94605
SOM β2 + NDNF β2,target,2,22,1.2413,0.237421,1.71477,0.0282965,6.01634
SOM β2 + NDNF β2,target,2,23,1.21187,0.238572,1.69923,0.0286993,6.06188
SOM β2 + NDNF β2,target,2,24,1.20126,0.232267,1.6992,0.0322231,5.98948
SOM β2 + NDNF β2,target,2,25,1.17694,0.226153,1.68332,0.0141153,6.09643
SOM β2 + NDNF β2,target,2,26,1.22878,0.232937,1.70352,0.0273414,6.02888
SOM β2 + NDNF β2,target,2,27,1.1345,0.220187,1.66969,0.0372162,5.89258
SOM β2 + NDNF β2,target,2,28,1.18554,0.228268,1.68845,0.0255532,6.02745
SOM β2 + NDNF β2,target,2,29,1.17403,0.222712,1.68433,0.0368143,5.94976
SOM β2 + NDNF β2,target,2,30,1.16482,0.219954,1.68271,0.029695,5.87954
SOM β2 + NDNF β2,target,2,31,1.13615,0.219587,1.66752,0.0278367,5.93952
SOM β2 + NDNF β2,target,2,32,1.1596,0.23151,1.66793,0.0269696,6.12828
SOM β2 + NDNF β2,target,2,33,1.2338,0.240514,1.70727,0.0229479,6.11272
SOM β2 + NDNF β2,target,2,34,1.18819,0.22944,1.68396,0.0384301,5.90502
SOM β2 + NDNF β2,target,2,35,1.16121,0.229797,1.68257,0.0311863,6.03945
SOM β2 + NDNF β2,target,2,36,1.22287,0.238891,1.69877,0.0409377,5.99891
SOM β2 + NDNF β2,target,2,37,1.22078,0.240504,1.70318,0.0269025,6.21238
SOM β2 + NDNF β2,target,2,38,1.20362,0.230589,1.70007,0.0302104,6.05607
SOM β2 + NDNF β2,target,2,39,1.13473,0.217578,1.67288,0.024472,5.99058
SOM β2 + NDNF β2,target,2,40,1.11291,0.216287,1.66041,0.0270384,5.90464
SOM β2 + NDNF β2,target,2,41,1.32406,0.255679,1.73279,0.0338926,6.16824
SOM β2 + NDNF β2,target,2,42,1.18328,0.223766,1.69415,0.0320566,5.88149
SOM β2 + NDNF β2,target,2,43,1.1223,0.221883,1.67272,0.0338092,5.98035
SOM β2 + NDNF β2,target,2,44,1.19497,0.225865,1.69914,0.0358191,5.91574
SOM β2 + NDNF β2,target,2,45,1.13761,0.218689,1.66626,0.0320293,5.92354
SOM β2 + NDNF β2,target,2,46,1.19947,0.228449,1.70116,0.0336916,5.98592
SOM β2 + NDNF β2,target,2,47,1.19736,0.232756,1.69141,0.0333021,6.06112
SOM β2 + NDNF β2,target,2,48,1.16736,0.224806,1.68116,0.0197776,6.02613
SOM β2 + NDNF β2,target,2,49,1.16483,0.231412,1.68717,0.0230477,6.11126
VIP α5 + NDNF α7,prediction,2,0,0.898695,2.29134,2.23185,1.04677,1.1573
VIP α5 + NDNF α7,prediction,2,1,0.927611,2.34886,2.26073,1.12219,1.14984
VIP α5 + NDNF α7,prediction,2,2,0.897494,2.27564,2.22276,1.02595,1.16502
VIP α5 + NDNF α7,prediction,2,3,0.822062,2.25717,2.2212,1.03536,1.12509
VIP α5 + NDNF α7,prediction,2,4,0.880403,2.33204,2.25207,1.08481,1.14699
VIP α5 + NDNF α7,prediction,2,5,0.878699,2.24619,2.21577,1.00552,1.17168
VIP α5 + NDNF α7,prediction,2,6,0.854877,2.28928,2.2389,1.03661,1.14644
VIP α5 + NDNF α7,prediction,2,7,0.899885,2.31299,2.24994,1.06904,1.15888
VIP α5 + NDNF α7,prediction,2,8,0.886983,2.2947,2.2367,1.06349,1.1451
VIP α5 + NDNF α7,prediction,2,9,0.860612,2.28057,2.23057,1.02571,1.15852
VIP α5 + NDNF α7,prediction,2,10,0.861584,2.21876,2.19882,0.946003,1.18083
VIP α5 + NDNF α7,prediction,2,11,0.81803,2.19916,2.19392,0.944656,1.16111
VIP α5 + NDNF α7,prediction,2,12,0.874911,2.283,2.23778,1.02291,1.16969
VIP α5 + NDNF α7,prediction,2,13,0.791753,2.21399,2.2019,0.968702,1.13801
VIP α5 + NDNF α7,prediction,2,14,0.885399,2.24096,2.21152,0.978925,1.18827
VIP α5 + NDNF α7,prediction,2,15,0.944698,2.39589,2.28915,1.15023,1.15616
VIP α5 + NDNF α7,prediction,2,16,0.888865,2.26922,2.22494,1.01737,1.17037
VIP α5 + NDNF α7,prediction,2,17,0.892586,2.32699,2.25947,1.09633,1.14874
VIP α5 + NDNF α7,prediction,2,18,0.787149,2.1884,2.18851,0.920792,1.15979
VIP α5 + NDNF α7,prediction,2,19,0.870854,2.30998,2.24526,1.08216,1.13544
VIP α5 + NDNF α7,prediction,2,20,0.87545,2.25743,2.22458,1.01891,1.16767
VIP α5 + NDNF α7,prediction,2,21,0.855831,2.19736,2.19328,0.924361,1.19323
VIP α5 + NDNF α7,prediction,2,22,0.872625,2.27364,2.2289,1.03233,1.15429
VIP α5 + NDNF α7,prediction,2,23,0.81314,2.20434,2.19784,0.94185,1.16419
VIP α5 + NDNF α7,prediction,2,24,0.806313,2.2141,2.19531,0.96445,1.1512
VIP α5 + NDNF α7,prediction,2,25,0.83493,2.20586,2.20258,0.976286,1.16251
VIP α5 + NDNF α7,prediction,2,26,0.897467,2.22097,2.19979,0.977999,1.1916
VIP α5 + NDNF α7,prediction,2,27,0.859487,2.24399,2.21646,0.989211,1.1693
VIP α5 + NDNF α7,prediction,2,28,0.891871,2.27376,2.22641,1.02828,1.16696
VIP α5 + NDNF α7,prediction,2,29,0.908116,2.31312,2.24672,1.06952,1.16068
VIP α5 + NDNF α7,prediction,2,30,0.860677,2.21469,2.20205,0.951305,1.18471
VIP α5 + NDNF α7,prediction,2,31,0.845559,2.25251,2.22213,1.01364,1.15458
VIP α5 + NDNF α7,prediction,2,32,0.841468,2.1947,2.19405,0.945589,1.17515
VIP α5 + NDNF α7,prediction,2,33,0.873922,2.27459,2.2307,1.03291,1.15347
VIP α5 + NDNF α7,prediction,2,34,0.909953,2.31758,2.25035,1.03716,1.18131
VIP α5 + NDNF α7,prediction,2,35,0.862914,2.26354,2.22487,1.02166,1.15941
VIP α5 + NDNF α7,prediction,2,36,0.876291,2.24841,2.21798,1.00831,1.16771
VIP α5 + NDNF α7,prediction,2,37,0.880675,2.2915,2.23521,1.04647,1.15698
VIP α5 + NDNF α7,prediction,2,38,0.834815,2.24742,2.2172,0.997803,1.15266
VIP α5 + NDNF α7,prediction,2,39,0.936944,2.29348,2.23209,1.06465,1.1774
VIP α5 + NDNF α7,prediction,2,40,0.887599,2.31766,2.24671,1.09136,1.1383
VIP α5 + NDNF α7,prediction,2,41,0.874203,2.27608,2.23199,1.02263,1.16033
VIP α5 + NDNF α7,prediction,2,42,0.862101,2.27462,2.22846,1.0054,1.15888
VIP α5 + NDNF α7,prediction,2,43,0.851866,2.24517,2.21712,1.02945,1.14598
VIP α5 + NDNF α7,prediction,2,44,0.864089,2.25311,2.22233,0.987089,1.16933
VIP α5 + NDNF α7,prediction,2,45,0.819797,2.23806,2.21828,0.998315,1.1472
VIP α5 + NDNF α7,prediction,2,46,0.852797,2.22955,2.20139,0.988164,1.15848
VIP α5 + NDNF α7,prediction,2,47,0.903344,2.32304,2.24821,1.062,1.16409
VIP α5 + NDNF α7,prediction,2,48,0.856396,2.22284,2.20326,0.968585,1.16747
VIP α5 + NDNF α7,prediction,2,49,0.894608,2.26968,2.22239,1.02185,1.16945
VIP α5 + NDNF β2,prediction,2,0,0.816856,2.18112,2.07703,1.19215,0.959379
VIP α5 + NDNF β2,prediction,2,1,0.819596,2.19538,2.08251,1.2008,0.958491
VIP α5 + NDNF β2,prediction,2,2,0.79501,2.18476,2.08366,1.22755,0.942561
VIP α5 + NDNF β2,prediction,2,3,0.797079,2.17327,2.0695,1.20946,0.938495
VIP α5 + NDNF β2,prediction,2,4,0.768313,2.16199,2.07004,1.20772,0.93026
VIP α5 + NDNF β2,prediction,2,5,0.883208,2.26639,2.11212,1.327,0.944797
VIP α5 + NDNF β2,prediction,2,6,0.877996,2.25838,2.10676,1.27609,0.967736
VIP α5 + NDNF β2,prediction,2,7,0.752878,2.11893,2.04742,1.14714,0.93784
VIP α5 + NDNF β2,prediction,2,8,0.783546,2.1356,2.05769,1.14931,0.953537
VIP α5 + NDNF β2,prediction,2,9,0.805756,2.14517,2.06245,1.14506,0.969581
VIP α5 + NDNF β2,prediction,2,10,0.8357,2.20472,2.08915,1.24502,0.957839
VIP α5 + NDNF β2,prediction,2,11,0.784927,2.17451,2.0778,1.21358,0.939742
VIP α5 + NDNF β2,prediction,2,12,0.821829,2.17627,2.07255,1.19173,0.965698
VIP α5 + NDNF β2,prediction,2,13,0.812136,2.18828,2.07927,1.21264,0.946187
VIP α5 + NDNF β2,prediction,2,14,0.881917,2.25808,2.11195,1.30793,0.952579
VIP α5 + NDNF β2,prediction,2,15,0.7541,2.16927,2.07202,1.21787,0.916929
VIP α5 + NDNF β2,prediction,2,16,0.770898,2.18606,2.07971,1.25352,0.917816
VIP α5 + NDNF β2,prediction,2,17,0.726663,2.10017,2.0435,1.12632,0.935401
VIP α5 + NDNF β2,prediction,2,18,0.762956,2.13721,2.06299,1.13147,0.958175
VIP α5 + NDNF β2,prediction,2,19,0.785243,2.133,2.05816,1.1215,0.970221
VIP α5 + NDNF β2,prediction,2,20,0.844498,2.22426,2.09986,1.25173,0.952303
VIP α5 + NDNF β2,prediction,2,21,0.777648,2.14548,2.05908,1.16708,0.947015
VIP α5 + NDNF β2,prediction,2,22,0.834762,2.19221,2.08808,1.24671,0.953577
VIP α5 + NDNF β2,prediction,2,23,0.811149,2.2539,2.11467,1.32902,0.921498
VIP α5 + NDNF β2,prediction,2,24,0.726003,2.07405,2.02892,1.09627,0.937931
VIP α5 + NDNF β2,prediction,2,25,0.809104,2.16231,2.06761,1.18315,0.958306
VIP α5 + NDNF β2,prediction,2,26,0.785665,2.1854,2.0788,1.23363,0.933734
VIP α5 + NDNF β2,prediction,2,27,0.821632,2.2145,2.09386,1.25927,0.939143
VIP α5 + NDNF β2,prediction,2,28,0.830124,2.23583,2.09939,1.2874,0.936025
VIP α5 + NDNF β2,prediction,2,29,0.833634,2.23528,2.10245,1.2822,0.93594
VIP α5 + NDNF β2,prediction,2,30,0.827238,2.19813,2.08293,1.22005,0.958304
VIP α5 + NDNF β2,prediction,2,31,0.762901,2.15391,2.06732,1.20153,0.935721
VIP α5 + NDNF β2,prediction,2,32,0.838536,2.25133,2.11427,1.30106,0.945477
VIP α5 + NDNF β2,prediction,2,33,0.795759,2.17186,2.0758,1.19194,0.951167
VIP α5 + NDNF β2,prediction,2,34,0.851109,2.25596,2.11321,1.29197,0.951416
VIP α5 + NDNF β2,prediction,2,35,0.805534,2.2045,2.09031,1.25932,0.933616
VIP α5 + NDNF β2,prediction,2,36,0.833703,2.19644,2.08484,1.23706,0.953258
VIP α5 + NDNF β2,prediction,2,37,0.831228,2.18848,2.08524,1.20701,0.961633
VIP α5 + NDNF β2,prediction,2,38,0.793027,2.17237,2.07868,1.25635,0.932051
VIP α5 + NDNF β2,prediction,2,39,0.861602,2.20551,2.08271,1.25337,0.955139
VIP α5 + NDNF β2,prediction,2,40,0.829344,2.23161,2.10061,1.23796,0.950865
VIP α5 + NDNF β2,prediction,2,41,0.82914,2.18563,2.0824,1.19943,0.961831
VIP α5 + NDNF β2,prediction,2,42,0.85054,2.21542,2.09447,1.26012,0.953362
VIP α5 + NDNF β2,prediction,2,43,0.811548,2.22445,2.09738,1.28319,0.930033
VIP α5 + NDNF β2,prediction,2,44,0.777841,2.16972,2.07909,1.21038,0.935535
VIP α5 + NDNF β2,prediction,2,45,0.780677,2.14493,2.06191,1.17278,0.944037
VIP α5 + NDNF β2,prediction,2,46,0.780665,2.16658,2.06892,1.20903,0.935695
VIP α5 + NDNF β2,prediction,2,47,0.814189,2.20385,2.08836,1.23964,0.94244
VIP α5 + NDNF β2,prediction,2,48,0.781734,2.1138,2.05178,1.12962,0.963049
VIP α5 + NDNF β2,prediction,2,49,0.84205,2.25149,2.11767,1.32348,0.930215
NDNF α7 + NDNF β2,prediction,2,0,1.60449,1.04335,1.87327,5.55401,2.49706
NDNF α7 + NDNF β2,prediction,2,1,1.622,1.03495,1.86755,5.55448,2.47821
NDNF α7 + NDNF β2,prediction,2,2,1.48426,0.981794,1.82878,5.36379,2.47005
NDNF α7 + NDNF β2,prediction,2,3,1.61196,1.04148,1.87332,5.51993,2.50811
NDNF α7 + NDNF β2,prediction,2,4,1.61528,1.03686,1.87407,5.53722,2.50195
NDNF α7 + NDNF β2,prediction,2,5,1.59557,1.02664,1.86361,5.54082,2.50918
NDNF α7 + NDNF β2,prediction,2,6,1.45737,0.97171,1.82325,5.34037,2.45826
NDNF α7 + NDNF β2,prediction,2,7,1.50232,0.989064,1.8411,5.40223,2.47018
NDNF α7 + NDNF β2,prediction,2,8,1.61819,1.04163,1.88031,5.5427,2.5196
NDNF α7 + NDNF β2,prediction,2,9,1.52035,0.991188,1.84183,5.40695,2.49024
NDNF α7 + NDNF β2,prediction,2,10,1.47181,0.977672,1.83167,5.36796,2.47201
NDNF α7 + NDNF β2,prediction,2,11,1.64127,1.05712,1.89041,5.56926,2.53445
NDNF α7 + NDNF β2,prediction,2,12,1.57118,1.01601,1.85157,5.51018,2.46822
NDNF α7 + NDNF β2,prediction,2,13,1.48208,0.980829,1.83139,5.3513,2.4644
NDNF α7 + NDNF β2,prediction,2,14,1.57064,1.01887,1.85421,5.47663,2.50666
NDNF α7 + NDNF β2,prediction,2,15,1.6151,1.0365,1.87001,5.51331,2.49824
NDNF α7 + NDNF β2,prediction,2,16,1.53827,1.00867,1.85261,5.47894,2.48851
NDNF α7 + NDNF β2,prediction,2,17,1.48786,0.985464,1.83485,5.372,2.4729
NDNF α7 + NDNF β2,prediction,2,18,1.51516,0.995238,1.84167,5.41506,2.4924
NDNF α7 + NDNF β2,prediction,2,19,1.5167,0.998156,1.84758,5.41925,2.48377
NDNF α7 + NDNF β2,prediction,2,20,1.56316,1.0124,1.854,5.4878,2.50371
NDNF α7 + NDNF β2,prediction,2,21,1.49967,0.983577,1.82988,5.38327,2.4433
NDNF α7 + NDNF β2,prediction,2,22,1.52369,0.984238,1.83127,5.4186,2.46344
NDNF α7 + NDNF β2,prediction,2,23,1.63321,1.05312,1.8874,5.57115,2.54583
NDNF α7 + NDNF β2,prediction,2,24,1.54045,1.02318,1.8577,5.44773,2.49225
NDNF α7 + NDNF β2,prediction,2,25,1.53491,1.00522,1.85256,5.45107,2.4854
NDNF α7 + NDNF β2,prediction,2,26,1.56559,1.0117,1.8597,5.4712,2.48159
NDNF α7 + NDNF β2,prediction,2,27,1.53485,1.00937,1.85405,5.44383,2.49643
NDNF α7 + NDNF β2,prediction,2,28,1.5147,0.988206,1.83565,5.44615,2.4623
NDNF α7 + NDNF β2,prediction,2,29,1.62603,1.037,1.87736,5.52819,2.52722
NDNF α7 + NDNF β2,prediction,2,30,1.56927,1.01125,1.85125,5.49077,2.48177
NDNF α7 + NDNF β2,prediction,2,31,1.52862,1.00351,1.84743,5.46906,2.49816
NDNF α7 + NDNF β2,prediction,2,32,1.63894,1.05477,1.88246,5.56236,2.52696
NDNF α7 + NDNF β2,prediction,2,33,1.54654,1.01023,1.84849,5.45161,2.48358
NDNF α7 + NDNF β2,prediction,2,34,1.59109,1.02263,1.86069,5.49543,2.50624
NDNF α7 + NDNF β2,prediction,2,35,1.51018,0.993541,1.83536,5.40937,2.47299
NDNF α7 + NDNF β2,prediction,2,36,1.50413,0.984835,1.83514,5.42497,2.46061
NDNF α7 + NDNF β2,prediction,2,37,1.58082,1.02076,1.8646,5.47794,2.50618
NDNF α7 + NDNF β2,prediction,2,38,1.53452,0.993929,1.84014,5.45075,2.48451
NDNF α7 + NDNF β2,prediction,2,39,1.63851,1.03896,1.87492,5.55574,2.50475
NDNF α7 + NDNF β2,prediction,2,40,1.59041,1.02759,1.87035,5.52367,2.51087
NDNF α7 + NDNF β2,prediction,2,41,1.64075,1.053,1.87852,5.55358,2.49696
NDNF α7 + NDNF β2,prediction,2,42,1.53924,1.00575,1.85459,5.42372,2.50671
NDNF α7 + NDNF β2,prediction,2,43,1.47671,0.973353,1.82288,5.345,2.4571
NDNF α7 + NDNF β2,prediction,2,44,1.59753,1.02506,1.86365,5.49981,2.49819
NDNF α7 + NDNF β2,prediction,2,45,1.51649,0.999456,1.84215,5.42738,2.47038
NDNF α7 + NDNF β2,prediction,2,46,1.62681,1.04473,1.86713,5.58055,2.49611
NDNF α7 + NDNF β2,prediction,2,47,1.52716,1.01386,1.84975,5.4535,2.5118
NDNF α7 + NDNF β2,prediction,2,48,1.56663,1.00821,1.84976,5.48826,2.49928
NDNF α7 + NDNF β2,prediction,2,49,1.45484,0.975302,1.82729,5.3487,2.45314
PV α7 + SOM α7 + SOM β2,prediction,3,0,1.10797,9.07749e-05,1.08714,0.00207218,8.90725
PV α7 + SOM α7 + SOM β2,prediction,3,1,1.06394,9.0736e-05,1.06405,0.00115605,9.02018
PV α7 + SOM α7 + SOM β2,prediction,3,2,1.11493,9.08707e-05,1.0814,0.00192397,8.92852
PV α7 + SOM α7 + SOM β2,prediction,3,3,1.09034,9.12643e-05,1.06617,0.00160898,9.2746
PV α7 + SOM α7 + SOM β2,prediction,3,4,1.04841,9.05692e-05,1.0676,0.00159677,8.8788
PV α7 + SOM α7 + SOM β2,prediction,3,5,1.08258,9.05888e-05,1.07243,0.00446323,8.92623
PV α7 + SOM α7 + SOM β2,prediction,3,6,1.10818,9.08419e-05,1.08033,0.001767,8.97335
PV α7 + SOM α7 + SOM β2,prediction,3,7,1.1082,9.05061e-05,1.08702,0.00445221,8.807
PV α7 + SOM α7 + SOM β2,prediction,3,8,1.12825,9.1257e-05,1.08013,0.00171045,9.13104
PV α7 + SOM α7 + SOM β2,prediction,3,9,1.10886,9.09487e-05,1.08148,0.00311766,9.06885
PV α7 + SOM α7 + SOM β2,prediction,3,10,1.09048,9.01051e-05,1.08199,0.00307241,8.69349
PV α7 + SOM α7 + SOM β2,prediction,3,11,1.08918,9.11968e-05,1.0596,0.00136287,9.21024
PV α7 + SOM α7 + SOM β2,prediction,3,12,1.06287,9.0401e-05,1.07833,0.00109061,8.79507
PV α7 + SOM α7 + SOM β2,prediction,3,13,1.09991,9.11375e-05,1.07505,0.00133111,9.08697
PV α7 + SOM α7 + SOM β2,prediction,3,14,1.15969,9.17483e-05,1.09429,0.000970234,9.25038
PV α7 + SOM α7 + SOM β2,prediction,3,15,1.10823,9.04714e-05,1.0905,0.00178114,8.85494
PV α7 + SOM α7 + SOM β2,prediction,3,16,1.14125,9.17182e-05,1.08139,0.00164903,9.20073
PV α7 + SOM α7 + SOM β2,prediction,3,17,1.1257,9.13828e-05,1.0724,0.0032242,9.13274
PV α7 + SOM α7 + SOM β2,prediction,3,18,1.11682,9.09801e-05,1.08399,0.00227122,9.05408
PV α7 + SOM α7 + SOM β2,prediction,3,19,1.14013,9.08683e-05,1.09159,0.00141941,8.90367
PV α7 + SOM α7 + SOM β2,prediction,3,20,1.06214,9.07959e-05,1.05615,0.00222802,8.99484
PV α7 + SOM α7 + SOM β2,prediction,3,21,1.01448,9.0183e-05,1.05866,0.00253558,8.8957
PV α7 + SOM α7 + SOM β2,prediction,3,22,1.12289,9.15595e-05,1.06912,0.00233258,9.21613
PV α7 + SOM α7 + SOM β2,prediction,3,23,1.07751,9.04165e-05,1.07963,0.0017223,8.75769
PV α7 + SOM α7 + SOM β2,prediction,3,24,1.03925,9.0596e-05,1.06363,0.0013689,8.92453
PV α7 + SOM α7 + SOM β2,prediction,3,25,1.19652,9.16667e-05,1.10203,0.00433181,9.22286
PV α7 + SOM α7 + SOM β2,prediction,3,26,1.0371,9.06873e-05,1.04983,0.000383346,9.01424
PV α7 + SOM α7 + SOM β2,prediction,3,27,1.07745,9.02369e-05,1.07543,0.00383963,8.78207
PV α7 + SOM α7 + SOM β2,prediction,3,28,1.21394,9.16765e-05,1.11278,0.00360384,9.07808
PV α7 + SOM α7 + SOM β2,prediction,3,29,1.22305,9.23083e-05,1.10647,0.00108929,9.35706
PV α7 + SOM α7 + SOM β2,prediction,3,30,1.08512,9.12317e-05,1.0574,0.00348324,9.24351
PV α7 + SOM α7 + SOM β2,prediction,3,31,1.15689,9.1155e-05,1.09936,0.00352217,9.00419
PV α7 + SOM α7 + SOM β2,prediction,3,32,1.12213,9.11837e-05,1.08402,0.00154228,9.13393
PV α7 + SOM α7 + SOM β2,prediction,3,33,1.18863,9.15946e-05,1.09827,0.00167045,9.136
PV α7 + SOM α7 + SOM β2,prediction,3,34,1.17741,9.14968e-05,1.09958,0.00139923,9.20802
PV α7 + SOM α7 + SOM β2,prediction,3,35,1.14141,9.09556e-05,1.09125,0.0021792,8.86264
PV α7 + SOM α7 + SOM β2,prediction,3,36,0.97678,8.98047e-05,1.0383,0.00393412,8.76418
PV α7 + SOM α7 + SOM β2,prediction,3,37,1.08463,9.08652e-05,1.06993,0.00186906,9.00881
PV α7 + SOM α7 + SOM β2,prediction,3,38,1.11073,9.0948e-05,1.07339,0.00551201,8.98988
PV α7 + SOM α7 + SOM β2,prediction,3,39,1.06982,9.07942e-05,1.07247,0.00152643,8.98588
PV α7 + SOM α7 + SOM β2,prediction,3,40,1.12918,9.13803e-05,1.08726,0.00196999,9.05863
PV α7 + SOM α7 + SOM β2,prediction,3,41,1.13519,9.14805e-05,1.07489,0.00112472,9.17251
PV α7 + SOM α7 + SOM β2,prediction,3,42,1.16498,9.13052e-05,1.10115,0.00203262,8.99447
PV α7 + SOM α7 + SOM β2,prediction,3,43,1.12514,9.13435e-05,1.07624,0.00168996,9.11108
PV α7 + SOM α7 + SOM β2,prediction,3,44,1.10766,9.07928e-05,1.0765,0.00183998,8.88771
PV α7 + SOM α7 + SOM β2,prediction,3,45,1.11351,9.12997e-05,1.08367,0.00143973,9.12482
PV α7 + SOM α7 + SOM β2,prediction,3,46,1.19938,9.16264e-05,1.10749,0.000856358,9.1215
PV α7 + SOM α7 + SOM β2,prediction,3,47,1.07536,9.09547e-05,1.06775,0.00349678,9.1222
PV α7 + SOM α7 + SOM β2,prediction,3,48,1.11726,9.07118e-05,1.09163,0.00343511,8.87716
PV α7 + SOM α7 + SOM β2,prediction,3,49,1.0919,9.11096e-05,1.07157,0.00195598,9.0566
PV α7 + SOM α7 + VIP α5,prediction,3,0,1.10548,0.00259351,1.07944,6.37384e-08,8.99237
PV α7 + SOM α7 + VIP α5,prediction,3,1,1.09661,0.00262133,1.07632,6.32273e-08,9.13276
PV α7 + SOM α7 + VIP α5,prediction,3,2,1.12522,0.00263157,1.0838,7.69319e-08,9.00337
PV α7 + SOM α7 + VIP α5,prediction,3,3,1.08803,0.00266012,1.06478,6.51459e-08,9.29226
PV α7 + SOM α7 + VIP α5,prediction,3,4,1.18079,0.0027087,1.09518,8.88381e-08,9.21443
PV α7 + SOM α7 + VIP α5,prediction,3,5,1.14323,0.00264054,1.08791,8.88083e-08,9.0456
PV α7 + SOM α7 + VIP α5,prediction,3,6,1.07363,0.00258649,1.07192,6.57214e-08,8.97798
PV α7 + SOM α7 + VIP α5,prediction,3,7,1.09509,0.002577,1.08247,1.29782e-07,8.87503
PV α7 + SOM α7 + VIP α5,prediction,3,8,1.08614,0.00258423,1.08414,1.66453e-07,8.93161
PV α7 + SOM α7 + VIP α5,prediction,3,9,1.07935,0.00255669,1.07407,7.73e-08,8.89569
PV α7 + SOM α7 + VIP α5,prediction,3,10,1.12627,0.00263809,1.08485,1.41364e-07,9.01684
PV α7 + SOM α7 + VIP α5,prediction,3,11,1.08589,0.00260559,1.06418,1.53821e-07,9.04724
PV α7 + SOM α7 + VIP α5,prediction,3,12,1.0873,0.00262074,1.05835,4.68937e-08,9.0989
PV α7 + SOM α7 + VIP α5,prediction,3,13,1.02538,0.00255095,1.04852,1.08114e-07,8.89411
PV α7 + SOM α7 + VIP α5,prediction,3,14,1.08327,0.00264356,1.05296,4.57615e-08,9.26675
PV α7 + SOM α7 + VIP α5,prediction,3,15,1.06251,0.0025916,1.0556,6.93207e-08,9.03339
PV α7 + SOM α7 + VIP α5,prediction,3,16,1.07106,0.00252779,1.08063,1.15214e-07,8.81255
PV α7 + SOM α7 + VIP α5,prediction,3,17,1.09772,0.002594,1.07849,1.23941e-07,8.97556
PV α7 + SOM α7 + VIP α5,prediction,3,18,1.03828,0.0025454,1.0598,9.992e-08,8.84187
PV α7 + SOM α7 + VIP α5,prediction,3,19,1.09083,0.00258929,1.07058,1.65382e-07,8.89836
PV α7 + SOM α7 + VIP α5,prediction,3,20,1.02839,0.00262537,1.0428,7.75422e-08,9.28853
PV α7 + SOM α7 + VIP α5,prediction,3,21,1.136,0.00266419,1.07344,5.2855e-08,9.29262
PV α7 + SOM α7 + VIP α5,prediction,3,22,1.15636,0.00264015,1.10011,9.39756e-08,9.00327
PV α7 + SOM α7 + VIP α5,prediction,3,23,1.11766,0.00261742,1.09105,1.33914e-07,8.97744
PV α7 + SOM α7 + VIP α5,prediction,3,24,1.10583,0.0026589,1.06629,5.09288e-08,9.2113
PV α7 + SOM α7 + VIP α5,prediction,3,25,1.11647,0.00259598,1.08968,1.54667e-07,8.91297
PV α7 + SOM α7 + VIP α5,prediction,3,26,1.17487,0.00269404,1.09858,1.23113e-07,9.10463
PV α7 + SOM α7 + VIP α5,prediction,3,27,1.11989,0.00262084,1.08401,1.85764e-07,9.00633
PV α7 + SOM α7 + VIP α5,prediction,3,28,1.0685,0.00254682,1.06978,1.36469e-07,8.80491
PV α7 + SOM α7 + VIP α5,prediction,3,29,1.10024,0.00261003,1.08101,6.60051e-08,9.03588
PV α7 + SOM α7 + VIP α5,prediction,3,30,1.11749,0.00262347,1.08214,7.37747e-08,9.05082
PV α7 + SOM α7 + VIP α5,prediction,3,31,1.17305,0.0027099,1.09443,2.57764e-07,9.12563
PV α7 + SOM α7 + VIP α5,prediction,3,32,1.11534,0.00262759,1.08221,6.8561e-08,9.00656
PV α7 + SOM α7 + VIP α5,prediction,3,33,1.18463,0.00267789,1.10452,2.8239e-07,9.02759
PV α7 + SOM α7 + VIP α5,prediction,3,34,1.10855,0.00262873,1.07895,6.78847e-08,9.07083
PV α7 + SOM α7 + VIP α5,prediction,3,35,1.08527,0.00264092,1.06379,7.51631e-08,9.13402
PV α7 + SOM α7 + VIP α5,prediction,3,36,1.15597,0.00268254,1.0969,5.86591e-08,9.20838
PV α7 + SOM α7 + VIP α5,prediction,3,37,1.21312,0.00270593,1.11097,8.59869e-08,9.12024
PV α7 + SOM α7 + VIP α5,prediction,3,38,1.10497,0.00260764,1.08517,9.86638e-08,8.96449
PV α7 + SOM α7 + VIP α5,prediction,3,39,1.11683,0.00261309,1.08742,6.97587e-08,9.04085
PV α7 + SOM α7 + VIP α5,prediction,3,40,1.09639,0.00259359,1.0687,1.12352e-07,8.94557
PV α7 + SOM α7 + VIP α5,prediction,3,41,1.13579,0.00265662,1.07779,2.06892e-07,9.1522
PV α7 + SOM α7 + VIP α5,prediction,3,42,1.12539,0.00266342,1.07754,8.92797e-08,9.15254
PV α7 + SOM α7 + VIP α5,prediction,3,43,1.10415,0.00256762,1.07994,9.58277e-08,8.86703
PV α7 + SOM α7 + VIP α5,prediction,3,44,1.06007,0.00261069,1.05176,3.77325e-08,9.19881
PV α7 + SOM α7 + VIP α5,prediction,3,45,1.09388,0.00257762,1.08063,1.10697e-07,8.89084
PV α7 + SOM α7 + VIP α5,prediction,3,46,1.05521,0.00255524,1.05752,1.19307e-07,8.93865
PV α7 + SOM α7 + VIP α5,prediction,3,47,1.19943,0.00267333,1.11591,1.12006e-07,8.99223
PV α7 + SOM α7 + VIP α5,prediction,3,48,1.08945,0.00259202,1.07494,7.73628e-08,8.97724
PV α7 + SOM α7 + VIP α5,prediction,3,49,1.15161,0.00264716,1.08557,5.19493e-08,9.12035
PV α7 + SOM α7 + NDNF α7,target,3,0,1.79851,0.00274844,1.49071,0.082147,7.68866
PV α7 + SOM α7 + NDNF α7,target,3,1,1.6873,0.00259202,1.46936,0.100203,7.33225
PV α7 + SOM α7 + NDNF α7,target,3,2,1.69268,0.00264205,1.46477,0.0974374,7.47946
PV α7 + SOM α7 + NDNF α7,target,3,3,1.59839,0.00250009,1.44078,0.124313,7.13468
PV α7 + SOM α7 + NDNF α7,target,3,4,1.43908,0.00243348,1.3967,0.0831937,7.11919
PV α7 + SOM α7 + NDNF α7,target,3,5,1.70686,0.00262461,1.46814,0.12065,7.42689
PV α7 + SOM α7 + NDNF α7,target,3,6,1.69056,0.00260594,1.46739,0.106001,7.38421
PV α7 + SOM α7 + NDNF α7,target,3,7,1.62278,0.00251739,1.45094,0.127076,7.13945
PV α7 + SOM α7 + NDNF α7,target,3,8,1.68119,0.00263003,1.45674,0.104672,7.44107
PV α7 + SOM α7 + NDNF α7,target,3,9,1.75058,0.00269666,1.47314,0.092297,7.58184
PV α7 + SOM α7 + NDNF α7,target,3,10,1.55501,0.0025454,1.42508,0.092466,7.3041
PV α7 + SOM α7 + NDNF α7,target,3,11,1.57395,0.00249492,1.43843,0.116445,7.19195
PV α7 + SOM α7 + NDNF α7,target,3,12,1.58102,0.00251168,1.44317,0.104335,7.19095
PV α7 + SOM α7 + NDNF α7,target,3,13,1.73322,0.00274946,1.45778,0.0670003,7.80365
PV α7 + SOM α7 + NDNF α7,target,3,14,1.67199,0.00259628,1.46425,0.108623,7.37765
PV α7 + SOM α7 + NDNF α7,target,3,15,1.70782,0.00267087,1.46186,0.0992587,7.49853
PV α7 + SOM α7 + NDNF α7,target,3,16,1.64965,0.00259114,1.4508,0.113143,7.34975
PV α7 + SOM α7 + NDNF α7,target,3,17,1.73198,0.00268036,1.47031,0.104753,7.55465
PV α7 + SOM α7 + NDNF α7,target,3,18,1.6787,0.00258747,1.46523,0.105358,7.35776
PV α7 + SOM α7 + NDNF α7,target,3,19,1.64047,0.00252068,1.4643,0.126565,7.19248
PV α7 + SOM α7 + NDNF α7,target,3,20,1.81218,0.00275223,1.49182,0.0855912,7.65114
PV α7 + SOM α7 + NDNF α7,target,3,21,1.69456,0.00258759,1.46894,0.105295,7.29152
PV α7 + SOM α7 + NDNF α7,target,3,22,1.75759,0.00269037,1.47937,0.102767,7.55629
PV α7 + SOM α7 + NDNF α7,target,3,23,1.60659,0.00253592,1.44465,0.097566,7.21651
PV α7 + SOM α7 + NDNF α7,target,3,24,1.65902,0.00253675,1.44424,0.131939,7.18202
PV α7 + SOM α7 + NDNF α7,target,3,25,1.59203,0.00254638,1.43977,0.101291,7.28154
PV α7 + SOM α7 + NDNF α7,target,3,26,1.80474,0.00267664,1.49171,0.130377,7.45037
PV α7 + SOM α7 + NDNF α7,target,3,27,1.6515,0.00256268,1.45605,0.109307,7.31322
PV α7 + SOM α7 + NDNF α7,target,3,28,1.63269,0.00256645,1.45041,0.116977,7.28364
PV α7 + SOM α7 + NDNF α7,target,3,29,1.62939,0.0025668,1.45375,0.0991454,7.32407
PV α7 + SOM α7 + NDNF α7,target,3,30,1.65263,0.00261304,1.45371,0.0869957,7.41968
PV α7 + SOM α7 + NDNF α7,target,3,31,1.65229,0.00253038,1.46443,0.135239,7.15654
PV α7 + SOM α7 + NDNF α7,target,3,32,1.58482,0.00252081,1.42763,0.126205,7.26374
PV α7 + SOM α7 + NDNF α7,target,3,33,1.66525,0.00258973,1.45552,0.10824,7.30474
PV α7 + SOM α7 + NDNF α7,target,3,34,1.67257,0.00259837,1.44996,0.10393,7.34767
PV α7 + SOM α7 + NDNF α7,target,3,35,1.65876,0.00263811,1.44997,0.0809296,7.4696
PV α7 + SOM α7 + NDNF α7,target,3,36,1.80956,0.00274156,1.49253,0.087954,7.65586
PV α7 + SOM α7 + NDNF α7,target,3,37,1.62421,0.00253047,1.44141,0.125535,7.23675
PV α7 + SOM α7 + NDNF α7,target,3,38,1.70041,0.00265695,1.46634,0.0982685,7.51441
PV α7 + SOM α7 + NDNF α7,target,3,39,1.53419,0.00250625,1.42627,0.090822,7.23954
PV α7 + SOM α7 + NDNF α7,target,3,40,1.67759,0.00260127,1.45033,0.0912749,7.37772
PV α7 + SOM α7 + NDNF α7,target,3,41,1.64113,0.00262235,1.44473,0.0947515,7.43813
PV α7 + SOM α7 + NDNF α7,target,3,42,1.566,0.00250901,1.43234,0.107002,7.19605
PV α7 + SOM α7 + NDNF α7,target,3,43,1.68268,0.00257488,1.46091,0.114508,7.28951
PV α7 + SOM α7 + NDNF α7,target,3,44,1.54285,0.00253509,1.42725,0.0905615,7.27994
PV α7 + SOM α7 + NDNF α7,target,3,45,1.70589,0.00264801,1.4706,0.116465,7.40349
PV α7 + SOM α7 + NDNF α7,target,3,46,1.66104,0.00256188,1.45335,0.12415,7.25857
PV α7 + SOM α7 + NDNF α7,target,3,47,1.70817,0.0026005,1.47408,0.111785,7.29125
PV α7 + SOM α7 + NDNF α7,target,3,48,1.75101,0.00267699,1.47858,0.0962078,7.49269
PV α7 + SOM α7 + NDNF α7,target,3,49,1.72208,0.00266308,1.46346,0.122656,7.46712
PV α7 + SOM α7 + NDNF β2,prediction,3,0,1.5784,0.0027025,1.3231,0.0324464,7.26735
PV α7 + SOM α7 + NDNF β2,prediction,3,1,1.56925,0.0026573,1.31482,0.0531817,7.18387
PV α7 + SOM α7 + NDNF β2,prediction,3,2,1.60136,0.00269037,1.323,0.0746502,7.18395
PV α7 + SOM α7 + NDNF β2,prediction,3,3,1.45575,0.0025874,1.29185,0.0371426,7.07956
PV α7 + SOM α7 + NDNF β2,prediction,3,4,1.54143,0.00271964,1.30213,0.0467422,7.29909
PV α7 + SOM α7 + NDNF β2,prediction,3,5,1.54693,0.00268589,1.30719,0.0359754,7.25221
PV α7 + SOM α7 + NDNF β2,prediction,3,6,1.49743,0.00263231,1.30345,0.0328488,7.14185
PV α7 + SOM α7 + NDNF β2,prediction,3,7,1.34795,0.00244005,1.26356,0.0708058,6.70626
PV α7 + SOM α7 + NDNF β2,prediction,3,8,1.49261,0.00268063,1.29021,0.0300259,7.32644
PV α7 + SOM α7 + NDNF β2,prediction,3,9,1.46644,0.00265188,1.28888,0.0344609,7.25102
PV α7 + SOM α7 + NDNF β2,prediction,3,10,1.45708,0.00263446,1.28868,0.03642,7.15954
PV α7 + SOM α7 + NDNF β2,prediction,3,11,1.48924,0.002605,1.29322,0.0406064,7.0741
PV α7 + SOM α7 + NDNF β2,prediction,3,12,1.50798,0.00259264,1.31263,0.0580816,6.93033
PV α7 + SOM α7 + NDNF β2,prediction,3,13,1.48006,0.00261693,1.28545,0.0520736,7.088
PV α7 + SOM α7 + NDNF β2,prediction,3,14,1.51327,0.00258229,1.31483,0.0453194,6.99753
PV α7 + SOM α7 + NDNF β2,prediction,3,15,1.48258,0.00262203,1.29684,0.0300327,7.15569
PV α7 + SOM α7 + NDNF β2,prediction,3,16,1.47664,0.00267156,1.29063,0.0382504,7.28881
PV α7 + SOM α7 + NDNF β2,prediction,3,17,1.62469,0.00274663,1.32942,0.0319908,7.35965
PV α7 + SOM α7 + NDNF β2,prediction,3,18,1.43671,0.00254858,1.27458,0.0549701,6.92925
PV α7 + SOM α7 + NDNF β2,prediction,3,19,1.53601,0.00266058,1.31344,0.0378905,7.17033
PV α7 + SOM α7 + NDNF β2,prediction,3,20,1.60576,0.00269493,1.33715,0.0570076,7.19086
PV α7 + SOM α7 + NDNF β2,prediction,3,21,1.56294,0.00270937,1.31064,0.0500944,7.27949
PV α7 + SOM α7 + NDNF β2,prediction,3,22,1.4411,0.00253244,1.29669,0.0529105,6.8965
PV α7 + SOM α7 + NDNF β2,prediction,3,23,1.52612,0.00263719,1.30952,0.0528032,7.13965
PV α7 + SOM α7 + NDNF β2,prediction,3,24,1.52738,0.00264,1.31063,0.0512133,7.10624
PV α7 + SOM α7 + NDNF β2,prediction,3,25,1.48061,0.00258438,1.29532,0.0511008,6.98789
PV α7 + SOM α7 + NDNF β2,prediction,3,26,1.56671,0.00268642,1.31864,0.0678292,7.09517
PV α7 + SOM α7 + NDNF β2,prediction,3,27,1.40595,0.00262882,1.26286,0.0209303,7.30561
PV α7 + SOM α7 + NDNF β2,prediction,3,28,1.50876,0.00261765,1.31002,0.0753452,7.0195
PV α7 + SOM α7 + NDNF β2,prediction,3,29,1.39555,0.00250545,1.27575,0.0629048,6.85441
PV α7 + SOM α7 + NDNF β2,prediction,3,30,1.59152,0.00270841,1.31704,0.0411655,7.22117
PV α7 + SOM α7 + NDNF β2,prediction,3,31,1.45141,0.00257228,1.2837,0.0486773,7.0183
PV α7 + SOM α7 + NDNF β2,prediction,3,32,1.56847,0.00269744,1.31883,0.048153,7.23628
PV α7 + SOM α7 + NDNF β2,prediction,3,33,1.60378,0.00272789,1.31885,0.0592554,7.20901
PV α7 + SOM α7 + NDNF β2,prediction,3,34,1.62055,0.00276402,1.32988,0.0515128,7.38458
PV α7 + SOM α7 + NDNF β2,prediction,3,35,1.54532,0.00264799,1.31004,0.0472787,7.11913
PV α7 + SOM α7 + NDNF β2,prediction,3,36,1.52853,0.00262132,1.317,0.0402289,7.08309
PV α7 + SOM α7 + NDNF β2,prediction,3,37,1.52522,0.00265223,1.30534,0.0485412,7.19621
PV α7 + SOM α7 + NDNF β2,prediction,3,38,1.60686,0.00267906,1.32326,0.0602221,7.12638
PV α7 + SOM α7 + NDNF β2,prediction,3,39,1.56926,0.00269246,1.31129,0.0467973,7.25282
PV α7 + SOM α7 + NDNF β2,prediction,3,40,1.52049,0.00262168,1.30249,0.0439266,7.06062
PV α7 + SOM α7 + NDNF β2,prediction,3,41,1.60128,0.00271503,1.32847,0.061482,7.20434
PV α7 + SOM α7 + NDNF β2,prediction,3,42,1.5413,0.00267153,1.30518,0.0503217,7.2102
PV α7 + SOM α7 + NDNF β2,prediction,3,43,1.48907,0.00257256,1.3073,0.0585998,6.97395
PV α7 + SOM α7 + NDNF β2,prediction,3,44,1.50099,0.00261641,1.30184,0.0484704,7.07052
PV α7 + SOM α7 + NDNF β2,prediction,3,45,1.6119,0.00269224,1.33542,0.0477741,7.1761
PV α7 + SOM α7 + NDNF β2,prediction,3,46,1.5386,0.00272344,1.3027,0.0196917,7.45761
PV α7 + SOM α7 + NDNF β2,prediction,3,47,1.50651,0.00263785,1.30317,0.0373721,7.21345
PV α7 + SOM α7 + NDNF β2,prediction,3,48,1.48402,0.00259307,1.29992,0.0558465,7.00739
PV α7 + SOM α7 + NDNF β2,prediction,3,49,1.6447,0.0027311,1.33503,0.0445965,7.29859
PV α7 + SOM β2 + VIP α5,prediction,3,0,0.984993,0.222349,1.02721,3.80684e-07,7.60676
PV α7 + SOM β2 + VIP α5,prediction,3,1,1.07677,0.240144,1.06671,5.95579e-07,7.65116
PV α7 + SOM β2 + VIP α5,prediction,3,2,1.00722,0.231325,1.04317,1.70598e-07,7.92138
PV α7 + SOM β2 + VIP α5,prediction,3,3,1.00112,0.233354,1.027,1.08514e-07,7.98827
PV α7 + SOM β2 + VIP α5,prediction,3,4,1.06871,0.246507,1.06157,2.20388e-07,7.99675
PV α7 + SOM β2 + VIP α5,prediction,3,5,1.0339,0.236642,1.04311,2.2743e-07,7.84476
PV α7 + SOM β2 + VIP α5,prediction,3,6,0.935773,0.220495,1.02058,1.9081e-07,7.75204
PV α7 + SOM β2 + VIP α5,prediction,3,7,1.02815,0.236381,1.04252,1.19054e-07,7.85828
PV α7 + SOM β2 + VIP α5,prediction,3,8,0.992675,0.229735,1.03025,1.85669e-07,7.88354
PV α7 + SOM β2 + VIP α5,prediction,3,9,1.01984,0.231263,1.04538,2.06023e-07,7.75602
PV α7 + SOM β2 + VIP α5,prediction,3,10,1.05366,0.235528,1.05436,4.06323e-07,7.64808
PV α7 + SOM β2 + VIP α5,prediction,3,11,1.02253,0.236756,1.03895,1.65738e-07,7.90136
PV α7 + SOM β2 + VIP α5,prediction,3,12,0.95162,0.227541,1.01398,6.77311e-07,7.83252
PV α7 + SOM β2 + VIP α5,prediction,3,13,1.0149,0.236587,1.04052,1.99264e-06,7.814
PV α7 + SOM β2 + VIP α5,prediction,3,14,0.918987,0.222353,1.00443,1.44696e-07,7.93527
PV α7 + SOM β2 + VIP α5,prediction,3,15,0.926002,0.213956,1.01833,4.44289e-07,7.54415
PV α7 + SOM β2 + VIP α5,prediction,3,16,1.02154,0.231647,1.0431,2.54033e-07,7.67379
PV α7 + SOM β2 + VIP α5,prediction,3,17,0.937068,0.210648,1.01916,1.71537e-06,7.44019
PV α7 + SOM β2 + VIP α5,prediction,3,18,0.908992,0.218102,0.99803,1.16201e-07,7.90014
PV α7 + SOM β2 + VIP α5,prediction,3,19,1.0367,0.234674,1.0508,3.05277e-07,7.75167
PV α7 + SOM β2 + VIP α5,prediction,3,20,1.05991,0.245479,1.05672,1.51938e-07,7.98685
PV α7 + SOM β2 + VIP α5,prediction,3,21,0.953436,0.225197,1.00716,1.83715e-07,7.89366
PV α7 + SOM β2 + VIP α5,prediction,3,22,0.942895,0.217308,1.01126,1.40945e-07,7.76496
PV α7 + SOM β2 + VIP α5,prediction,3,23,1.04517,0.235242,1.04246,3.82802e-07,7.79138
PV α7 + SOM β2 + VIP α5,prediction,3,24,0.930843,0.218566,1.01344,1.65611e-07,7.78465
PV α7 + SOM β2 + VIP α5,prediction,3,25,1.02782,0.234615,1.05061,1.32592e-07,7.8909
PV α7 + SOM β2 + VIP α5,prediction,3,26,0.972462,0.227254,1.01542,4.05984e-07,7.855
PV α7 + SOM β2 + VIP α5,prediction,3,27,0.90727,0.209022,1.00406,2.33683e-07,7.65307
PV α7 + SOM β2 + VIP α5,prediction,3,28,0.932627,0.214538,1.00965,3.01488e-07,7.67311
PV α7 + SOM β2 + VIP α5,prediction,3,29,1.01612,0.229151,1.0431,3.88601e-07,7.78206
PV α7 + SOM β2 + VIP α5,prediction,3,30,0.957404,0.218186,1.02381,1.35931e-07,7.79887
PV α7 + SOM β2 + VIP α5,prediction,3,31,1.021,0.235235,1.04465,9.56556e-08,7.90084
PV α7 + SOM β2 + VIP α5,prediction,3,32,1.01367,0.230918,1.03887,5.67081e-07,7.76364
PV α7 + SOM β2 + VIP α5,prediction,3,33,1.03101,0.238633,1.04486,1.09277e-07,7.91879
PV α7 + SOM β2 + VIP α5,prediction,3,34,0.997317,0.231815,1.02423,3.67762e-07,7.90256
PV α7 + SOM β2 + VIP α5,prediction,3,35,0.971264,0.23324,1.02614,2.09928e-07,7.87836
PV α7 + SOM β2 + VIP α5,prediction,3,36,1.03814,0.234703,1.04049,2.59135e-07,7.82488
PV α7 + SOM β2 + VIP α5,prediction,3,37,0.95153,0.225436,1.01121,2.55266e-07,7.91822
PV α7 + SOM β2 + VIP α5,prediction,3,38,0.909277,0.209707,1.01193,3.56449e-07,7.54664
PV α7 + SOM β2 + VIP α5,prediction,3,39,0.895204,0.211004,0.992457,1.04848e-07,7.75178
PV α7 + SOM β2 + VIP α5,prediction,3,40,0.990529,0.231064,1.02462,3.6398e-07,7.91617
PV α7 + SOM β2 + VIP α5,prediction,3,41,0.980338,0.231376,1.01925,3.15485e-07,7.90754
PV α7 + SOM β2 + VIP α5,prediction,3,42,1.05516,0.235316,1.05544,3.29587e-07,7.72507
PV α7 + SOM β2 + VIP α5,prediction,3,43,1.00776,0.233573,1.04194,4.13718e-07,7.82615
PV α7 + SOM β2 + VIP α5,prediction,3,44,1.01679,0.237606,1.01586,2.78135e-07,7.95299
PV α7 + SOM β2 + VIP α5,prediction,3,45,1.03502,0.236774,1.03791,1.28048e-07,7.91587
PV α7 + SOM β2 + VIP α5,prediction,3,46,0.999997,0.235988,1.02777,7.25463e-08,8.00473
PV α7 + SOM β2 + VIP α5,prediction,3,47,0.98117,0.226731,1.0312,6.94102e-07,7.61632
PV α7 + SOM β2 + VIP α5,prediction,3,48,0.996182,0.223354,1.03443,3.24769e-07,7.68415
PV α7 + SOM β2 + VIP α5,prediction,3,49,0.985504,0.227195,1.02437,1.65394e-07,7.78863
PV α7 + SOM β2 + NDNF α7,prediction,3,0,1.56179,0.241005,1.37005,0.106827,6.59141
PV α7 + SOM β2 + NDNF α7,prediction,3,1,1.45312,0.222291,1.34273,0.136315,6.38036
PV α7 + SOM β2 + NDNF α7,prediction,3,2,1.49951,0.231935,1.3557,0.114996,6.53345
PV α7 + SOM β2 + NDNF α7,prediction,3,3,1.44395,0.224338,1.34171,0.112775,6.42604
PV α7 + SOM β2 + NDNF α7,prediction,3,4,1.39194,0.215923,1.32156,0.096905,6.45223
PV α7 + SOM β2 + NDNF α7,prediction,3,5,1.54019,0.235138,1.3694,0.108403,6.50261
PV α7 + SOM β2 + NDNF α7,prediction,3,6,1.39189,0.213943,1.33712,0.103987,6.35995
PV α7 + SOM β2 + NDNF α7,prediction,3,7,1.4201,0.213927,1.3345,0.16744,6.22972
PV α7 + SOM β2 + NDNF α7,prediction,3,8,1.41307,0.215229,1.33041,0.124454,6.37963
PV α7 + SOM β2 + NDNF α7,prediction,3,9,1.57087,0.242601,1.37802,0.120052,6.54535
PV α7 + SOM β2 + NDNF α7,prediction,3,10,1.56445,0.236774,1.38743,0.118524,6.48725
PV α7 + SOM β2 + NDNF α7,prediction,3,11,1.46443,0.2254,1.34771,0.115008,6.47242
PV α7 + SOM β2 + NDNF α7,prediction,3,12,1.52834,0.231706,1.36389,0.129395,6.47691
PV α7 + SOM β2 + NDNF α7,prediction,3,13,1.45874,0.228138,1.34566,0.0889635,6.58591
PV α7 + SOM β2 + NDNF α7,prediction,3,14,1.53365,0.233256,1.37098,0.105791,6.53028
PV α7 + SOM β2 + NDNF α7,prediction,3,15,1.43173,0.220682,1.34039,0.119842,6.36614
PV α7 + SOM β2 + NDNF α7,prediction,3,16,1.50395,0.24064,1.36244,0.0916601,6.68517
PV α7 + SOM β2 + NDNF α7,prediction,3,17,1.46662,0.227022,1.35056,0.0971029,6.50229
PV α7 + SOM β2 + NDNF α7,prediction,3,18,1.53016,0.235021,1.36778,0.113782,6.48705
PV α7 + SOM β2 + NDNF α7,prediction,3,19,1.4467,0.224286,1.33763,0.081712,6.56805
PV α7 + SOM β2 + NDNF α7,prediction,3,20,1.46293,0.222313,1.34942,0.136776,6.34258
PV α7 + SOM β2 + NDNF α7,prediction,3,21,1.50982,0.230919,1.36427,0.103151,6.52694
PV α7 + SOM β2 + NDNF α7,prediction,3,22,1.53674,0.234503,1.37497,0.122576,6.46184
PV α7 + SOM β2 + NDNF α7,prediction,3,23,1.51755,0.230885,1.36528,0.138785,6.39381
PV α7 + SOM β2 + NDNF α7,prediction,3,24,1.46923,0.223582,1.34972,0.123317,6.43997
PV α7 + SOM β2 + NDNF α7,prediction,3,25,1.5751,0.244509,1.38321,0.102628,6.63963
PV α7 + SOM β2 + NDNF α7,prediction,3,26,1.41959,0.218758,1.31923,0.104452,6.43129
PV α7 + SOM β2 + NDNF α7,prediction,3,27,1.57324,0.244807,1.37389,0.101203,6.63605
PV α7 + SOM β2 + NDNF α7,prediction,3,28,1.4393,0.220381,1.33181,0.133111,6.34991
PV α7 + SOM β2 + NDNF α7,prediction,3,29,1.48767,0.229846,1.35084,0.123264,6.43635
PV α7 + SOM β2 + NDNF α7,prediction,3,30,1.54327,0.23055,1.38146,0.132917,6.39448
PV α7 + SOM β2 + NDNF α7,prediction,3,31,1.48099,0.226499,1.35151,0.089617,6.55119
PV α7 + SOM β2 + NDNF α7,prediction,3,32,1.45035,0.225506,1.34648,0.10518,6.49113
PV α7 + SOM β2 + NDNF α7,prediction,3,33,1.54535,0.239617,1.36848,0.0957734,6.59106
PV α7 + SOM β2 + NDNF α7,prediction,3,34,1.47462,0.222085,1.35464,0.148886,6.28813
PV α7 + SOM β2 + NDNF α7,prediction,3,35,1.53925,0.243445,1.37829,0.121244,6.61194
PV α7 + SOM β2 + NDNF α7,prediction,3,36,1.52471,0.227439,1.35807,0.186538,6.26069
PV α7 + SOM β2 + NDNF α7,prediction,3,37,1.52552,0.235137,1.37686,0.12709,6.48663
PV α7 + SOM β2 + NDNF α7,prediction,3,38,1.49715,0.224412,1.36178,0.106694,6.4168
PV α7 + SOM β2 + NDNF α7,prediction,3,39,1.49272,0.228362,1.35951,0.116858,6.41951
PV α7 + SOM β2 + NDNF α7,prediction,3,40,1.60722,0.24459,1.38766,0.102808,6.55596
PV α7 + SOM β2 + NDNF α7,prediction,3,41,1.46344,0.223812,1.35354,0.12177,6.42279
PV α7 + SOM β2 + NDNF α7,prediction,3,42,1.44804,0.226845,1.34764,0.120098,6.43434
PV α7 + SOM β2 + NDNF α7,prediction,3,43,1.43513,0.22461,1.33867,0.0981625,6.48302
PV α7 + SOM β2 + NDNF α7,prediction,3,44,1.43716,0.220507,1.33633,0.0964104,6.43388
PV α7 + SOM β2 + NDNF α7,prediction,3,45,1.46309,0.220361,1.34804,0.122826,6.29224
PV α7 + SOM β2 + NDNF α7,prediction,3,46,1.42475,0.221802,1.33874,0.103302,6.41214
PV α7 + SOM β2 + NDNF α7,prediction,3,47,1.43615,0.219889,1.3396,0.105696,6.42509
PV α7 + SOM β2 + NDNF α7,prediction,3,48,1.50976,0.237546,1.35184,0.12347,6.50461
PV α7 + SOM β2 + NDNF α7,prediction,3,49,1.36381,0.209783,1.31829,0.130144,6.24356
PV α7 + SOM β2 + NDNF β2,prediction,3,0,1.38242,0.231972,1.23666,0.0682,6.19476
PV α7 + SOM β2 + NDNF β2,prediction,3,1,1.32739,0.227474,1.22108,0.0551679,6.20895
PV α7 + SOM β2 + NDNF β2,prediction,3,2,1.37142,0.230345,1.2425,0.0608124,6.16793
PV α7 + SOM β2 + NDNF β2,prediction,3,3,1.39902,0.231348,1.25208,0.078793,6.06983
PV α7 + SOM β2 + NDNF β2,prediction,3,4,1.33962,0.225686,1.22313,0.0514323,6.22423
PV α7 + SOM β2 + NDNF β2,prediction,3,5,1.29577,0.217318,1.21628,0.0636213,6.08968
PV α7 + SOM β2 + NDNF β2,prediction,3,6,1.22692,0.205786,1.1998,0.0551675,6.0447
PV α7 + SOM β2 + NDNF β2,prediction,3,7,1.33934,0.224386,1.23692,0.0657048,6.08899
PV α7 + SOM β2 + NDNF β2,prediction,3,8,1.41576,0.233321,1.26187,0.0590058,6.12198
PV α7 + SOM β2 + NDNF β2,prediction,3,9,1.37556,0.229102,1.23916,0.0851071,6.02559
PV α7 + SOM β2 + NDNF β2,prediction,3,10,1.42173,0.243176,1.26144,0.0606964,6.28786
PV α7 + SOM β2 + NDNF β2,prediction,3,11,1.38207,0.224526,1.25148,0.0726188,6.0255
PV α7 + SOM β2 + NDNF β2,prediction,3,12,1.33547,0.226644,1.22711,0.0457206,6.2376
PV α7 + SOM β2 + NDNF β2,prediction,3,13,1.39548,0.23799,1.24035,0.045166,6.3224
PV α7 + SOM β2 + NDNF β2,prediction,3,14,1.38279,0.235318,1.23948,0.0551059,6.1982
PV α7 + SOM β2 + NDNF β2,prediction,3,15,1.39832,0.232185,1.25665,0.0686472,6.10823
PV α7 + SOM β2 + NDNF β2,prediction,3,16,1.39075,0.22721,1.25283,0.0516746,6.12472
PV α7 + SOM β2 + NDNF β2,prediction,3,17,1.3795,0.226321,1.24918,0.0903587,6.00584
PV α7 + SOM β2 + NDNF β2,prediction,3,18,1.40101,0.238043,1.2439,0.0743536,6.2166
PV α7 + SOM β2 + NDNF β2,prediction,3,19,1.38098,0.227398,1.24693,0.0778966,6.02492
PV α7 + SOM β2 + NDNF β2,prediction,3,20,1.32703,0.219889,1.23475,0.0728821,6.03528
PV α7 + SOM β2 + NDNF β2,prediction,3,21,1.27295,0.211348,1.21132,0.0770156,5.94066
PV α7 + SOM β2 + NDNF β2,prediction,3,22,1.50122,0.250682,1.2785,0.0669629,6.30697
PV α7 + SOM β2 + NDNF β2,prediction,3,23,1.38477,0.232742,1.23816,0.0709321,6.17032
PV α7 + SOM β2 + NDNF β2,prediction,3,24,1.42101,0.238659,1.25592,0.0599671,6.21394
PV α7 + SOM β2 + NDNF β2,prediction,3,25,1.4652,0.246334,1.26424,0.104496,6.08844
PV α7 + SOM β2 + NDNF β2,prediction,3,26,1.38069,0.232652,1.24448,0.0754198,6.10315
PV α7 + SOM β2 + NDNF β2,prediction,3,27,1.4179,0.240786,1.24716,0.0559873,6.29287
PV α7 + SOM β2 + NDNF β2,prediction,3,28,1.33542,0.218348,1.23919,0.0968707,5.89286
PV α7 + SOM β2 + NDNF β2,prediction,3,29,1.39888,0.22915,1.2547,0.0977178,5.91744
PV α7 + SOM β2 + NDNF β2,prediction,3,30,1.25356,0.213844,1.20231,0.0552003,6.09637
PV α7 + SOM β2 + NDNF β2,prediction,3,31,1.32568,0.219502,1.22954,0.0866161,5.96551
PV α7 + SOM β2 + NDNF β2,prediction,3,32,1.381,0.231617,1.24623,0.0654789,6.16327
PV α7 + SOM β2 + NDNF β2,prediction,3,33,1.38027,0.231442,1.24769,0.0662754,6.12951
PV α7 + SOM β2 + NDNF β2,prediction,3,34,1.35335,0.227348,1.23553,0.0597786,6.12181
PV α7 + SOM β2 + NDNF β2,prediction,3,35,1.33964,0.218236,1.23197,0.0874819,5.92753
PV α7 + SOM β2 + NDNF β2,prediction,3,36,1.39373,0.230308,1.2393,0.075094,6.11825
PV α7 + SOM β2 + NDNF β2,prediction,3,37,1.37879,0.226313,1.24738,0.0924397,6.02541
PV α7 + SOM β2 + NDNF β2,prediction,3,38,1.46862,0.246506,1.26577,0.0859554,6.133
PV α7 + SOM β2 + NDNF β2,prediction,3,39,1.45331,0.241596,1.26254,0.084706,6.11399
PV α7 + SOM β2 + NDNF β2,prediction,3,40,1.339,0.223965,1.23481,0.081547,6.01941
PV α7 + SOM β2 + NDNF β2,prediction,3,41,1.34208,0.224763,1.23055,0.0516324,6.11001
PV α7 + SOM β2 + NDNF β2,prediction,3,42,1.44959,0.246355,1.25914,0.0875964,6.18166
PV α7 + SOM β2 + NDNF β2,prediction,3,43,1.35798,0.224725,1.24631,0.102233,5.93379
PV α7 + SOM β2 + NDNF β2,prediction,3,44,1.41119,0.233013,1.24756,0.0634652,6.16423
PV α7 + SOM β2 + NDNF β2,prediction,3,45,1.37783,0.231186,1.23734,0.0565301,6.17774
PV α7 + SOM β2 + NDNF β2,prediction,3,46,1.31583,0.220784,1.2194,0.0636911,6.13521
PV α7 + SOM β2 + NDNF β2,prediction,3,47,1.32285,0.218072,1.22849,0.04952,6.10055
PV α7 + SOM β2 + NDNF β2,prediction,3,48,1.36575,0.230259,1.23583,0.0582341,6.1824
PV α7 + SOM β2 + NDNF β2,prediction,3,49,1.37359,0.227441,1.24443,0.0730297,6.06234
PV α7 + VIP α5 + NDNF α7,prediction,3,0,1.07291,2.38874,1.719,0.948261,1.40071
PV α7 + VIP α5 + NDNF α7,prediction,3,1,0.989471,2.33495,1.69823,0.899758,1.39153
PV α7 + VIP α5 + NDNF α7,prediction,3,2,0.981494,2.31492,1.68424,0.882601,1.39086
PV α7 + VIP α5 + NDNF α7,prediction,3,3,1.12378,2.41865,1.73179,0.996152,1.4098
PV α7 + VIP α5 + NDNF α7,prediction,3,4,1.06164,2.35803,1.70105,0.932024,1.39754
PV α7 + VIP α5 + NDNF α7,prediction,3,5,1.01346,2.33371,1.68974,0.929875,1.3739
PV α7 + VIP α5 + NDNF α7,prediction,3,6,0.941818,2.28258,1.66857,0.848875,1.38386
PV α7 + VIP α5 + NDNF α7,prediction,3,7,1.03346,2.34325,1.70204,0.907773,1.41368
PV α7 + VIP α5 + NDNF α7,prediction,3,8,0.999386,2.33265,1.69733,0.887198,1.4095
PV α7 + VIP α5 + NDNF α7,prediction,3,9,0.976604,2.27212,1.66983,0.869752,1.39693
PV α7 + VIP α5 + NDNF α7,prediction,3,10,0.976133,2.23544,1.65798,0.840813,1.41242
PV α7 + VIP α5 + NDNF α7,prediction,3,11,1.01601,2.29081,1.68057,0.862475,1.41871
PV α7 + VIP α5 + NDNF α7,prediction,3,12,1.0068,2.27942,1.67145,0.876006,1.39927
PV α7 + VIP α5 + NDNF α7,prediction,3,13,0.996878,2.26332,1.66939,0.838807,1.42545
PV α7 + VIP α5 + NDNF α7,prediction,3,14,1.03238,2.33233,1.69306,0.90667,1.40072
PV α7 + VIP α5 + NDNF α7,prediction,3,15,1.01266,2.28259,1.67199,0.868115,1.40873
PV α7 + VIP α5 + NDNF α7,prediction,3,16,1.00639,2.32239,1.68575,0.903474,1.38937
PV α7 + VIP α5 + NDNF α7,prediction,3,17,0.990685,2.32277,1.68521,0.90816,1.3755
PV α7 + VIP α5 + NDNF α7,prediction,3,18,1.00051,2.34947,1.69364,0.929926,1.36956
PV α7 + VIP α5 + NDNF α7,prediction,3,19,1.07499,2.38584,1.71779,0.944531,1.40944
PV α7 + VIP α5 + NDNF α7,prediction,3,20,0.957963,2.26803,1.66785,0.845725,1.39484
PV α7 + VIP α5 + NDNF α7,prediction,3,21,1.10795,2.3882,1.72021,0.950098,1.42528
PV α7 + VIP α5 + NDNF α7,prediction,3,22,1.03355,2.37182,1.70459,0.953411,1.37411
PV α7 + VIP α5 + NDNF α7,prediction,3,23,1.01843,2.38425,1.71374,0.944748,1.38301
PV α7 + VIP α5 + NDNF α7,prediction,3,24,0.880703,2.20497,1.63684,0.787266,1.37273
PV α7 + VIP α5 + NDNF α7,prediction,3,25,0.960242,2.26438,1.6664,0.853968,1.39
PV α7 + VIP α5 + NDNF α7,prediction,3,26,1.02668,2.29754,1.68155,0.889862,1.40721
PV α7 + VIP α5 + NDNF α7,prediction,3,27,0.950461,2.29014,1.67109,0.845583,1.38999
PV α7 + VIP α5 + NDNF α7,prediction,3,28,0.994951,2.36235,1.69574,0.943888,1.35459
PV α7 + VIP α5 + NDNF α7,prediction,3,29,1.02567,2.33218,1.69786,0.893594,1.41039
PV α7 + VIP α5 + NDNF α7,prediction,3,30,1.06311,2.38993,1.71677,0.969205,1.38623
PV α7 + VIP α5 + NDNF α7,prediction,3,31,1.06089,2.33478,1.697,0.907692,1.42555
PV α7 + VIP α5 + NDNF α7,prediction,3,32,0.979939,2.29468,1.67587,0.878667,1.38666
PV α7 + VIP α5 + NDNF α7,prediction,3,33,1.01666,2.32479,1.6902,0.899039,1.39896
PV α7 + VIP α5 + NDNF α7,prediction,3,34,0.955376,2.22848,1.65644,0.812108,1.41488
PV α7 + VIP α5 + NDNF α7,prediction,3,35,0.975638,2.26144,1.66886,0.849401,1.40469
PV α7 + VIP α5 + NDNF α7,prediction,3,36,0.954215,2.27517,1.66926,0.858232,1.38632
PV α7 + VIP α5 + NDNF α7,prediction,3,37,1.00066,2.28538,1.67584,0.876757,1.40243
PV α7 + VIP α5 + NDNF α7,prediction,3,38,1.01912,2.37176,1.71189,0.902356,1.41863
PV α7 + VIP α5 + NDNF α7,prediction,3,39,0.947339,2.2526,1.66167,0.826206,1.40013
PV α7 + VIP α5 + NDNF α7,prediction,3,40,1.06275,2.34146,1.69993,0.929364,1.40263
PV α7 + VIP α5 + NDNF α7,prediction,3,41,0.956652,2.26058,1.66644,0.83504,1.40818
PV α7 + VIP α5 + NDNF α7,prediction,3,42,1.00776,2.35037,1.69969,0.922302,1.38488
PV α7 + VIP α5 + NDNF α7,prediction,3,43,1.08046,2.40344,1.72226,0.973822,1.38878
PV α7 + VIP α5 + NDNF α7,prediction,3,44,1.00325,2.29803,1.68573,0.868338,1.41694
PV α7 + VIP α5 + NDNF α7,prediction,3,45,1.00046,2.33115,1.68927,0.902663,1.38929
PV α7 + VIP α5 + NDNF α7,prediction,3,46,0.945334,2.29787,1.68006,0.854052,1.39162
PV α7 + VIP α5 + NDNF α7,prediction,3,47,0.929124,2.25624,1.65559,0.85259,1.3683
PV α7 + VIP α5 + NDNF α7,prediction,3,48,0.984749,2.35773,1.69899,0.910355,1.37538
PV α7 + VIP α5 + NDNF α7,prediction,3,49,0.987808,2.30362,1.68504,0.878281,1.39553
PV α7 + VIP α5 + NDNF β2,prediction,3,0,0.899966,2.24483,1.57535,1.08153,1.121
PV α7 + VIP α5 + NDNF β2,prediction,3,1,0.897381,2.19562,1.55584,1.05859,1.12037
PV α7 + VIP α5 + NDNF β2,prediction,3,2,0.882056,2.16609,1.54571,0.994657,1.1396
PV α7 + VIP α5 + NDNF β2,prediction,3,3,0.958344,2.31356,1.60182,1.15392,1.11791
PV α7 + VIP α5 + NDNF β2,prediction,3,4,0.974567,2.27863,1.5909,1.13031,1.13032
PV α7 + VIP α5 + NDNF β2,prediction,3,5,0.904065,2.19841,1.55543,1.04338,1.12878
PV α7 + VIP α5 + NDNF β2,prediction,3,6,0.946522,2.27524,1.59078,1.12286,1.12611
PV α7 + VIP α5 + NDNF β2,prediction,3,7,0.909376,2.18265,1.55685,1.03952,1.13781
PV α7 + VIP α5 + NDNF β2,prediction,3,8,0.925031,2.22546,1.56851,1.06659,1.12805
PV α7 + VIP α5 + NDNF β2,prediction,3,9,0.942477,2.30528,1.60002,1.14946,1.11662
PV α7 + VIP α5 + NDNF β2,prediction,3,10,0.913972,2.24957,1.57518,1.09736,1.1145
PV α7 + VIP α5 + NDNF β2,prediction,3,11,0.93597,2.25356,1.57514,1.11038,1.11398
PV α7 + VIP α5 + NDNF β2,prediction,3,12,0.848669,2.20639,1.55234,1.07735,1.09038
PV α7 + VIP α5 + NDNF β2,prediction,3,13,0.83819,2.18225,1.55421,1.01276,1.11919
PV α7 + VIP α5 + NDNF β2,prediction,3,14,0.898123,2.21253,1.559,1.06704,1.11753
PV α7 + VIP α5 + NDNF β2,prediction,3,15,0.926758,2.22862,1.57157,1.09371,1.12291
PV α7 + VIP α5 + NDNF β2,prediction,3,16,0.930072,2.22309,1.56783,1.08964,1.12785
PV α7 + VIP α5 + NDNF β2,prediction,3,17,0.920615,2.24433,1.5779,1.11026,1.11827
PV α7 + VIP α5 + NDNF β2,prediction,3,18,0.894006,2.22486,1.56448,1.06863,1.11025
PV α7 + VIP α5 + NDNF β2,prediction,3,19,0.945653,2.25288,1.58057,1.09978,1.12756
PV α7 + VIP α5 + NDNF β2,prediction,3,20,0.905501,2.22804,1.56535,1.07908,1.10985
PV α7 + VIP α5 + NDNF β2,prediction,3,21,0.934909,2.26721,1.5847,1.12506,1.11845
PV α7 + VIP α5 + NDNF β2,prediction,3,22,0.945125,2.24785,1.58044,1.10314,1.13231
PV α7 + VIP α5 + NDNF β2,prediction,3,23,0.933045,2.27592,1.58921,1.12266,1.11532
PV α7 + VIP α5 + NDNF β2,prediction,3,24,0.946269,2.25534,1.58106,1.1006,1.12955
PV α7 + VIP α5 + NDNF β2,prediction,3,25,0.864603,2.17736,1.54624,1.03948,1.1151
PV α7 + VIP α5 + NDNF β2,prediction,3,26,0.94194,2.25005,1.58237,1.08483,1.14134
PV α7 + VIP α5 + NDNF β2,prediction,3,27,0.911687,2.25489,1.58191,1.09805,1.11677
PV α7 + VIP α5 + NDNF β2,prediction,3,28,0.902266,2.23612,1.56927,1.07712,1.11598
PV α7 + VIP α5 + NDNF β2,prediction,3,29,0.895953,2.22829,1.5658,1.06723,1.11511
PV α7 + VIP α5 + NDNF β2,prediction,3,30,0.918672,2.21362,1.56144,1.06325,1.12964
PV α7 + VIP α5 + NDNF β2,prediction,3,31,0.949017,2.27701,1.5886,1.0996,1.1357
PV α7 + VIP α5 + NDNF β2,prediction,3,32,0.985324,2.30884,1.59945,1.17524,1.11741
PV α7 + VIP α5 + NDNF β2,prediction,3,33,0.883576,2.19911,1.55752,1.02073,1.1324
PV α7 + VIP α5 + NDNF β2,prediction,3,34,0.912547,2.19457,1.55687,1.03087,1.14286
PV α7 + VIP α5 + NDNF β2,prediction,3,35,0.936432,2.24917,1.57676,1.08748,1.1314
PV α7 + VIP α5 + NDNF β2,prediction,3,36,0.917742,2.22263,1.56953,1.07457,1.12349
PV α7 + VIP α5 + NDNF β2,prediction,3,37,0.883741,2.20166,1.56155,1.04339,1.12033
PV α7 + VIP α5 + NDNF β2,prediction,3,38,0.927889,2.22734,1.57015,1.06838,1.12892
PV α7 + VIP α5 + NDNF β2,prediction,3,39,0.899735,2.22717,1.57132,1.0615,1.12515
PV α7 + VIP α5 + NDNF β2,prediction,3,40,0.856114,2.15666,1.53569,0.99621,1.11892
PV α7 + VIP α5 + NDNF β2,prediction,3,41,0.957902,2.27536,1.59175,1.10938,1.13403
PV α7 + VIP α5 + NDNF β2,prediction,3,42,0.839288,2.14119,1.53319,0.973751,1.12385
PV α7 + VIP α5 + NDNF β2,prediction,3,43,0.933342,2.24073,1.5759,1.07001,1.14525
PV α7 + VIP α5 + NDNF β2,prediction,3,44,0.840408,2.16671,1.54256,1.02531,1.10877
PV α7 + VIP α5 + NDNF β2,prediction,3,45,0.917051,2.24032,1.5768,1.09065,1.12763
PV α7 + VIP α5 + NDNF β2,prediction,3,46,0.940541,2.30383,1.59683,1.15518,1.10845
PV α7 + VIP α5 + NDNF β2,prediction,3,47,0.892966,2.22308,1.56204,1.07738,1.10701
PV α7 + VIP α5 + NDNF β2,prediction,3,48,0.850293,2.13393,1.53283,0.988548,1.12849
PV α7 + VIP α5 + NDNF β2,prediction,3,49,0.878254,2.19408,1.55291,1.04583,1.10737
PV α7 + NDNF α7 + NDNF β2,prediction,3,0,1.74918,1.00967,1.32322,5.59051,2.77803
PV α7 + NDNF α7 + NDNF β2,prediction,3,1,1.65091,0.955927,1.29015,5.48519,2.71462
PV α7 + NDNF α7 + NDNF β2,prediction,3,2,1.77141,1.01571,1.32631,5.60233,2.78472
PV α7 + NDNF α7 + NDNF β2,prediction,3,3,1.65555,0.969159,1.29433,5.51432,2.71105
PV α7 + NDNF α7 + NDNF β2,prediction,3,4,1.60285,0.943893,1.27904,5.40938,2.73948
PV α7 + NDNF α7 + NDNF β2,prediction,3,5,1.73405,1.012,1.32172,5.57026,2.76908
PV α7 + NDNF α7 + NDNF β2,prediction,3,6,1.76969,1.0002,1.31891,5.58887,2.76215
PV α7 + NDNF α7 + NDNF β2,prediction,3,7,1.75055,1.00533,1.31843,5.57869,2.76711
PV α7 + NDNF α7 + NDNF β2,prediction,3,8,1.74517,1.00319,1.32156,5.57648,2.74564
PV α7 + NDNF α7 + NDNF β2,prediction,3,9,1.83178,1.03482,1.34318,5.66317,2.78199
PV α7 + NDNF α7 + NDNF β2,prediction,3,10,1.78956,1.02456,1.32657,5.60523,2.81374
PV α7 + NDNF α7 + NDNF β2,prediction,3,11,1.77953,1.0095,1.32978,5.63252,2.74207
PV α7 + NDNF α7 + NDNF β2,prediction,3,12,1.77626,1.00712,1.31751,5.59144,2.78472
PV α7 + NDNF α7 + NDNF β2,prediction,3,13,1.71753,0.9732,1.29879,5.5671,2.71925
PV α7 + NDNF α7 + NDNF β2,prediction,3,14,1.7651,1.00739,1.32553,5.57222,2.77989
PV α7 + NDNF α7 + NDNF β2,prediction,3,15,1.73788,0.984525,1.3086,5.57405,2.73572
PV α7 + NDNF α7 + NDNF β2,prediction,3,16,1.79628,1.01855,1.33049,5.62217,2.77317
PV α7 + NDNF α7 + NDNF β2,prediction,3,17,1.84061,1.02944,1.33558,5.68981,2.77791
PV α7 + NDNF α7 + NDNF β2,prediction,3,18,1.66236,0.969675,1.3007,5.47398,2.73395
PV α7 + NDNF α7 + NDNF β2,prediction,3,19,1.80564,1.02309,1.33731,5.65806,2.76975
PV α7 + NDNF α7 + NDNF β2,prediction,3,20,1.82917,1.04199,1.33854,5.65198,2.801
PV α7 + NDNF α7 + NDNF β2,prediction,3,21,1.85525,1.04951,1.34884,5.67707,2.82137
PV α7 + NDNF α7 + NDNF β2,prediction,3,22,1.72167,0.995426,1.31262,5.52378,2.78206
PV α7 + NDNF α7 + NDNF β2,prediction,3,23,1.69757,0.980391,1.30462,5.53705,2.73633
PV α7 + NDNF α7 + NDNF β2,prediction,3,24,1.81674,1.02965,1.33271,5.63399,2.79097
PV α7 + NDNF α7 + NDNF β2,prediction,3,25,1.65056,0.952153,1.29164,5.48809,2.70489
PV α7 + NDNF α7 + NDNF β2,prediction,3,26,1.83282,1.03818,1.33985,5.6464,2.80107
PV α7 + NDNF α7 + NDNF β2,prediction,3,27,1.79483,1.01668,1.33168,5.66615,2.7662
PV α7 + NDNF α7 + NDNF β2,prediction,3,28,1.85993,1.05146,1.3515,5.68488,2.80403
PV α7 + NDNF α7 + NDNF β2,prediction,3,29,1.81642,1.03162,1.32891,5.64283,2.79949
PV α7 + NDNF α7 + NDNF β2,prediction,3,30,1.86775,1.04802,1.34699,5.70662,2.79348
PV α7 + NDNF α7 + NDNF β2,prediction,3,31,1.81573,1.04121,1.3465,5.65,2.81356
PV α7 + NDNF α7 + NDNF β2,prediction,3,32,1.69503,0.97966,1.30734,5.5239,2.74933
PV α7 + NDNF α7 + NDNF β2,prediction,3,33,1.81875,1.03883,1.33968,5.66091,2.82217
PV α7 + NDNF α7 + NDNF β2,prediction,3,34,1.6918,0.980566,1.30393,5.51312,2.73319
PV α7 + NDNF α7 + NDNF β2,prediction,3,35,1.73242,0.979917,1.30527,5.56108,2.73339
PV α7 + NDNF α7 + NDNF β2,prediction,3,36,1.77035,1.01878,1.32942,5.61464,2.77595
PV α7 + NDNF α7 + NDNF β2,prediction,3,37,1.80926,1.03518,1.33954,5.62936,2.80057
PV α7 + NDNF α7 + NDNF β2,prediction,3,38,1.78246,1.01417,1.32554,5.61154,2.78496
PV α7 + NDNF α7 + NDNF β2,prediction,3,39,1.64261,0.9727,1.29735,5.46402,2.71582
PV α7 + NDNF α7 + NDNF β2,prediction,3,40,1.80676,1.03197,1.33613,5.64136,2.79762
PV α7 + NDNF α7 + NDNF β2,prediction,3,41,1.85803,1.05143,1.354,5.70661,2.82102
PV α7 + NDNF α7 + NDNF β2,prediction,3,42,1.80991,1.04305,1.34592,5.64796,2.80254
PV α7 + NDNF α7 + NDNF β2,prediction,3,43,1.62284,0.958778,1.29058,5.46146,2.75478
PV α7 + NDNF α7 + NDNF β2,prediction,3,44,1.68225,0.97834,1.30284,5.51365,2.7449
PV α7 + NDNF α7 + NDNF β2,prediction,3,45,1.73901,0.995125,1.31625,5.57629,2.73729
PV α7 + NDNF α7 + NDNF β2,prediction,3,46,1.68348,0.970731,1.29785,5.52477,2.71018
PV α7 + NDNF α7 + NDNF β2,prediction,3,47,1.72235,0.99672,1.31555,5.55016,2.783
PV α7 + NDNF α7 + NDNF β2,prediction,3,48,1.83743,1.02228,1.33742,5.68445,2.76468
PV α7 + NDNF α7 + NDNF β2,prediction,3,49,1.73464,0.99522,1.31416,5.56448,2.7579
SOM α7 + SOM β2 + VIP α5,prediction,3,0,0.909215,8.97831e-05,1.50118,9.08838e-09,9.02215
SOM α7 + SOM β2 + VIP α5,prediction,3,1,0.852079,8.96982e-05,1.459,7.00858e-09,9.04254
SOM α7 + SOM β2 + VIP α5,prediction,3,2,1.02011,9.07754e-05,1.5312,4.84376e-08,9.11845
SOM α7 + SOM β2 + VIP α5,prediction,3,3,0.948956,9.06073e-05,1.49811,1.29539e-08,9.27233
SOM α7 + SOM β2 + VIP α5,prediction,3,4,0.8186,8.90865e-05,1.4542,1.13639e-08,8.77671
SOM α7 + SOM β2 + VIP α5,prediction,3,5,0.930309,9.04053e-05,1.49195,9.49758e-09,9.0653
SOM α7 + SOM β2 + VIP α5,prediction,3,6,0.943329,9.01409e-05,1.50449,6.21036e-09,9.09693
SOM α7 + SOM β2 + VIP α5,prediction,3,7,0.843509,8.93498e-05,1.46397,6.6881e-09,8.87324
SOM α7 + SOM β2 + VIP α5,prediction,3,8,0.839092,8.95193e-05,1.46957,6.18469e-09,8.88372
SOM α7 + SOM β2 + VIP α5,prediction,3,9,0.856511,8.95707e-05,1.46062,4.91872e-09,9.06878
SOM α7 + SOM β2 + VIP α5,prediction,3,10,0.919068,8.99123e-05,1.50911,1.38584e-08,9.01947
SOM α7 + SOM β2 + VIP α5,prediction,3,11,0.895659,8.92309e-05,1.48807,2.7143e-08,8.7752
SOM α7 + SOM β2 + VIP α5,prediction,3,12,0.99895,9.04634e-05,1.52403,3.33285e-08,8.94911
SOM α7 + SOM β2 + VIP α5,prediction,3,13,0.8763,9.01199e-05,1.48485,3.56078e-09,9.09202
SOM α7 + SOM β2 + VIP α5,prediction,3,14,0.881406,8.95755e-05,1.48644,1.35975e-08,8.83114
SOM α7 + SOM β2 + VIP α5,prediction,3,15,0.928723,9.07752e-05,1.48364,2.58861e-09,9.32279
SOM α7 + SOM β2 + VIP α5,prediction,3,16,0.854212,8.96733e-05,1.47471,4.67025e-09,8.95629
SOM α7 + SOM β2 + VIP α5,prediction,3,17,0.904218,9.02373e-05,1.48484,9.31624e-09,9.0628
SOM α7 + SOM β2 + VIP α5,prediction,3,18,0.858317,8.99272e-05,1.46811,4.80144e-09,9.16423
SOM α7 + SOM β2 + VIP α5,prediction,3,19,0.910032,9.0734e-05,1.476,9.27006e-09,9.31179
SOM α7 + SOM β2 + VIP α5,prediction,3,20,0.874805,9.01981e-05,1.46828,2.70226e-09,9.24207
SOM α7 + SOM β2 + VIP α5,prediction,3,21,0.921029,8.93872e-05,1.50796,1.72643e-08,8.68828
SOM α7 + SOM β2 + VIP α5,prediction,3,22,0.891362,8.98416e-05,1.47354,1.29134e-08,9.01866
SOM α7 + SOM β2 + VIP α5,prediction,3,23,0.866716,8.99419e-05,1.46719,4.36827e-09,9.0673
SOM α7 + SOM β2 + VIP α5,prediction,3,24,0.872986,8.95624e-05,1.48744,6.07139e-09,8.95581
SOM α7 + SOM β2 + VIP α5,prediction,3,25,0.913393,9.03477e-05,1.50085,8.59157e-09,9.15887
SOM α7 + SOM β2 + VIP α5,prediction,3,26,0.855108,8.99362e-05,1.46775,4.68592e-08,9.13697
SOM α7 + SOM β2 + VIP α5,prediction,3,27,0.902992,8.94402e-05,1.49401,2.89216e-08,8.74687
SOM α7 + SOM β2 + VIP α5,prediction,3,28,0.88677,8.99808e-05,1.484,6.14048e-09,9.09863
SOM α7 + SOM β2 + VIP α5,prediction,3,29,0.852467,8.98707e-05,1.45641,9.48215e-09,8.96792
SOM α7 + SOM β2 + VIP α5,prediction,3,30,0.880128,8.94918e-05,1.47679,2.23822e-08,8.75408
SOM α7 + SOM β2 + VIP α5,prediction,3,31,0.887858,9.01131e-05,1.47866,3.52952e-09,9.1623
SOM α7 + SOM β2 + VIP α5,prediction,3,32,0.877373,8.9948e-05,1.47069,4.93013e-09,8.97479
SOM α7 + SOM β2 + VIP α5,prediction,3,33,0.824375,8.9525e-05,1.464,4.11517e-09,8.89005
SOM α7 + SOM β2 + VIP α5,prediction,3,34,0.869359,8.93962e-05,1.4851,8.23375e-09,8.8599
SOM α7 + SOM β2 + VIP α5,prediction,3,35,0.922518,9.03113e-05,1.49523,5.62648e-09,9.15785
SOM α7 + SOM β2 + VIP α5,prediction,3,36,0.87701,9.01449e-05,1.47201,1.87924e-08,9.21937
SOM α7 + SOM β2 + VIP α5,prediction,3,37,0.893418,8.95741e-05,1.48329,1.12287e-08,8.81199
SOM α7 + SOM β2 + VIP α5,prediction,3,38,0.974051,9.03942e-05,1.52227,6.95212e-09,9.15703
SOM α7 + SOM β2 + VIP α5,prediction,3,39,0.917847,9.02197e-05,1.48554,8.81064e-09,8.99983
SOM α7 + SOM β2 + VIP α5,prediction,3,40,0.771978,8.92819e-05,1.43355,1.00371e-08,8.921
SOM α7 + SOM β2 + VIP α5,prediction,3,41,0.849647,8.97446e-05,1.45924,1.02953e-08,8.94421
SOM α7 + SOM β2 + VIP α5,prediction,3,42,0.905473,9.00827e-05,1.49012,4.2207e-09,9.06876
SOM α7 + SOM β2 + VIP α5,prediction,3,43,0.923825,8.94618e-05,1.50916,1.36992e-08,8.82608
SOM α7 + SOM β2 + VIP α5,prediction,3,44,0.810252,8.9514e-05,1.44531,4.80953e-09,9.08728
SOM α7 + SOM β2 + VIP α5,prediction,3,45,0.923192,8.99246e-05,1.50457,1.10936e-08,8.92748
SOM α7 + SOM β2 + VIP α5,prediction,3,46,0.821651,8.9621e-05,1.45805,4.1302e-09,9.13902
SOM α7 + SOM β2 + VIP α5,prediction,3,47,0.864705,8.92085e-05,1.48007,1.83873e-08,8.63375
SOM α7 + SOM β2 + VIP α5,prediction,3,48,0.835806,8.97803e-05,1.46551,4.21798e-09,9.08917
SOM α7 + SOM β2 + VIP α5,prediction,3,49,0.963336,9.00364e-05,1.5203,2.78547e-08,8.87193
SOM α7 + SOM β2 + NDNF α7,prediction,3,0,1.41021,9.15582e-05,1.92812,0.0360495,7.38857
SOM α7 + SOM β2 + NDNF α7,prediction,3,1,1.4163,9.17806e-05,1.94378,0.0303566,7.34187
SOM α7 + SOM β2 + NDNF α7,prediction,3,2,1.44758,9.16773e-05,1.94127,0.0354979,7.36372
SOM α7 + SOM β2 + NDNF α7,prediction,3,3,1.47663,9.32851e-05,1.95619,0.0171378,7.79621
SOM α7 + SOM β2 + NDNF α7,prediction,3,4,1.34121,9.16448e-05,1.90683,0.0256906,7.35383
SOM α7 + SOM β2 + NDNF α7,prediction,3,5,1.42062,9.30124e-05,1.92699,0.0175057,7.72719
SOM α7 + SOM β2 + NDNF α7,prediction,3,6,1.39927,9.19938e-05,1.93771,0.0222278,7.39033
SOM α7 + SOM β2 + NDNF α7,prediction,3,7,1.40913,9.25821e-05,1.92169,0.0215906,7.61872
SOM α7 + SOM β2 + NDNF α7,prediction,3,8,1.46061,9.19982e-05,1.94067,0.0387521,7.52932
SOM α7 + SOM β2 + NDNF α7,prediction,3,9,1.4457,9.1429e-05,1.94455,0.0337253,7.23375
SOM α7 + SOM β2 + NDNF α7,prediction,3,10,1.39382,9.21147e-05,1.91573,0.0250294,7.38162
SOM α7 + SOM β2 + NDNF α7,prediction,3,11,1.35879,9.07801e-05,1.92183,0.038905,7.15433
SOM α7 + SOM β2 + NDNF α7,prediction,3,12,1.37589,9.10389e-05,1.91863,0.0409496,7.2153
SOM α7 + SOM β2 + NDNF α7,prediction,3,13,1.3393,9.11195e-05,1.92515,0.0239929,7.26118
SOM α7 + SOM β2 + NDNF α7,prediction,3,14,1.41824,9.13046e-05,1.9289,0.0395276,7.29878
SOM α7 + SOM β2 + NDNF α7,prediction,3,15,1.38519,9.08977e-05,1.92386,0.0475115,7.29109
SOM α7 + SOM β2 + NDNF α7,prediction,3,16,1.48112,9.24843e-05,1.95775,0.0237188,7.5877
SOM α7 + SOM β2 + NDNF α7,prediction,3,17,1.44882,9.1714e-05,1.94211,0.039374,7.39339
SOM α7 + SOM β2 + NDNF α7,prediction,3,18,1.4544,9.14108e-05,1.95443,0.0366763,7.30817
SOM α7 + SOM β2 + NDNF α7,prediction,3,19,1.45733,9.19229e-05,1.9421,0.0265505,7.39729
SOM α7 + SOM β2 + NDNF α7,prediction,3,20,1.44108,9.2325e-05,1.93694,0.0253304,7.49965
SOM α7 + SOM β2 + NDNF α7,prediction,3,21,1.35085,9.1397e-05,1.91282,0.0314665,7.30552
SOM α7 + SOM β2 + NDNF α7,prediction,3,22,1.4417,9.2399e-05,1.94089,0.0254875,7.58734
SOM α7 + SOM β2 + NDNF α7,prediction,3,23,1.44099,9.18455e-05,1.93141,0.0397746,7.42542
SOM α7 + SOM β2 + NDNF α7,prediction,3,24,1.37833,9.16183e-05,1.92334,0.0314643,7.42103
SOM α7 + SOM β2 + NDNF α7,prediction,3,25,1.4045,9.22598e-05,1.9244,0.0257381,7.59907
SOM α7 + SOM β2 + NDNF α7,prediction,3,26,1.3155,9.08134e-05,1.90462,0.0315236,7.16669
SOM α7 + SOM β2 + NDNF α7,prediction,3,27,1.45127,9.22378e-05,1.94678,0.0241252,7.48635
SOM α7 + SOM β2 + NDNF α7,prediction,3,28,1.38329,9.18377e-05,1.93223,0.0210904,7.43407
SOM α7 + SOM β2 + NDNF α7,prediction,3,29,1.48115,9.20455e-05,1.94678,0.0356014,7.41317
SOM α7 + SOM β2 + NDNF α7,prediction,3,30,1.50249,9.22763e-05,1.95708,0.0334831,7.50967
SOM α7 + SOM β2 + NDNF α7,prediction,3,31,1.48334,9.25292e-05,1.94733,0.0255629,7.51715
SOM α7 + SOM β2 + NDNF α7,prediction,3,32,1.34226,9.14232e-05,1.91415,0.0243732,7.33068
SOM α7 + SOM β2 + NDNF α7,prediction,3,33,1.36037,9.10102e-05,1.91475,0.0343491,7.27369
SOM α7 + SOM β2 + NDNF α7,prediction,3,34,1.33504,9.08599e-05,1.91869,0.0287475,7.1689
SOM α7 + SOM β2 + NDNF α7,prediction,3,35,1.48063,9.27893e-05,1.95101,0.0205653,7.55989
SOM α7 + SOM β2 + NDNF α7,prediction,3,36,1.37029,9.13502e-05,1.93167,0.0300706,7.40984
SOM α7 + SOM β2 + NDNF α7,prediction,3,37,1.36983,9.18494e-05,1.91451,0.0253615,7.38771
SOM α7 + SOM β2 + NDNF α7,prediction,3,38,1.47571,9.16354e-05,1.95288,0.0386168,7.35237
SOM α7 + SOM β2 + NDNF α7,prediction,3,39,1.33035,9.11232e-05,1.90531,0.032948,7.3654
SOM α7 + SOM β2 + NDNF α7,prediction,3,40,1.41185,9.17041e-05,1.93188,0.0348594,7.50112
SOM α7 + SOM β2 + NDNF α7,prediction,3,41,1.51595,9.2099e-05,1.96002,0.0383381,7.39636
SOM α7 + SOM β2 + NDNF α7,prediction,3,42,1.41336,9.16982e-05,1.93529,0.0328678,7.43659
SOM α7 + SOM β2 + NDNF α7,prediction,3,43,1.45738,9.15732e-05,1.93932,0.0407207,7.385
SOM α7 + SOM β2 + NDNF α7,prediction,3,44,1.54453,9.34759e-05,1.96665,0.0264639,7.78021
SOM α7 + SOM β2 + NDNF α7,prediction,3,45,1.38733,9.20132e-05,1.92868,0.0230566,7.4901
SOM α7 + SOM β2 + NDNF α7,prediction,3,46,1.41378,9.18635e-05,1.93622,0.032276,7.51038
SOM α7 + SOM β2 + NDNF α7,prediction,3,47,1.39276,9.13088e-05,1.92517,0.0393259,7.38663
SOM α7 + SOM β2 + NDNF α7,prediction,3,48,1.48803,9.21793e-05,1.96383,0.0248544,7.44071
SOM α7 + SOM β2 + NDNF α7,prediction,3,49,1.48541,9.17102e-05,1.95026,0.038255,7.32415
SOM α7 + SOM β2 + NDNF β2,prediction,3,0,1.30284,9.18005e-05,1.75502,0.0130824,7.22116
SOM α7 + SOM β2 + NDNF β2,prediction,3,1,1.27479,9.1559e-05,1.75268,0.00985437,7.1408
SOM α7 + SOM β2 + NDNF β2,prediction,3,2,1.27706,9.19203e-05,1.73705,0.0111157,7.33435
SOM α7 + SOM β2 + NDNF β2,prediction,3,3,1.34025,9.24772e-05,1.75696,0.00980118,7.24635
SOM α7 + SOM β2 + NDNF β2,prediction,3,4,1.33381,9.18201e-05,1.75902,0.0141467,7.13337
SOM α7 + SOM β2 + NDNF β2,prediction,3,5,1.33814,9.18588e-05,1.75572,0.0178733,7.18667
SOM α7 + SOM β2 + NDNF β2,prediction,3,6,1.33858,9.23351e-05,1.76333,0.00864066,7.20862
SOM α7 + SOM β2 + NDNF β2,prediction,3,7,1.25521,9.18108e-05,1.73294,0.0106626,7.26254
SOM α7 + SOM β2 + NDNF β2,prediction,3,8,1.23258,9.09801e-05,1.73256,0.0173447,7.0355
SOM α7 + SOM β2 + NDNF β2,prediction,3,9,1.29164,9.1064e-05,1.75384,0.0249959,7.0651
SOM α7 + SOM β2 + NDNF β2,prediction,3,10,1.18492,9.13823e-05,1.71963,0.0112103,7.23137
SOM α7 + SOM β2 + NDNF β2,prediction,3,11,1.26416,9.15345e-05,1.73528,0.0147928,7.23353
SOM α7 + SOM β2 + NDNF β2,prediction,3,12,1.29389,9.16436e-05,1.7418,0.0176627,7.17462
SOM α7 + SOM β2 + NDNF β2,prediction,3,13,1.32302,9.14107e-05,1.75074,0.0201318,7.0633
SOM α7 + SOM β2 + NDNF β2,prediction,3,14,1.30851,9.11453e-05,1.75257,0.0233087,7.08612
SOM α7 + SOM β2 + NDNF β2,prediction,3,15,1.24178,9.13287e-05,1.73963,0.0104881,7.10712
SOM α7 + SOM β2 + NDNF β2,prediction,3,16,1.28088,9.16995e-05,1.74169,0.0111988,7.20021
SOM α7 + SOM β2 + NDNF β2,prediction,3,17,1.26191,9.12635e-05,1.75005,0.0125285,7.03131
SOM α7 + SOM β2 + NDNF β2,prediction,3,18,1.33713,9.20735e-05,1.7607,0.00994359,7.11497
SOM α7 + SOM β2 + NDNF β2,prediction,3,19,1.18346,9.06511e-05,1.71454,0.0233335,6.98274
SOM α7 + SOM β2 + NDNF β2,prediction,3,20,1.30139,9.09281e-05,1.75805,0.0240456,6.94083
SOM α7 + SOM β2 + NDNF β2,prediction,3,21,1.33048,9.25127e-05,1.75862,0.00756369,7.33844
SOM α7 + SOM β2 + NDNF β2,prediction,3,22,1.11495,9.07393e-05,1.7002,0.0054259,7.11063
SOM α7 + SOM β2 + NDNF β2,prediction,3,23,1.23336,9.08085e-05,1.73555,0.0159493,6.98798
SOM α7 + SOM β2 + NDNF β2,prediction,3,24,1.22241,9.07683e-05,1.73629,0.0146825,6.89392
SOM α7 + SOM β2 + NDNF β2,prediction,3,25,1.27332,9.13689e-05,1.75973,0.0118586,7.06412
SOM α7 + SOM β2 + NDNF β2,prediction,3,26,1.25384,9.1337e-05,1.74466,0.0110804,7.09101
SOM α7 + SOM β2 + NDNF β2,prediction,3,27,1.26999,9.21551e-05,1.74253,0.00825354,7.37166
SOM α7 + SOM β2 + NDNF β2,prediction,3,28,1.27496,9.18274e-05,1.75001,0.00657922,7.16987
SOM α7 + SOM β2 + NDNF β2,prediction,3,29,1.32628,9.19517e-05,1.75117,0.0185464,7.10921
SOM α7 + SOM β2 + NDNF β2,prediction,3,30,1.27066,9.14771e-05,1.73602,0.022324,7.30347
SOM α7 + SOM β2 + NDNF β2,prediction,3,31,1.29256,9.18032e-05,1.74911,0.0121487,7.16395
SOM α7 + SOM β2 + NDNF β2,prediction,3,32,1.34766,9.16228e-05,1.77848,0.0139928,7.15455
SOM α7 + SOM β2 + NDNF β2,prediction,3,33,1.24848,9.07616e-05,1.75128,0.0161488,6.88572
SOM α7 + SOM β2 + NDNF β2,prediction,3,34,1.31016,9.19485e-05,1.75822,0.00777676,7.21965
SOM α7 + SOM β2 + NDNF β2,prediction,3,35,1.29733,9.12427e-05,1.76686,0.0143685,7.05832
SOM α7 + SOM β2 + NDNF β2,prediction,3,36,1.3382,9.25723e-05,1.76742,0.00495914,7.43963
SOM α7 + SOM β2 + NDNF β2,prediction,3,37,1.33988,9.24066e-05,1.765,0.0103266,7.4436
SOM α7 + SOM β2 + NDNF β2,prediction,3,38,1.26696,9.20623e-05,1.74512,0.00730003,7.26748
SOM α7 + SOM β2 + NDNF β2,prediction,3,39,1.29935,9.15773e-05,1.75765,0.0142116,7.11159
SOM α7 + SOM β2 + NDNF β2,prediction,3,40,1.19917,9.11228e-05,1.72076,0.00876386,7.04818
SOM α7 + SOM β2 + NDNF β2,prediction,3,41,1.25956,9.14906e-05,1.74706,0.00834814,7.0996
SOM α7 + SOM β2 + NDNF β2,prediction,3,42,1.36215,9.20934e-05,1.75834,0.0182065,7.10223
SOM α7 + SOM β2 + NDNF β2,prediction,3,43,1.2858,9.1498e-05,1.74473,0.0116878,7.15355
SOM α7 + SOM β2 + NDNF β2,prediction,3,44,1.24574,9.16333e-05,1.73195,0.0105096,7.22345
SOM α7 + SOM β2 + NDNF β2,prediction,3,45,1.3176,9.22882e-05,1.75709,0.00875519,7.26043
SOM α7 + SOM β2 + NDNF β2,prediction,3,46,1.35443,9.22447e-05,1.76447,0.0155958,7.22079
SOM α7 + SOM β2 + NDNF β2,prediction,3,47,1.25622,9.13285e-05,1.74467,0.0120885,6.97658
SOM α7 + SOM β2 + NDNF β2,prediction,3,48,1.25414,9.17459e-05,1.73836,0.011272,7.22338
SOM α7 + SOM β2 + NDNF β2,prediction,3,49,1.2977,9.17797e-05,1.7471,0.0160089,7.16772
SOM α7 + VIP α5 + NDNF α7,prediction,3,0,1.41462,0.00268083,1.92844,6.68802e-06,7.44427
SOM α7 + VIP α5 + NDNF α7,prediction,3,1,1.40478,0.00269864,1.92378,4.68718e-06,7.52662
SOM α7 + VIP α5 + NDNF α7,prediction,3,2,1.42677,0.00268505,1.93935,3.81472e-06,7.47372
SOM α7 + VIP α5 + NDNF α7,prediction,3,3,1.29067,0.0025348,1.91098,3.49984e-06,7.1817
SOM α7 + VIP α5 + NDNF α7,prediction,3,4,1.42752,0.00262156,1.94538,5.63209e-06,7.21703
SOM α7 + VIP α5 + NDNF α7,prediction,3,5,1.42072,0.00275161,1.93397,1.67535e-06,7.80735
SOM α7 + VIP α5 + NDNF α7,prediction,3,6,1.48255,0.00274983,1.9469,6.70231e-06,7.53083
SOM α7 + VIP α5 + NDNF α7,prediction,3,7,1.35169,0.00263899,1.91018,5.87675e-06,7.4233
SOM α7 + VIP α5 + NDNF α7,prediction,3,8,1.35524,0.0025445,1.91824,1.24135e-05,7.02661
SOM α7 + VIP α5 + NDNF α7,prediction,3,9,1.45399,0.0027323,1.94885,4.0529e-06,7.53805
SOM α7 + VIP α5 + NDNF α7,prediction,3,10,1.33972,0.00260349,1.92477,4.35416e-06,7.36581
SOM α7 + VIP α5 + NDNF α7,prediction,3,11,1.38214,0.00259823,1.91821,4.6713e-06,7.21476
SOM α7 + VIP α5 + NDNF α7,prediction,3,12,1.4934,0.00274616,1.95958,3.04571e-06,7.57503
SOM α7 + VIP α5 + NDNF α7,prediction,3,13,1.40742,0.00266632,1.92484,6.1085e-06,7.36862
SOM α7 + VIP α5 + NDNF α7,prediction,3,14,1.49418,0.00271335,1.97267,7.58157e-06,7.39386
SOM α7 + VIP α5 + NDNF α7,prediction,3,15,1.28475,0.0025403,1.89138,6.27117e-06,7.11794
SOM α7 + VIP α5 + NDNF α7,prediction,3,16,1.41115,0.0027112,1.92367,2.01949e-06,7.64276
SOM α7 + VIP α5 + NDNF α7,prediction,3,17,1.3634,0.00261613,1.92808,1.52534e-05,7.23272
SOM α7 + VIP α5 + NDNF α7,prediction,3,18,1.36365,0.00265317,1.92109,2.57723e-06,7.47967
SOM α7 + VIP α5 + NDNF α7,prediction,3,19,1.36384,0.00261441,1.92491,5.83107e-06,7.31215
SOM α7 + VIP α5 + NDNF α7,prediction,3,20,1.44698,0.00269289,1.94094,9.5104e-06,7.34929
SOM α7 + VIP α5 + NDNF α7,prediction,3,21,1.45913,0.00273,1.96208,2.88224e-06,7.57566
SOM α7 + VIP α5 + NDNF α7,prediction,3,22,1.40226,0.00266326,1.94242,7.60561e-06,7.42984
SOM α7 + VIP α5 + NDNF α7,prediction,3,23,1.31754,0.00255467,1.90522,2.63179e-05,7.03342
SOM α7 + VIP α5 + NDNF α7,prediction,3,24,1.27689,0.00257814,1.88614,5.32758e-06,7.28288
SOM α7 + VIP α5 + NDNF α7,prediction,3,25,1.33904,0.00256738,1.92734,4.11243e-06,7.19747
SOM α7 + VIP α5 + NDNF α7,prediction,3,26,1.36543,0.00262461,1.92564,3.80215e-06,7.38012
SOM α7 + VIP α5 + NDNF α7,prediction,3,27,1.40577,0.00266694,1.93019,3.25524e-06,7.39843
SOM α7 + VIP α5 + NDNF α7,prediction,3,28,1.45487,0.00278036,1.94031,4.50984e-06,7.68577
SOM α7 + VIP α5 + NDNF α7,prediction,3,29,1.43766,0.00270732,1.93869,3.22652e-06,7.5749
SOM α7 + VIP α5 + NDNF α7,prediction,3,30,1.44227,0.00272214,1.94985,4.7272e-06,7.55455
SOM α7 + VIP α5 + NDNF α7,prediction,3,31,1.35986,0.00264317,1.93289,1.33818e-05,7.41261
SOM α7 + VIP α5 + NDNF α7,prediction,3,32,1.45775,0.00270161,1.94375,5.49127e-06,7.50421
SOM α7 + VIP α5 + NDNF α7,prediction,3,33,1.35012,0.00268976,1.90022,6.5142e-06,7.52487
SOM α7 + VIP α5 + NDNF α7,prediction,3,34,1.39781,0.00263439,1.93933,5.09287e-06,7.32472
SOM α7 + VIP α5 + NDNF α7,prediction,3,35,1.36229,0.00259175,1.91849,1.07872e-05,7.21072
SOM α7 + VIP α5 + NDNF α7,prediction,3,36,1.37021,0.00263572,1.92297,1.7479e-05,7.30163
SOM α7 + VIP α5 + NDNF α7,prediction,3,37,1.44552,0.00270565,1.94125,2.53982e-06,7.56223
SOM α7 + VIP α5 + NDNF α7,prediction,3,38,1.38832,0.00267035,1.92695,5.54133e-06,7.42684
SOM α7 + VIP α5 + NDNF α7,prediction,3,39,1.45715,0.00270892,1.9573,3.83573e-06,7.51896
SOM α7 + VIP α5 + NDNF α7,prediction,3,40,1.39651,0.00265802,1.92424,4.70198e-06,7.35609
SOM α7 + VIP α5 + NDNF α7,prediction,3,41,1.52129,0.00279948,1.95772,4.81366e-06,7.61017
SOM α7 + VIP α5 + NDNF α7,prediction,3,42,1.40891,0.00267443,1.93719,7.18988e-06,7.42077
SOM α7 + VIP α5 + NDNF α7,prediction,3,43,1.40318,0.00262777,1.92904,1.39845e-05,7.26571
SOM α7 + VIP α5 + NDNF α7,prediction,3,44,1.51179,0.00272322,1.96805,9.99443e-06,7.37546
SOM α7 + VIP α5 + NDNF α7,prediction,3,45,1.45637,0.00274197,1.94361,6.90243e-06,7.61809
SOM α7 + VIP α5 + NDNF α7,prediction,3,46,1.4151,0.00264364,1.93493,7.8641e-06,7.22396
SOM α7 + VIP α5 + NDNF α7,prediction,3,47,1.4094,0.00270126,1.92792,2.13758e-06,7.56405
SOM α7 + VIP α5 + NDNF α7,prediction,3,48,1.39572,0.00268121,1.93019,3.40454e-05,7.41525
SOM α7 + VIP α5 + NDNF α7,prediction,3,49,1.47855,0.00276895,1.96005,4.31289e-06,7.62299
SOM α7 + VIP α5 + NDNF β2,prediction,3,0,1.23307,0.00265675,1.7264,9.66906e-07,7.26026
SOM α7 + VIP α5 + NDNF β2,prediction,3,1,1.30023,0.00269926,1.74835,1.15588e-06,7.34415
SOM α7 + VIP α5 + NDNF β2,prediction,3,2,1.26242,0.00263867,1.74572,1.19237e-06,7.18203
SOM α7 + VIP α5 + NDNF β2,prediction,3,3,1.3269,0.00268958,1.75583,2.79488e-06,7.10973
SOM α7 + VIP α5 + NDNF β2,prediction,3,4,1.3228,0.00265862,1.76504,2.43623e-06,7.06082
SOM α7 + VIP α5 + NDNF β2,prediction,3,5,1.31731,0.00266133,1.76187,2.2573e-06,7.12066
SOM α7 + VIP α5 + NDNF β2,prediction,3,6,1.29811,0.00264399,1.76335,8.90376e-07,7.18189
SOM α7 + VIP α5 + NDNF β2,prediction,3,7,1.27616,0.00259525,1.75095,4.5089e-06,6.87284
SOM α7 + VIP α5 + NDNF β2,prediction,3,8,1.30898,0.00266289,1.7651,3.64831e-06,7.10711
SOM α7 + VIP α5 + NDNF β2,prediction,3,9,1.19558,0.00258346,1.7136,1.32979e-06,7.01797
SOM α7 + VIP α5 + NDNF β2,prediction,3,10,1.19626,0.00258826,1.71692,7.0657e-07,7.15771
SOM α7 + VIP α5 + NDNF β2,prediction,3,11,1.29163,0.00267388,1.74661,1.76075e-06,7.17769
SOM α7 + VIP α5 + NDNF β2,prediction,3,12,1.31187,0.00263928,1.75726,2.66964e-06,7.03127
SOM α7 + VIP α5 + NDNF β2,prediction,3,13,1.35694,0.00274029,1.77583,3.34787e-06,7.24879
SOM α7 + VIP α5 + NDNF β2,prediction,3,14,1.23913,0.00261924,1.73526,1.34042e-06,7.11073
SOM α7 + VIP α5 + NDNF β2,prediction,3,15,1.20044,0.0025678,1.72279,2.66519e-06,7.00632
SOM α7 + VIP α5 + NDNF β2,prediction,3,16,1.32915,0.00268422,1.76602,8.11436e-07,7.26184
SOM α7 + VIP α5 + NDNF β2,prediction,3,17,1.25865,0.00263272,1.74482,3.81274e-06,7.10654
SOM α7 + VIP α5 + NDNF β2,prediction,3,18,1.29476,0.00262225,1.75676,1.82977e-06,7.01033
SOM α7 + VIP α5 + NDNF β2,prediction,3,19,1.19339,0.0025074,1.72722,2.17524e-06,6.76648
SOM α7 + VIP α5 + NDNF β2,prediction,3,20,1.29575,0.00268703,1.74077,3.25171e-06,7.1226
SOM α7 + VIP α5 + NDNF β2,prediction,3,21,1.38975,0.00278118,1.78901,4.85509e-07,7.46079
SOM α7 + VIP α5 + NDNF β2,prediction,3,22,1.23381,0.00256853,1.74389,1.12984e-06,7.00877
SOM α7 + VIP α5 + NDNF β2,prediction,3,23,1.22793,0.00266001,1.73265,2.17797e-06,7.30142
SOM α7 + VIP α5 + NDNF β2,prediction,3,24,1.32253,0.0026733,1.75863,1.69878e-06,7.09104
SOM α7 + VIP α5 + NDNF β2,prediction,3,25,1.22653,0.00255566,1.73508,2.23235e-06,6.91249
SOM α7 + VIP α5 + NDNF β2,prediction,3,26,1.287,0.00269627,1.75013,6.90637e-07,7.35631
SOM α7 + VIP α5 + NDNF β2,prediction,3,27,1.30518,0.00264961,1.7544,1.43064e-06,7.06133
SOM α7 + VIP α5 + NDNF β2,prediction,3,28,1.31461,0.00267273,1.76053,4.132e-06,7.11814
SOM α7 + VIP α5 + NDNF β2,prediction,3,29,1.21889,0.00260092,1.72366,1.36394e-06,7.07442
SOM α7 + VIP α5 + NDNF β2,prediction,3,30,1.21422,0.00261455,1.71894,8.62361e-07,7.2018
SOM α7 + VIP α5 + NDNF β2,prediction,3,31,1.25846,0.00268286,1.74382,5.85702e-07,7.34578
SOM α7 + VIP α5 + NDNF β2,prediction,3,32,1.33785,0.00267276,1.77133,1.03341e-06,7.15215
SOM α7 + VIP α5 + NDNF β2,prediction,3,33,1.32085,0.00271345,1.75613,9.86311e-07,7.28089
SOM α7 + VIP α5 + NDNF β2,prediction,3,34,1.29255,0.00265227,1.76352,7.47244e-07,7.20281
SOM α7 + VIP α5 + NDNF β2,prediction,3,35,1.28106,0.0026162,1.74861,1.87399e-06,7.00795
SOM α7 + VIP α5 + NDNF β2,prediction,3,36,1.27536,0.00264257,1.74691,1.24984e-06,7.20008
SOM α7 + VIP α5 + NDNF β2,prediction,3,37,1.19204,0.00257436,1.72295,7.50028e-06,7.10084
SOM α7 + VIP α5 + NDNF β2,prediction,3,38,1.30769,0.00264711,1.76145,3.26396e-06,7.08199
SOM α7 + VIP α5 + NDNF β2,prediction,3,39,1.35828,0.00272256,1.76841,1.63576e-06,7.27466
SOM α7 + VIP α5 + NDNF β2,prediction,3,40,1.23207,0.00259035,1.73019,1.42096e-06,7.03859
SOM α7 + VIP α5 + NDNF β2,prediction,3,41,1.2416,0.00259254,1.74673,1.35011e-06,7.06115
SOM α7 + VIP α5 + NDNF β2,prediction,3,42,1.33496,0.00269973,1.764,1.0168e-06,7.20192
SOM α7 + VIP α5 + NDNF β2,prediction,3,43,1.32647,0.00271726,1.767,8.27486e-07,7.32612
SOM α7 + VIP α5 + NDNF β2,prediction,3,44,1.24446,0.00257558,1.7383,5.5251e-06,6.9303
SOM α7 + VIP α5 + NDNF β2,prediction,3,45,1.28684,0.00264147,1.74713,9.81491e-07,7.18674
SOM α7 + VIP α5 + NDNF β2,prediction,3,46,1.31109,0.00272092,1.7567,2.29261e-06,7.36376
SOM α7 + VIP α5 + NDNF β2,prediction,3,47,1.24993,0.002662,1.74787,2.53178e-06,7.23895
SOM α7 + VIP α5 + NDNF β2,prediction,3,48,1.23983,0.00264902,1.73123,1.01092e-06,7.27537
SOM α7 + VIP α5 + NDNF β2,prediction,3,49,1.21391,0.00254966,1.7378,1.99457e-06,6.91789
SOM α7 + NDNF α7 + NDNF β2,prediction,3,0,2.0071,0.00266333,2.2027,0.249963,6.01886
SOM α7 + NDNF α7 + NDNF β2,prediction,3,1,1.80551,0.0024555,2.15695,0.282118,5.69959
SOM α7 + NDNF α7 + NDNF β2,prediction,3,2,1.80264,0.00235145,2.14853,0.372293,5.52511
SOM α7 + NDNF α7 + NDNF β2,prediction,3,3,1.80253,0.00244033,2.14903,0.3036,5.61246
SOM α7 + NDNF α7 + NDNF β2,prediction,3,4,1.89884,0.00247261,2.17519,0.312666,5.71703
SOM α7 + NDNF α7 + NDNF β2,prediction,3,5,1.70227,0.00232935,2.11185,0.348229,5.44157
SOM α7 + NDNF α7 + NDNF β2,prediction,3,6,1.77583,0.00237426,2.13839,0.342732,5.58281
SOM α7 + NDNF α7 + NDNF β2,prediction,3,7,1.84957,0.00246287,2.15946,0.320621,5.68131
SOM α7 + NDNF α7 + NDNF β2,prediction,3,8,1.86683,0.00255294,2.1632,0.26843,5.82895
SOM α7 + NDNF α7 + NDNF β2,prediction,3,9,1.78021,0.00244075,2.13738,0.296425,5.64634
SOM α7 + NDNF α7 + NDNF β2,prediction,3,10,1.83778,0.00246187,2.16376,0.329867,5.68496
SOM α7 + NDNF α7 + NDNF β2,prediction,3,11,1.93798,0.00255208,2.19145,0.290478,5.84117
SOM α7 + NDNF α7 + NDNF β2,prediction,3,12,1.76249,0.00240735,2.14381,0.306855,5.61171
SOM α7 + NDNF α7 + NDNF β2,prediction,3,13,1.76346,0.00245534,2.15349,0.266973,5.71736
SOM α7 + NDNF α7 + NDNF β2,prediction,3,14,1.75974,0.00236051,2.1426,0.348267,5.56666
SOM α7 + NDNF α7 + NDNF β2,prediction,3,15,1.78802,0.00242475,2.14803,0.314733,5.65321
SOM α7 + NDNF α7 + NDNF β2,prediction,3,16,1.94858,0.0025986,2.19726,0.272951,5.90399
SOM α7 + NDNF α7 + NDNF β2,prediction,3,17,1.76248,0.00239935,2.14295,0.310548,5.60748
SOM α7 + NDNF α7 + NDNF β2,prediction,3,18,1.96007,0.0026093,2.18567,0.295116,5.95342
SOM α7 + NDNF α7 + NDNF β2,prediction,3,19,1.8,0.00245564,2.14381,0.289924,5.6801
SOM α7 + NDNF α7 + NDNF β2,prediction,3,20,1.87957,0.002528,2.18937,0.267571,5.88325
SOM α7 + NDNF α7 + NDNF β2,prediction,3,21,1.86698,0.00250802,2.16386,0.287163,5.75918
SOM α7 + NDNF α7 + NDNF β2,prediction,3,22,1.91356,0.00250241,2.18589,0.311389,5.78258
SOM α7 + NDNF α7 + NDNF β2,prediction,3,23,1.80879,0.00242486,2.15298,0.316651,5.63028
SOM α7 + NDNF α7 + NDNF β2,prediction,3,24,1.91875,0.00244673,2.18145,0.365797,5.71258
SOM α7 + NDNF α7 + NDNF β2,prediction,3,25,1.89327,0.00254044,2.16951,0.300926,5.81986
SOM α7 + NDNF α7 + NDNF β2,prediction,3,26,1.83881,0.00234124,2.15182,0.443637,5.54025
SOM α7 + NDNF α7 + NDNF β2,prediction,3,27,1.83055,0.002464,2.15431,0.331537,5.66454
SOM α7 + NDNF α7 + NDNF β2,prediction,3,28,1.79176,0.0024416,2.14606,0.305258,5.6236
SOM α7 + NDNF α7 + NDNF β2,prediction,3,29,1.76212,0.00245403,2.13033,0.275249,5.6824
SOM α7 + NDNF α7 + NDNF β2,prediction,3,30,1.81857,0.00250241,2.15477,0.293145,5.75163
SOM α7 + NDNF α7 + NDNF β2,prediction,3,31,1.80473,0.00244486,2.15435,0.281327,5.67464
SOM α7 + NDNF α7 + NDNF β2,prediction,3,32,1.79306,0.00241177,2.14484,0.323849,5.65558
SOM α7 + NDNF α7 + NDNF β2,prediction,3,33,1.85098,0.00251716,2.16298,0.30102,5.75988
SOM α7 + NDNF α7 + NDNF β2,prediction,3,34,1.8018,0.00240902,2.14629,0.33087,5.64357
SOM α7 + NDNF α7 + NDNF β2,prediction,3,35,1.94498,0.00255694,2.1863,0.306549,5.86405
SOM α7 + NDNF α7 + NDNF β2,prediction,3,36,1.82058,0.00247553,2.15863,0.284251,5.68807
SOM α7 + NDNF α7 + NDNF β2,prediction,3,37,1.8078,0.00247817,2.15924,0.260439,5.70421
SOM α7 + NDNF α7 + NDNF β2,prediction,3,38,1.87755,0.00248505,2.1756,0.31299,5.75152
SOM α7 + NDNF α7 + NDNF β2,prediction,3,39,1.65622,0.00231437,2.11139,0.319657,5.4582
SOM α7 + NDNF α7 + NDNF β2,prediction,3,40,1.9634,0.00257905,2.18971,0.309612,5.86155
SOM α7 + NDNF α7 + NDNF β2,prediction,3,41,1.74712,0.0023877,2.12837,0.326154,5.5601
SOM α7 + NDNF α7 + NDNF β2,prediction,3,42,1.82863,0.00240841,2.15004,0.348248,5.61747
SOM α7 + NDNF α7 + NDNF β2,prediction,3,43,1.90205,0.00253794,2.17985,0.284677,5.80989
SOM α7 + NDNF α7 + NDNF β2,prediction,3,44,1.84979,0.00245909,2.16757,0.323425,5.70487
SOM α7 + NDNF α7 + NDNF β2,prediction,3,45,1.84972,0.00249056,2.16429,0.29453,5.72626
SOM α7 + NDNF α7 + NDNF β2,prediction,3,46,1.8251,0.00250086,2.16396,0.287579,5.76903
SOM α7 + NDNF α7 + NDNF β2,prediction,3,47,1.83282,0.00247956,2.16724,0.272092,5.74037
SOM α7 + NDNF α7 + NDNF β2,prediction,3,48,1.83014,0.00248335,2.15244,0.288906,5.6933
SOM α7 + NDNF α7 + NDNF β2,prediction,3,49,1.86152,0.00247436,2.15951,0.319587,5.73922
SOM β2 + VIP α5 + NDNF α7,prediction,3,0,1.24237,0.23003,1.80909,6.5185e-06,6.40297
SOM β2 + VIP α5 + NDNF α7,prediction,3,1,1.22718,0.221114,1.81186,6.82095e-06,6.2409
SOM β2 + VIP α5 + NDNF α7,prediction,3,2,1.22196,0.223511,1.80804,9.30528e-06,6.32009
SOM β2 + VIP α5 + NDNF α7,prediction,3,3,1.277,0.230311,1.8371,1.56765e-05,6.23854
SOM β2 + VIP α5 + NDNF α7,prediction,3,4,1.26418,0.23249,1.82636,9.55483e-06,6.44887
SOM β2 + VIP α5 + NDNF α7,prediction,3,5,1.29294,0.240283,1.83933,6.4199e-06,6.52618
SOM β2 + VIP α5 + NDNF α7,prediction,3,6,1.27148,0.232087,1.8281,6.05076e-06,6.42871
SOM β2 + VIP α5 + NDNF α7,prediction,3,7,1.34795,0.242056,1.85546,3.57209e-05,6.0988
SOM β2 + VIP α5 + NDNF α7,prediction,3,8,1.33931,0.242479,1.84186,9.55857e-06,6.40391
SOM β2 + VIP α5 + NDNF α7,prediction,3,9,1.25402,0.232327,1.82059,1.29268e-05,6.37974
SOM β2 + VIP α5 + NDNF α7,prediction,3,10,1.26683,0.231211,1.82892,6.01754e-06,6.39941
SOM β2 + VIP α5 + NDNF α7,prediction,3,11,1.28998,0.237259,1.83694,1.17132e-05,6.40577
SOM β2 + VIP α5 + NDNF α7,prediction,3,12,1.23177,0.231856,1.81131,3.21046e-05,6.39054
SOM β2 + VIP α5 + NDNF α7,prediction,3,13,1.35979,0.251415,1.86748,1.91649e-05,6.5049
SOM β2 + VIP α5 + NDNF α7,prediction,3,14,1.32472,0.243789,1.84755,1.54569e-05,6.44432
SOM β2 + VIP α5 + NDNF α7,prediction,3,15,1.24396,0.228264,1.81221,2.21046e-05,6.32511
SOM β2 + VIP α5 + NDNF α7,prediction,3,16,1.21901,0.226536,1.82442,6.18988e-06,6.40198
SOM β2 + VIP α5 + NDNF α7,prediction,3,17,1.2177,0.227168,1.81833,1.08863e-05,6.31594
SOM β2 + VIP α5 + NDNF α7,prediction,3,18,1.28478,0.233966,1.83812,1.43255e-05,6.40288
SOM β2 + VIP α5 + NDNF α7,prediction,3,19,1.26527,0.229401,1.83123,7.95828e-06,6.31414
SOM β2 + VIP α5 + NDNF α7,prediction,3,20,1.26621,0.233166,1.83265,5.34222e-06,6.48866
SOM β2 + VIP α5 + NDNF α7,prediction,3,21,1.28634,0.23276,1.82975,1.42098e-05,6.25438
SOM β2 + VIP α5 + NDNF α7,prediction,3,22,1.36221,0.24896,1.85651,1.1456e-05,6.428
SOM β2 + VIP α5 + NDNF α7,prediction,3,23,1.24562,0.227752,1.82228,7.4036e-06,6.3306
SOM β2 + VIP α5 + NDNF α7,prediction,3,24,1.29871,0.233501,1.84093,7.1275e-06,6.36013
SOM β2 + VIP α5 + NDNF α7,prediction,3,25,1.20342,0.221327,1.80548,1.11705e-05,6.27222
SOM β2 + VIP α5 + NDNF α7,prediction,3,26,1.24941,0.229195,1.82539,7.38191e-06,6.34014
SOM β2 + VIP α5 + NDNF α7,prediction,3,27,1.26138,0.231825,1.83665,2.96491e-05,6.30113
SOM β2 + VIP α5 + NDNF α7,prediction,3,28,1.2177,0.220363,1.81744,1.27831e-05,6.14383
SOM β2 + VIP α5 + NDNF α7,prediction,3,29,1.32693,0.240141,1.85379,7.71356e-06,6.37428
SOM β2 + VIP α5 + NDNF α7,prediction,3,30,1.37944,0.251442,1.87887,1.8434e-05,6.40335
SOM β2 + VIP α5 + NDNF α7,prediction,3,31,1.29999,0.23694,1.84114,1.85193e-05,6.3
SOM β2 + VIP α5 + NDNF α7,prediction,3,32,1.26691,0.227747,1.83008,1.4186e-05,6.23307
SOM β2 + VIP α5 + NDNF α7,prediction,3,33,1.28177,0.232862,1.82838,1.54014e-05,6.25263
SOM β2 + VIP α5 + NDNF α7,prediction,3,34,1.32681,0.236086,1.84836,2.64058e-05,6.1471
SOM β2 + VIP α5 + NDNF α7,prediction,3,35,1.2853,0.234748,1.83481,1.42412e-05,6.34585
SOM β2 + VIP α5 + NDNF α7,prediction,3,36,1.28336,0.233079,1.82704,2.08631e-05,6.15328
SOM β2 + VIP α5 + NDNF α7,prediction,3,37,1.32887,0.246375,1.84801,6.92582e-06,6.55591
SOM β2 + VIP α5 + NDNF α7,prediction,3,38,1.35418,0.247844,1.85157,3.22878e-05,6.21598
SOM β2 + VIP α5 + NDNF α7,prediction,3,39,1.2334,0.224811,1.81256,1.14528e-05,6.33195
SOM β2 + VIP α5 + NDNF α7,prediction,3,40,1.25471,0.2299,1.82988,1.07897e-05,6.28377
SOM β2 + VIP α5 + NDNF α7,prediction,3,41,1.13599,0.210924,1.78,7.12837e-06,6.27642
SOM β2 + VIP α5 + NDNF α7,prediction,3,42,1.2216,0.225589,1.80773,1.05815e-05,6.27367
SOM β2 + VIP α5 + NDNF α7,prediction,3,43,1.28002,0.235637,1.82734,1.05156e-05,6.41427
SOM β2 + VIP α5 + NDNF α7,prediction,3,44,1.30627,0.239878,1.84218,1.90494e-05,6.34055
SOM β2 + VIP α5 + NDNF α7,prediction,3,45,1.34512,0.24373,1.86335,1.90213e-05,6.34544
SOM β2 + VIP α5 + NDNF α7,prediction,3,46,1.17323,0.213023,1.7945,8.80474e-06,6.23673
SOM β2 + VIP α5 + NDNF α7,prediction,3,47,1.34581,0.247124,1.84875,5.65247e-06,6.48545
SOM β2 + VIP α5 + NDNF α7,prediction,3,48,1.27131,0.235763,1.8241,5.20255e-06,6.5121
SOM β2 + VIP α5 + NDNF α7,prediction,3,49,1.33927,0.250014,1.863,9.72455e-06,6.42958
SOM β2 + VIP α5 + NDNF β2,prediction,3,0,1.22037,0.241723,1.70506,4.47566e-06,6.14113
SOM β2 + VIP α5 + NDNF β2,prediction,3,1,1.2198,0.239152,1.6988,1.0561e-05,5.98094
SOM β2 + VIP α5 + NDNF β2,prediction,3,2,1.12421,0.219601,1.66912,4.72393e-06,5.90958
SOM β2 + VIP α5 + NDNF β2,prediction,3,3,1.1166,0.222594,1.66377,4.36151e-06,6.02932
SOM β2 + VIP α5 + NDNF β2,prediction,3,4,1.17515,0.228084,1.68898,6.42971e-06,5.98816
SOM β2 + VIP α5 + NDNF β2,prediction,3,5,1.26834,0.246749,1.72917,6.72906e-06,6.03044
SOM β2 + VIP α5 + NDNF β2,prediction,3,6,1.22782,0.245258,1.69273,1.33408e-05,6.0543
SOM β2 + VIP α5 + NDNF β2,prediction,3,7,1.24117,0.238212,1.71755,7.4454e-06,6.05794
SOM β2 + VIP α5 + NDNF β2,prediction,3,8,1.19967,0.234014,1.69255,8.86455e-06,5.96192
SOM β2 + VIP α5 + NDNF β2,prediction,3,9,1.1499,0.221704,1.68068,6.79364e-06,5.9125
SOM β2 + VIP α5 + NDNF β2,prediction,3,10,1.23624,0.244837,1.70867,1.65826e-06,6.26119
SOM β2 + VIP α5 + NDNF β2,prediction,3,11,1.15249,0.224013,1.68178,4.29105e-06,5.99712
SOM β2 + VIP α5 + NDNF β2,prediction,3,12,1.19754,0.236766,1.69431,3.40922e-06,6.07208
SOM β2 + VIP α5 + NDNF β2,prediction,3,13,1.1947,0.234747,1.69127,3.15663e-06,6.06343
SOM β2 + VIP α5 + NDNF β2,prediction,3,14,1.16502,0.233944,1.68362,6.86365e-06,6.09411
SOM β2 + VIP α5 + NDNF β2,prediction,3,15,1.14453,0.226611,1.6721,6.61392e-06,5.94294
SOM β2 + VIP α5 + NDNF β2,prediction,3,16,1.2153,0.237169,1.69466,4.21425e-06,6.06564
SOM β2 + VIP α5 + NDNF β2,prediction,3,17,1.16323,0.22956,1.68297,3.95333e-06,6.02964
SOM β2 + VIP α5 + NDNF β2,prediction,3,18,1.17241,0.225709,1.68718,7.54644e-06,5.84275
SOM β2 + VIP α5 + NDNF β2,prediction,3,19,1.2659,0.245893,1.72378,2.02156e-05,6.09647
SOM β2 + VIP α5 + NDNF β2,prediction,3,20,1.14293,0.223766,1.67743,6.21641e-06,5.9065
SOM β2 + VIP α5 + NDNF β2,prediction,3,21,1.23282,0.238307,1.70778,4.43997e-06,6.03464
SOM β2 + VIP α5 + NDNF β2,prediction,3,22,1.16847,0.224088,1.68533,1.06861e-05,5.82319
SOM β2 + VIP α5 + NDNF β2,prediction,3,23,1.16035,0.228022,1.67315,4.34608e-06,6.05232
SOM β2 + VIP α5 + NDNF β2,prediction,3,24,1.16103,0.226986,1.68816,6.1283e-06,5.93407
SOM β2 + VIP α5 + NDNF β2,prediction,3,25,1.15033,0.222307,1.67227,4.00683e-06,5.95963
SOM β2 + VIP α5 + NDNF β2,prediction,3,26,1.23701,0.237312,1.70963,8.62594e-06,5.94107
SOM β2 + VIP α5 + NDNF β2,prediction,3,27,1.18149,0.232352,1.69843,6.63408e-06,6.08209
SOM β2 + VIP α5 + NDNF β2,prediction,3,28,1.17594,0.231321,1.69051,3.81711e-06,6.02009
SOM β2 + VIP α5 + NDNF β2,prediction,3,29,1.26864,0.24645,1.71954,6.529e-06,6.10037
SOM β2 + VIP α5 + NDNF β2,prediction,3,30,1.26854,0.248058,1.72184,5.70309e-06,6.03487
SOM β2 + VIP α5 + NDNF β2,prediction,3,31,1.15691,0.230223,1.67851,3.94962e-06,6.07689
SOM β2 + VIP α5 + NDNF β2,prediction,3,32,1.28065,0.256622,1.71663,5.08283e-06,6.1898
SOM β2 + VIP α5 + NDNF β2,prediction,3,33,1.23396,0.23354,1.70444,5.98946e-06,5.8906
SOM β2 + VIP α5 + NDNF β2,prediction,3,34,1.1204,0.2226,1.66492,9.24725e-06,5.96025
SOM β2 + VIP α5 + NDNF β2,prediction,3,35,1.19057,0.235997,1.69675,3.46312e-06,6.13644
SOM β2 + VIP α5 + NDNF β2,prediction,3,36,1.21169,0.239123,1.69256,9.04999e-06,6.02833
SOM β2 + VIP α5 + NDNF β2,prediction,3,37,1.23447,0.243055,1.71052,4.53315e-06,6.0845
SOM β2 + VIP α5 + NDNF β2,prediction,3,38,1.3054,0.255309,1.73118,4.20411e-06,6.19358
SOM β2 + VIP α5 + NDNF β2,prediction,3,39,1.14786,0.223572,1.67689,4.01339e-06,6.01158
SOM β2 + VIP α5 + NDNF β2,prediction,3,40,1.1539,0.224606,1.67528,1.44634e-05,5.80446
SOM β2 + VIP α5 + NDNF β2,prediction,3,41,1.17257,0.232006,1.68248,1.10459e-05,5.9732
SOM β2 + VIP α5 + NDNF β2,prediction,3,42,1.15362,0.225844,1.67264,2.21947e-06,6.06865
SOM β2 + VIP α5 + NDNF β2,prediction,3,43,1.20464,0.234627,1.69661,3.19019e-06,6.06382
SOM β2 + VIP α5 + NDNF β2,prediction,3,44,1.16804,0.225124,1.68173,1.04286e-05,5.86178
SOM β2 + VIP α5 + NDNF β2,prediction,3,45,1.21254,0.236118,1.70593,5.77807e-06,5.93215
SOM β2 + VIP α5 + NDNF β2,prediction,3,46,1.13704,0.22184,1.67291,2.64558e-06,6.04232
SOM β2 + VIP α5 + NDNF β2,prediction,3,47,1.14176,0.221895,1.67382,5.93853e-06,5.92213
SOM β2 + VIP α5 + NDNF β2,prediction,3,48,1.09962,0.21949,1.66174,7.47605e-06,5.9769
SOM β2 + VIP α5 + NDNF β2,prediction,3,49,1.13354,0.224073,1.67063,3.49221e-06,6.01194
SOM β2 + NDNF α7 + NDNF β2,prediction,3,0,1.73446,0.224571,2.04538,0.374524,5.01386
SOM β2 + NDNF α7 + NDNF β2,prediction,3,1,1.70201,0.214451,2.02851,0.425449,4.87077
SOM β2 + NDNF α7 + NDNF β2,prediction,3,2,1.67663,0.212524,2.02709,0.386822,4.88991
SOM β2 + NDNF α7 + NDNF β2,prediction,3,3,1.72833,0.222942,2.03683,0.440845,4.89262
SOM β2 + NDNF α7 + NDNF β2,prediction,3,4,1.5905,0.196549,1.99539,0.447248,4.77336
SOM β2 + NDNF α7 + NDNF β2,prediction,3,5,1.71147,0.217183,2.02766,0.431135,4.85576
SOM β2 + NDNF α7 + NDNF β2,prediction,3,6,1.63534,0.206052,2.00773,0.453644,4.81445
SOM β2 + NDNF α7 + NDNF β2,prediction,3,7,1.67761,0.210999,2.02567,0.442499,4.82196
SOM β2 + NDNF α7 + NDNF β2,prediction,3,8,1.53633,0.19613,1.97399,0.430964,4.70999
SOM β2 + NDNF α7 + NDNF β2,prediction,3,9,1.77562,0.218694,2.04444,0.521856,4.82118
SOM β2 + NDNF α7 + NDNF β2,prediction,3,10,1.65028,0.204063,2.01562,0.450528,4.79666
SOM β2 + NDNF α7 + NDNF β2,prediction,3,11,1.54582,0.202587,1.98641,0.33612,4.84453
SOM β2 + NDNF α7 + NDNF β2,prediction,3,12,1.82727,0.22522,2.07234,0.448835,4.94625
SOM β2 + NDNF α7 + NDNF β2,prediction,3,13,1.6093,0.207156,2.01746,0.397386,4.85543
SOM β2 + NDNF α7 + NDNF β2,prediction,3,14,1.59079,0.200855,1.98058,0.441399,4.748
SOM β2 + NDNF α7 + NDNF β2,prediction,3,15,1.72361,0.216335,2.03128,0.495924,4.83257
SOM β2 + NDNF α7 + NDNF β2,prediction,3,16,1.76197,0.217877,2.04776,0.482554,4.88457
SOM β2 + NDNF α7 + NDNF β2,prediction,3,17,1.58837,0.195418,1.99809,0.439715,4.72191
SOM β2 + NDNF α7 + NDNF β2,prediction,3,18,1.72936,0.219914,2.04315,0.405338,4.93505
SOM β2 + NDNF α7 + NDNF β2,prediction,3,19,1.60141,0.19815,1.99129,0.476073,4.72472
SOM β2 + NDNF α7 + NDNF β2,prediction,3,20,1.4928,0.176591,1.94931,0.528312,4.55322
SOM β2 + NDNF α7 + NDNF β2,prediction,3,21,1.68876,0.212997,2.03219,0.400454,4.89067
SOM β2 + NDNF α7 + NDNF β2,prediction,3,22,1.79109,0.235011,2.06823,0.353706,5.05853
SOM β2 + NDNF α7 + NDNF β2,prediction,3,23,1.64415,0.205767,2.0248,0.37554,4.87558
SOM β2 + NDNF α7 + NDNF β2,prediction,3,24,1.71398,0.221078,2.03953,0.384876,4.97572
SOM β2 + NDNF α7 + NDNF β2,prediction,3,25,1.83991,0.235836,2.07215,0.386215,5.0485
SOM β2 + NDNF α7 + NDNF β2,prediction,3,26,1.60891,0.200596,1.99871,0.440719,4.7538
SOM β2 + NDNF α7 + NDNF β2,prediction,3,27,1.63654,0.20232,2.00579,0.456025,4.8082
SOM β2 + NDNF α7 + NDNF β2,prediction,3,28,1.60935,0.197102,2.00193,0.458925,4.73714
SOM β2 + NDNF α7 + NDNF β2,prediction,3,29,1.57658,0.198555,1.99378,0.399169,4.78789
SOM β2 + NDNF α7 + NDNF β2,prediction,3,30,1.68202,0.212678,2.02936,0.4046,4.89458
SOM β2 + NDNF α7 + NDNF β2,prediction,3,31,1.59616,0.204415,2.0012,0.396198,4.83945
SOM β2 + NDNF α7 + NDNF β2,prediction,3,32,1.81943,0.225996,2.05787,0.487796,4.8899
SOM β2 + NDNF α7 + NDNF β2,prediction,3,33,1.70409,0.216678,2.03591,0.359958,4.96073
SOM β2 + NDNF α7 + NDNF β2,prediction,3,34,1.67088,0.214867,2.02413,0.43233,4.88555
SOM β2 + NDNF α7 + NDNF β2,prediction,3,35,1.70203,0.214144,2.04031,0.409373,4.90186
SOM β2 + NDNF α7 + NDNF β2,prediction,3,36,1.73073,0.217894,2.03227,0.486836,4.8856
SOM β2 + NDNF α7 + NDNF β2,prediction,3,37,1.64264,0.203444,2.00421,0.468293,4.76948
SOM β2 + NDNF α7 + NDNF β2,prediction,3,38,1.65109,0.215121,2.01945,0.32663,4.95341
SOM β2 + NDNF α7 + NDNF β2,prediction,3,39,1.74661,0.224059,2.02955,0.464486,4.89645
SOM β2 + NDNF α7 + NDNF β2,prediction,3,40,1.65425,0.201132,2.01121,0.468137,4.78458
SOM β2 + NDNF α7 + NDNF β2,prediction,3,41,1.75237,0.219338,2.0333,0.512151,4.84236
SOM β2 + NDNF α7 + NDNF β2,prediction,3,42,1.66226,0.208043,2.0179,0.377248,4.8916
SOM β2 + NDNF α7 + NDNF β2,prediction,3,43,1.69598,0.21263,2.01756,0.430284,4.85008
SOM β2 + NDNF α7 + NDNF β2,prediction,3,44,1.6209,0.205795,2.00962,0.382365,4.87753
SOM β2 + NDNF α7 + NDNF β2,prediction,3,45,1.83373,0.237305,2.08033,0.363333,5.09955
SOM β2 + NDNF α7 + NDNF β2,prediction,3,46,1.60565,0.201691,1.99297,0.441154,4.75821
SOM β2 + NDNF α7 + NDNF β2,prediction,3,47,1.72516,0.215469,2.02733,0.493008,4.82496
SOM β2 + NDNF α7 + NDNF β2,prediction,3,48,1.64284,0.203145,2.01204,0.44238,4.79965
SOM β2 + NDNF α7 + NDNF β2,prediction,3,49,1.72503,0.222816,2.03623,0.364968,4.99756
VIP α5 + NDNF α7 + NDNF β2,prediction,3,0,1.03762,2.01445,2.21865,1.42413,0.918983
VIP α5 + NDNF α7 + NDNF β2,prediction,3,1,1.09961,2.12909,2.28188,1.61245,0.896592
VIP α5 + NDNF α7 + NDNF β2,prediction,3,2,0.986683,2.05056,2.24545,1.50702,0.875747
VIP α5 + NDNF α7 + NDNF β2,prediction,3,3,0.955288,2.01273,2.22273,1.47792,0.869389
VIP α5 + NDNF α7 + NDNF β2,prediction,3,4,1.01998,2.05771,2.2468,1.52956,0.887202
VIP α5 + NDNF α7 + NDNF β2,prediction,3,5,1.11167,2.14351,2.27984,1.60746,0.908433
VIP α5 + NDNF α7 + NDNF β2,prediction,3,6,1.01138,2.05292,2.2366,1.49953,0.887286
VIP α5 + NDNF α7 + NDNF β2,prediction,3,7,1.00513,2.04617,2.23932,1.52651,0.879504
VIP α5 + NDNF α7 + NDNF β2,prediction,3,8,1.01884,2.05528,2.24499,1.49661,0.899876
VIP α5 + NDNF α7 + NDNF β2,prediction,3,9,1.00721,2.03612,2.23208,1.47641,0.895852
VIP α5 + NDNF α7 + NDNF β2,prediction,3,10,0.954815,2.01921,2.2271,1.44669,0.882278
VIP α5 + NDNF α7 + NDNF β2,prediction,3,11,0.930293,1.99524,2.21058,1.42559,0.877474
VIP α5 + NDNF α7 + NDNF β2,prediction,3,12,1.06605,2.10071,2.26707,1.59948,0.888655
VIP α5 + NDNF α7 + NDNF β2,prediction,3,13,1.08041,2.09706,2.26129,1.5509,0.907456
VIP α5 + NDNF α7 + NDNF β2,prediction,3,14,1.01035,2.06224,2.24351,1.53651,0.878586
VIP α5 + NDNF α7 + NDNF β2,prediction,3,15,1.10684,2.14958,2.28763,1.64481,0.889525
VIP α5 + NDNF α7 + NDNF β2,prediction,3,16,1.03468,2.08679,2.26071,1.55866,0.885189
VIP α5 + NDNF α7 + NDNF β2,prediction,3,17,1.08558,2.12468,2.26931,1.59921,0.889806
VIP α5 + NDNF α7 + NDNF β2,prediction,3,18,1.04626,2.08062,2.25753,1.56261,0.888829
VIP α5 + NDNF α7 + NDNF β2,prediction,3,19,1.04774,2.06217,2.2452,1.52913,0.899048
VIP α5 + NDNF α7 + NDNF β2,prediction,3,20,1.05265,2.11448,2.27711,1.60593,0.888243
VIP α5 + NDNF α7 + NDNF β2,prediction,3,21,1.03195,2.08335,2.25442,1.56603,0.882104
VIP α5 + NDNF α7 + NDNF β2,prediction,3,22,1.02029,2.02562,2.22368,1.46633,0.909469
VIP α5 + NDNF α7 + NDNF β2,prediction,3,23,1.05553,2.08216,2.24963,1.52332,0.904893
VIP α5 + NDNF α7 + NDNF β2,prediction,3,24,1.01003,2.05833,2.24888,1.53349,0.879544
VIP α5 + NDNF α7 + NDNF β2,prediction,3,25,0.974916,2.0118,2.22654,1.46487,0.885322
VIP α5 + NDNF α7 + NDNF β2,prediction,3,26,1.02576,2.06238,2.24833,1.51577,0.893148
VIP α5 + NDNF α7 + NDNF β2,prediction,3,27,1.09581,2.12685,2.27918,1.56974,0.910024
VIP α5 + NDNF α7 + NDNF β2,prediction,3,28,1.05692,2.06686,2.23925,1.55482,0.891499
VIP α5 + NDNF α7 + NDNF β2,prediction,3,29,1.08264,2.08719,2.25601,1.53182,0.907989
VIP α5 + NDNF α7 + NDNF β2,prediction,3,30,1.03734,2.10391,2.27336,1.61601,0.872967
VIP α5 + NDNF α7 + NDNF β2,prediction,3,31,1.06598,2.08301,2.25412,1.5964,0.880214
VIP α5 + NDNF α7 + NDNF β2,prediction,3,32,1.00302,2.03773,2.23457,1.47928,0.893777
VIP α5 + NDNF α7 + NDNF β2,prediction,3,33,1.04206,2.08098,2.25702,1.559,0.888733
VIP α5 + NDNF α7 + NDNF β2,prediction,3,34,1.0483,2.06719,2.24794,1.51746,0.899044
VIP α5 + NDNF α7 + NDNF β2,prediction,3,35,1.00093,2.00895,2.21791,1.47464,0.88552
VIP α5 + NDNF α7 + NDNF β2,prediction,3,36,1.00343,2.01154,2.21586,1.42836,0.904641
VIP α5 + NDNF α7 + NDNF β2,prediction,3,37,1.00079,2.03817,2.22847,1.496,0.882678
VIP α5 + NDNF α7 + NDNF β2,prediction,3,38,1.1499,2.1584,2.29126,1.63006,0.912845
VIP α5 + NDNF α7 + NDNF β2,prediction,3,39,1.00682,2.05513,2.24245,1.53784,0.875524
VIP α5 + NDNF α7 + NDNF β2,prediction,3,40,1.06766,2.09317,2.25694,1.5516,0.897059
VIP α5 + NDNF α7 + NDNF β2,prediction,3,41,1.04039,2.1014,2.26047,1.5668,0.888037
VIP α5 + NDNF α7 + NDNF β2,prediction,3,42,1.00295,2.04725,2.23327,1.50309,0.881463
VIP α5 + NDNF α7 + NDNF β2,prediction,3,43,1.01003,2.05024,2.23494,1.50352,0.886996
VIP α5 + NDNF α7 + NDNF β2,prediction,3,44,1.07629,2.09395,2.25739,1.55141,0.901622
VIP α5 + NDNF α7 + NDNF β2,prediction,3,45,1.04134,2.08284,2.25651,1.56635,0.880667
VIP α5 + NDNF α7 + NDNF β2,prediction,3,46,1.08069,2.12991,2.27524,1.6105,0.885951
VIP α5 + NDNF α7 + NDNF β2,prediction,3,47,0.996629,2.01558,2.22269,1.46431,0.888204
VIP α5 + NDNF α7 + NDNF β2,prediction,3,48,1.05278,2.10163,2.26575,1.56089,0.894272
VIP α5 + NDNF α7 + NDNF β2,prediction,3,49,1.12048,2.1345,2.2796,1.57779,0.91453
PV α7 + SOM α7 + SOM β2 + VIP α5,prediction,4,0,1.16385,9.14001e-05,1.09571,9.88795e-08,8.97701
PV α7 + SOM α7 + SOM β2 + VIP α5,prediction,4,1,1.02809,9.12374e-05,1.04656,2.24195e-08,9.3382
PV α7 + SOM α7 + SOM β2 + VIP α5,prediction,4,2,1.12022,9.18859e-05,1.06827,4.30774e-08,9.40203
PV α7 + SOM α7 + SOM β2 + VIP α5,prediction,4,3,1.19833,9.17743e-05,1.10806,2.31231e-07,9.07392
PV α7 + SOM α7 + SOM β2 + VIP α5,prediction,4,4,1.1124,9.14567e-05,1.06795,1.16995e-07,9.25567
PV α7 + SOM α7 + SOM β2 + VIP α5,prediction,4,5,1.10972,9.09878e-05,1.08984,1.28936e-07,8.91352
PV α7 + SOM α7 + SOM β2 + VIP α5,prediction,4,6,1.12906,9.11364e-05,1.08356,9.3346e-08,8.96807
PV α7 + SOM α7 + SOM β2 + VIP α5,prediction,4,7,1.05441,9.09749e-05,1.0596,1.49502e-07,8.99043
PV α7 + SOM α7 + SOM β2 + VIP α5,prediction,4,8,1.20373,9.17416e-05,1.1079,1.7968e-07,9.07029
PV α7 + SOM α7 + SOM β2 + VIP α5,prediction,4,9,1.19166,9.18062e-05,1.11002,5.40548e-08,9.15564
PV α7 + SOM α7 + SOM β2 + VIP α5,prediction,4,10,1.23022,9.17641e-05,1.1139,1.19375e-07,9.02314
PV α7 + SOM α7 + SOM β2 + VIP α5,prediction,4,11,1.13864,9.15434e-05,1.08153,4.92998e-08,9.1952
PV α7 + SOM α7 + SOM β2 + VIP α5,prediction,4,12,1.21089,9.24773e-05,1.0922,2.80883e-08,9.50726
PV α7 + SOM α7 + SOM β2 + VIP α5,prediction,4,13,1.1573,9.19301e-05,1.08213,3.70549e-08,9.26995
PV α7 + SOM α7 + SOM β2 + VIP α5,prediction,4,14,1.0647,9.08956e-05,1.05927,5.19659e-08,9.04501
PV α7 + SOM α7 + SOM β2 + VIP α5,prediction,4,15,1.12479,9.135e-05,1.07592,5.5544e-08,9.18215
PV α7 + SOM α7 + SOM β2 + VIP α5,prediction,4,16,1.02181,8.99541e-05,1.05818,3.88841e-07,8.74069
PV α7 + SOM α7 + SOM β2 + VIP α5,prediction,4,17,1.03597,9.07431e-05,1.0516,4.86706e-08,9.08675
PV α7 + SOM α7 + SOM β2 + VIP α5,prediction,4,18,1.113,9.12096e-05,1.07826,7.0442e-08,9.14061
PV α7 + SOM α7 + SOM β2 + VIP α5,prediction,4,19,1.06191,9.06265e-05,1.07055,1.43001e-07,8.76617
PV α7 + SOM α7 + SOM β2 + VIP α5,prediction,4,20,1.09659,9.07835e-05,1.08135,1.33834e-07,9.07587
PV α7 + SOM α7 + SOM β2 + VIP α5,prediction,4,21,1.08179,9.04614e-05,1.07612,2.909e-07,8.73915
PV α7 + SOM α7 + SOM β2 + VIP α5,prediction,4,22,1.07298,9.07327e-05,1.06973,9.38543e-08,8.87124
PV α7 + SOM α7 + SOM β2 + VIP α5,prediction,4,23,1.11344,9.0827e-05,1.08803,1.24732e-07,8.90681
PV α7 + SOM α7 + SOM β2 + VIP α5,prediction,4,24,1.11807,9.12541e-05,1.0804,1.47758e-07,9.13008
PV α7 + SOM α7 + SOM β2 + VIP α5,prediction,4,25,1.14725,9.14306e-05,1.0864,1.2427e-07,8.97774
PV α7 + SOM α7 + SOM β2 + VIP α5,prediction,4,26,1.25119,9.19739e-05,1.12985,9.46116e-08,9.09304
PV α7 + SOM α7 + SOM β2 + VIP α5,prediction,4,27,1.13086,9.15525e-05,1.07422,1.05835e-07,9.16649
PV α7 + SOM α7 + SOM β2 + VIP α5,prediction,4,28,1.13123,9.08892e-05,1.09428,2.69315e-07,8.84341
PV α7 + SOM α7 + SOM β2 + VIP α5,prediction,4,29,1.1685,9.18118e-05,1.09156,6.62649e-08,9.28681
PV α7 + SOM α7 + SOM β2 + VIP α5,prediction,4,30,1.08833,9.09066e-05,1.07006,2.67089e-07,8.91954
PV α7 + SOM α7 + SOM β2 + VIP α5,prediction,4,31,1.11728,9.10521e-05,1.085,6.60986e-08,9.05333
PV α7 + SOM α7 + SOM β2 + VIP α5,prediction,4,32,1.12058,9.08133e-05,1.09275,1.41816e-07,8.78573
PV α7 + SOM α7 + SOM β2 + VIP α5,prediction,4,33,1.16386,9.17433e-05,1.09025,1.0392e-07,9.21331
PV α7 + SOM α7 + SOM β2 + VIP α5,prediction,4,34,1.12735,9.1383e-05,1.07882,5.16443e-08,9.1502
PV α7 + SOM α7 + SOM β2 + VIP α5,prediction,4,35,1.1466,9.1955e-05,1.08099,4.73853e-08,9.34468
PV α7 + SOM α7 + SOM β2 + VIP α5,prediction,4,36,1.07701,9.03503e-05,1.07579,1.49225e-07,8.75835
PV α7 + SOM α7 + SOM β2 + VIP α5,prediction,4,37,1.11933,9.10574e-05,1.08516,3.58859e-07,9.07098
PV α7 + SOM α7 + SOM β2 + VIP α5,prediction,4,38,1.07751,9.09919e-05,1.05813,5.73569e-07,9.05103
PV α7 + SOM α7 + SOM β2 + VIP α5,prediction,4,39,1.15723,9.18735e-05,1.07921,1.37246e-07,9.17124
PV α7 + SOM α7 + SOM β2 + VIP α5,prediction,4,40,1.23101,9.18751e-05,1.1136,1.5286e-07,9.05802
PV α7 + SOM α7 + SOM β2 + VIP α5,prediction,4,41,1.0837,9.0762e-05,1.07796,1.6333e-07,8.96645
PV α7 + SOM α7 + SOM β2 + VIP α5,prediction,4,42,1.2104,9.18502e-05,1.11115,8.08416e-08,9.12001
PV α7 + SOM α7 + SOM β2 + VIP α5,prediction,4,43,1.08273,9.08625e-05,1.06975,9.77685e-07,8.86413
PV α7 + SOM α7 + SOM β2 + VIP α5,prediction,4,44,1.11473,9.10566e-05,1.0799,8.02455e-08,9.03213
PV α7 + SOM α7 + SOM β2 + VIP α5,prediction,4,45,1.13412,9.1254e-05,1.09043,1.10848e-07,9.04258
PV α7 + SOM α7 + SOM β2 + VIP α5,prediction,4,46,1.11768,9.09642e-05,1.08997,7.49435e-08,8.85752
PV α7 + SOM α7 + SOM β2 + VIP α5,prediction,4,47,1.15939,9.1576e-05,1.09611,6.08254e-08,9.17486
PV α7 + SOM α7 + SOM β2 + VIP α5,prediction,4,48,1.02849,9.00004e-05,1.05748,3.78633e-07,8.5676
PV α7 + SOM α7 + SOM β2 + VIP α5,prediction,4,49,1.07028,9.07067e-05,1.07319,1.16692e-07,8.95403
PV α7 + SOM α7 + SOM β2 + NDNF α7,prediction,4,0,1.69606,9.19244e-05,1.45952,0.094532,7.6141
PV α7 + SOM α7 + SOM β2 + NDNF α7,prediction,4,1,1.59238,9.01419e-05,1.4366,0.101983,7.3249
PV α7 + SOM α7 + SOM β2 + NDNF α7,prediction,4,2,1.73294,9.18315e-05,1.47596,0.086418,7.56338
PV α7 + SOM α7 + SOM β2 + NDNF α7,prediction,4,3,1.62289,9.00782e-05,1.45234,0.117494,7.32883
PV α7 + SOM α7 + SOM β2 + NDNF α7,prediction,4,4,1.65628,8.94131e-05,1.46259,0.126606,7.19134
PV α7 + SOM α7 + SOM β2 + NDNF α7,prediction,4,5,1.67784,9.01016e-05,1.46147,0.125162,7.29887
PV α7 + SOM α7 + SOM β2 + NDNF α7,prediction,4,6,1.65186,9.06656e-05,1.45464,0.101733,7.38849
PV α7 + SOM α7 + SOM β2 + NDNF α7,prediction,4,7,1.6087,9.08904e-05,1.43937,0.0884101,7.36269
PV α7 + SOM α7 + SOM β2 + NDNF α7,prediction,4,8,1.65301,9.01728e-05,1.44697,0.119347,7.26813
PV α7 + SOM α7 + SOM β2 + NDNF α7,prediction,4,9,1.68047,9.172e-05,1.46272,0.0861561,7.45124
PV α7 + SOM α7 + SOM β2 + NDNF α7,prediction,4,10,1.73102,9.15091e-05,1.46578,0.104255,7.55339
PV α7 + SOM α7 + SOM β2 + NDNF α7,prediction,4,11,1.66858,9.09757e-05,1.45561,0.108779,7.41233
PV α7 + SOM α7 + SOM β2 + NDNF α7,prediction,4,12,1.64364,9.00382e-05,1.45751,0.113619,7.26261
PV α7 + SOM α7 + SOM β2 + NDNF α7,prediction,4,13,1.65387,9.1114e-05,1.45593,0.0966149,7.45342
PV α7 + SOM α7 + SOM β2 + NDNF α7,prediction,4,14,1.58884,8.88206e-05,1.44087,0.140306,7.13771
PV α7 + SOM α7 + SOM β2 + NDNF α7,prediction,4,15,1.6823,9.14542e-05,1.45572,0.0947056,7.46794
PV α7 + SOM α7 + SOM β2 + NDNF α7,prediction,4,16,1.73199,9.17968e-05,1.46836,0.098231,7.53525
PV α7 + SOM α7 + SOM β2 + NDNF α7,prediction,4,17,1.65065,9.09548e-05,1.44292,0.104282,7.42351
PV α7 + SOM α7 + SOM β2 + NDNF α7,prediction,4,18,1.65249,9.06244e-05,1.44452,0.11788,7.42603
PV α7 + SOM α7 + SOM β2 + NDNF α7,prediction,4,19,1.69691,9.09242e-05,1.45212,0.1138,7.47984
PV α7 + SOM α7 + SOM β2 + NDNF α7,prediction,4,20,1.66269,9.11599e-05,1.44903,0.0897407,7.40559
PV α7 + SOM α7 + SOM β2 + NDNF α7,prediction,4,21,1.6711,9.07464e-05,1.4539,0.0983633,7.39555
PV α7 + SOM α7 + SOM β2 + NDNF α7,prediction,4,22,1.72075,9.16177e-05,1.47346,0.0918059,7.45883
PV α7 + SOM α7 + SOM β2 + NDNF α7,prediction,4,23,1.69593,9.16601e-05,1.46092,0.0881432,7.47027
PV α7 + SOM α7 + SOM β2 + NDNF α7,prediction,4,24,1.55659,9.02669e-05,1.42546,0.0997337,7.36752
PV α7 + SOM α7 + SOM β2 + NDNF α7,prediction,4,25,1.76474,9.11382e-05,1.48528,0.117547,7.4845
PV α7 + SOM α7 + SOM β2 + NDNF α7,prediction,4,26,1.69283,9.23963e-05,1.45328,0.0791607,7.65518
PV α7 + SOM α7 + SOM β2 + NDNF α7,prediction,4,27,1.73913,9.0427e-05,1.47369,0.134913,7.39207
PV α7 + SOM α7 + SOM β2 + NDNF α7,prediction,4,28,1.6733,9.18136e-05,1.44196,0.0920642,7.57985
PV α7 + SOM α7 + SOM β2 + NDNF α7,prediction,4,29,1.61503,9.13817e-05,1.44454,0.0750119,7.27354
PV α7 + SOM α7 + SOM β2 + NDNF α7,prediction,4,30,1.62557,8.97364e-05,1.45305,0.118609,7.20887
PV α7 + SOM α7 + SOM β2 + NDNF α7,prediction,4,31,1.69017,9.12167e-05,1.45955,0.100056,7.42952
PV α7 + SOM α7 + SOM β2 + NDNF α7,prediction,4,32,1.74032,9.11754e-05,1.48698,0.104177,7.41786
PV α7 + SOM α7 + SOM β2 + NDNF α7,prediction,4,33,1.70099,9.08094e-05,1.46584,0.104732,7.47758
PV α7 + SOM α7 + SOM β2 + NDNF α7,prediction,4,34,1.67209,9.06087e-05,1.46016,0.110292,7.41441
PV α7 + SOM α7 + SOM β2 + NDNF α7,prediction,4,35,1.59229,8.98537e-05,1.43691,0.103759,7.21796
PV α7 + SOM α7 + SOM β2 + NDNF α7,prediction,4,36,1.69845,8.91441e-05,1.46951,0.148343,7.23337
PV α7 + SOM α7 + SOM β2 + NDNF α7,prediction,4,37,1.65115,9.14565e-05,1.44803,0.0921795,7.41754
PV α7 + SOM α7 + SOM β2 + NDNF α7,prediction,4,38,1.53322,8.88023e-05,1.42203,0.126784,7.08323
PV α7 + SOM α7 + SOM β2 + NDNF α7,prediction,4,39,1.72277,9.06953e-05,1.46709,0.128469,7.41513
PV α7 + SOM α7 + SOM β2 + NDNF α7,prediction,4,40,1.63546,8.95325e-05,1.44535,0.127112,7.25445
PV α7 + SOM α7 + SOM β2 + NDNF α7,prediction,4,41,1.5605,9.03242e-05,1.42923,0.0972514,7.33902
PV α7 + SOM α7 + SOM β2 + NDNF α7,prediction,4,42,1.69312,9.18255e-05,1.46124,0.0857026,7.50909
PV α7 + SOM α7 + SOM β2 + NDNF α7,prediction,4,43,1.7233,9.04299e-05,1.47812,0.121296,7.3596
PV α7 + SOM α7 + SOM β2 + NDNF α7,prediction,4,44,1.70162,9.06542e-05,1.45508,0.114458,7.38908
PV α7 + SOM α7 + SOM β2 + NDNF α7,prediction,4,45,1.83615,9.26612e-05,1.49806,0.0844648,7.65334
PV α7 + SOM α7 + SOM β2 + NDNF α7,prediction,4,46,1.63183,8.96352e-05,1.44235,0.120867,7.29456
PV α7 + SOM α7 + SOM β2 + NDNF α7,prediction,4,47,1.76865,9.19005e-05,1.47333,0.10718,7.693
PV α7 + SOM α7 + SOM β2 + NDNF α7,prediction,4,48,1.65613,9.04073e-05,1.4449,0.116021,7.42019
PV α7 + SOM α7 + SOM β2 + NDNF α7,prediction,4,49,1.58037,8.91147e-05,1.43266,0.135828,7.17858
PV α7 + SOM α7 + SOM β2 + NDNF β2,prediction,4,0,1.56024,9.14559e-05,1.30819,0.0663342,7.17083
PV α7 + SOM α7 + SOM β2 + NDNF β2,prediction,4,1,1.47507,9.17327e-05,1.28558,0.0478695,7.20158
PV α7 + SOM α7 + SOM β2 + NDNF β2,prediction,4,2,1.59208,9.22726e-05,1.32124,0.0467108,7.25522
PV α7 + SOM α7 + SOM β2 + NDNF β2,prediction,4,3,1.49935,9.17879e-05,1.29112,0.0507175,7.19179
PV α7 + SOM α7 + SOM β2 + NDNF β2,prediction,4,4,1.56431,9.26947e-05,1.31211,0.0359,7.28886
PV α7 + SOM α7 + SOM β2 + NDNF β2,prediction,4,5,1.5086,9.18374e-05,1.29668,0.0449725,7.11867
PV α7 + SOM α7 + SOM β2 + NDNF β2,prediction,4,6,1.60443,9.29308e-05,1.32972,0.0337518,7.26708
PV α7 + SOM α7 + SOM β2 + NDNF β2,prediction,4,7,1.56358,9.27812e-05,1.30807,0.0364956,7.30178
PV α7 + SOM α7 + SOM β2 + NDNF β2,prediction,4,8,1.48305,9.16072e-05,1.29377,0.0512399,7.1841
PV α7 + SOM α7 + SOM β2 + NDNF β2,prediction,4,9,1.56436,9.24388e-05,1.31105,0.0433537,7.24494
PV α7 + SOM α7 + SOM β2 + NDNF β2,prediction,4,10,1.55721,9.27434e-05,1.31856,0.0318106,7.23559
PV α7 + SOM α7 + SOM β2 + NDNF β2,prediction,4,11,1.48468,9.13295e-05,1.28933,0.0517182,7.07574
PV α7 + SOM α7 + SOM β2 + NDNF β2,prediction,4,12,1.57171,9.25904e-05,1.32029,0.0375006,7.17759
PV α7 + SOM α7 + SOM β2 + NDNF β2,prediction,4,13,1.50548,9.16866e-05,1.30755,0.0405058,7.02957
PV α7 + SOM α7 + SOM β2 + NDNF β2,prediction,4,14,1.60247,9.29531e-05,1.31702,0.0409141,7.32109
PV α7 + SOM α7 + SOM β2 + NDNF β2,prediction,4,15,1.60253,9.22049e-05,1.33449,0.0500044,7.25216
PV α7 + SOM α7 + SOM β2 + NDNF β2,prediction,4,16,1.41525,9.06678e-05,1.28458,0.0481915,6.95559
PV α7 + SOM α7 + SOM β2 + NDNF β2,prediction,4,17,1.47312,9.18111e-05,1.29091,0.0368938,7.12366
PV α7 + SOM α7 + SOM β2 + NDNF β2,prediction,4,18,1.5376,9.11272e-05,1.32321,0.0601954,6.95085
PV α7 + SOM α7 + SOM β2 + NDNF β2,prediction,4,19,1.48237,9.08929e-05,1.29154,0.0638218,6.97546
PV α7 + SOM α7 + SOM β2 + NDNF β2,prediction,4,20,1.54363,9.15781e-05,1.3175,0.0504594,7.09595
PV α7 + SOM α7 + SOM β2 + NDNF β2,prediction,4,21,1.49672,9.14711e-05,1.30121,0.0450965,7.06059
PV α7 + SOM α7 + SOM β2 + NDNF β2,prediction,4,22,1.40066,9.05499e-05,1.28058,0.0492799,6.89368
PV α7 + SOM α7 + SOM β2 + NDNF β2,prediction,4,23,1.55441,9.20109e-05,1.31505,0.0402383,7.16907
PV α7 + SOM α7 + SOM β2 + NDNF β2,prediction,4,24,1.523,9.23462e-05,1.30176,0.0347208,7.20486
PV α7 + SOM α7 + SOM β2 + NDNF β2,prediction,4,25,1.5112,9.12436e-05,1.30216,0.0532504,7.03036
PV α7 + SOM α7 + SOM β2 + NDNF β2,prediction,4,26,1.49779,9.10802e-05,1.29718,0.0610831,6.93005
PV α7 + SOM α7 + SOM β2 + NDNF β2,prediction,4,27,1.48867,9.16675e-05,1.29022,0.0543267,7.19971
PV α7 + SOM α7 + SOM β2 + NDNF β2,prediction,4,28,1.49963,9.25982e-05,1.30258,0.0255706,7.28036
PV α7 + SOM α7 + SOM β2 + NDNF β2,prediction,4,29,1.45033,8.98898e-05,1.29245,0.0783947,6.93254
PV α7 + SOM α7 + SOM β2 + NDNF β2,prediction,4,30,1.67856,9.14277e-05,1.34523,0.0810857,7.13972
PV α7 + SOM α7 + SOM β2 + NDNF β2,prediction,4,31,1.52684,9.23487e-05,1.29908,0.0420559,7.26603
PV α7 + SOM α7 + SOM β2 + NDNF β2,prediction,4,32,1.41992,9.12286e-05,1.28795,0.0375177,6.97341
PV α7 + SOM α7 + SOM β2 + NDNF β2,prediction,4,33,1.46116,9.17678e-05,1.30223,0.0354412,7.09975
PV α7 + SOM α7 + SOM β2 + NDNF β2,prediction,4,34,1.50938,9.22015e-05,1.29639,0.0378789,7.20437
PV α7 + SOM α7 + SOM β2 + NDNF β2,prediction,4,35,1.43591,9.04428e-05,1.28636,0.0570397,6.85044
PV α7 + SOM α7 + SOM β2 + NDNF β2,prediction,4,36,1.45128,9.17806e-05,1.28205,0.0406865,7.23422
PV α7 + SOM α7 + SOM β2 + NDNF β2,prediction,4,37,1.53084,9.27065e-05,1.30534,0.03313,7.3114
PV α7 + SOM α7 + SOM β2 + NDNF β2,prediction,4,38,1.55705,9.23137e-05,1.321,0.0307077,7.19969
PV α7 + SOM α7 + SOM β2 + NDNF β2,prediction,4,39,1.48722,9.20623e-05,1.2903,0.0381227,7.24512
PV α7 + SOM α7 + SOM β2 + NDNF β2,prediction,4,40,1.53987,9.22775e-05,1.30941,0.0369319,7.1865
PV α7 + SOM α7 + SOM β2 + NDNF β2,prediction,4,41,1.53422,9.24718e-05,1.29853,0.034953,7.18237
PV α7 + SOM α7 + SOM β2 + NDNF β2,prediction,4,42,1.51691,9.20411e-05,1.30677,0.0388767,7.19163
PV α7 + SOM α7 + SOM β2 + NDNF β2,prediction,4,43,1.55407,9.20788e-05,1.31178,0.044029,7.16959
PV α7 + SOM α7 + SOM β2 + NDNF β2,prediction,4,44,1.47914,9.13088e-05,1.29251,0.0398998,6.97943
PV α7 + SOM α7 + SOM β2 + NDNF β2,prediction,4,45,1.35148,8.97842e-05,1.25875,0.0610469,6.75313
PV α7 + SOM α7 + SOM β2 + NDNF β2,prediction,4,46,1.48893,9.20945e-05,1.29847,0.033601,7.21303
PV α7 + SOM α7 + SOM β2 + NDNF β2,prediction,4,47,1.53685,9.15551e-05,1.30939,0.0518102,7.14744
PV α7 + SOM α7 + SOM β2 + NDNF β2,prediction,4,48,1.51745,9.07185e-05,1.30944,0.0717166,7.05721
PV α7 + SOM α7 + SOM β2 + NDNF β2,prediction,4,49,1.61041,9.26472e-05,1.3254,0.0446158,7.43336
PV α7 + SOM α7 + VIP α5 + NDNF α7,prediction,4,0,1.7011,0.00276035,1.45917,5.85338e-05,7.4708
PV α7 + SOM α7 + VIP α5 + NDNF α7,prediction,4,1,1.68617,0.00270987,1.47209,2.37819e-05,7.45548
PV α7 + SOM α7 + VIP α5 + NDNF α7,prediction,4,2,1.56104,0.00260383,1.43186,4.82482e-05,7.2418
PV α7 + SOM α7 + VIP α5 + NDNF α7,prediction,4,3,1.60422,0.00263503,1.44724,2.54404e-05,7.29999
PV α7 + SOM α7 + VIP α5 + NDNF α7,prediction,4,4,1.62836,0.00267161,1.46054,6.07359e-05,7.29926
PV α7 + SOM α7 + VIP α5 + NDNF α7,prediction,4,5,1.59697,0.00267119,1.45115,5.43229e-05,7.46515
PV α7 + SOM α7 + VIP α5 + NDNF α7,prediction,4,6,1.72552,0.00277553,1.47586,2.62722e-05,7.54824
PV α7 + SOM α7 + VIP α5 + NDNF α7,prediction,4,7,1.64532,0.00272233,1.46433,3.04542e-05,7.50205
PV α7 + SOM α7 + VIP α5 + NDNF α7,prediction,4,8,1.55324,0.0026121,1.43155,2.62847e-05,7.36871
PV α7 + SOM α7 + VIP α5 + NDNF α7,prediction,4,9,1.7182,0.00274245,1.47923,3.10184e-05,7.48786
PV α7 + SOM α7 + VIP α5 + NDNF α7,prediction,4,10,1.70753,0.00272309,1.4784,6.08419e-05,7.3441
PV α7 + SOM α7 + VIP α5 + NDNF α7,prediction,4,11,1.68952,0.00270816,1.46955,6.63105e-05,7.32465
PV α7 + SOM α7 + VIP α5 + NDNF α7,prediction,4,12,1.74822,0.00276343,1.48894,5.81903e-05,7.41012
PV α7 + SOM α7 + VIP α5 + NDNF α7,prediction,4,13,1.62541,0.00265245,1.44677,5.16369e-05,7.33421
PV α7 + SOM α7 + VIP α5 + NDNF α7,prediction,4,14,1.61337,0.00262853,1.45739,3.32791e-05,7.31426
PV α7 + SOM α7 + VIP α5 + NDNF α7,prediction,4,15,1.72647,0.00271892,1.4929,3.59211e-05,7.35005
PV α7 + SOM α7 + VIP α5 + NDNF α7,prediction,4,16,1.59216,0.00265486,1.43636,3.44248e-05,7.3497
PV α7 + SOM α7 + VIP α5 + NDNF α7,prediction,4,17,1.65513,0.00269097,1.46903,4.70546e-05,7.32491
PV α7 + SOM α7 + VIP α5 + NDNF α7,prediction,4,18,1.83591,0.00285978,1.51231,2.21338e-05,7.73505
PV α7 + SOM α7 + VIP α5 + NDNF α7,prediction,4,19,1.67822,0.00270869,1.47199,0.00036708,7.26821
PV α7 + SOM α7 + VIP α5 + NDNF α7,prediction,4,20,1.7234,0.00277122,1.47961,2.59263e-05,7.59909
PV α7 + SOM α7 + VIP α5 + NDNF α7,prediction,4,21,1.66288,0.00266303,1.46423,4.61811e-05,7.26279
PV α7 + SOM α7 + VIP α5 + NDNF α7,prediction,4,22,1.61989,0.00268641,1.45177,3.22768e-05,7.40912
PV α7 + SOM α7 + VIP α5 + NDNF α7,prediction,4,23,1.56016,0.00258198,1.43252,6.08428e-05,7.15481
PV α7 + SOM α7 + VIP α5 + NDNF α7,prediction,4,24,1.68216,0.00269926,1.47649,2.72793e-05,7.35882
PV α7 + SOM α7 + VIP α5 + NDNF α7,prediction,4,25,1.64192,0.00269404,1.44581,1.5498e-05,7.56449
PV α7 + SOM α7 + VIP α5 + NDNF α7,prediction,4,26,1.5907,0.00266617,1.43705,2.26313e-05,7.43759
PV α7 + SOM α7 + VIP α5 + NDNF α7,prediction,4,27,1.64416,0.00270051,1.45372,2.03714e-05,7.51562
PV α7 + SOM α7 + VIP α5 + NDNF α7,prediction,4,28,1.61167,0.00264452,1.45848,7.13231e-05,7.30297
PV α7 + SOM α7 + VIP α5 + NDNF α7,prediction,4,29,1.6219,0.00267252,1.45021,3.02685e-05,7.40116
PV α7 + SOM α7 + VIP α5 + NDNF α7,prediction,4,30,1.6427,0.00268775,1.45583,2.77798e-05,7.43124
PV α7 + SOM α7 + VIP α5 + NDNF α7,prediction,4,31,1.85265,0.00288769,1.51416,4.33168e-05,7.64555
PV α7 + SOM α7 + VIP α5 + NDNF α7,prediction,4,32,1.68659,0.00269182,1.48332,4.16981e-05,7.29218
PV α7 + SOM α7 + VIP α5 + NDNF α7,prediction,4,33,1.71974,0.00270054,1.48995,5.94475e-05,7.23768
PV α7 + SOM α7 + VIP α5 + NDNF α7,prediction,4,34,1.61357,0.00263554,1.45192,6.04738e-05,7.22778
PV α7 + SOM α7 + VIP α5 + NDNF α7,prediction,4,35,1.63011,0.00265281,1.46477,2.54848e-05,7.32784
PV α7 + SOM α7 + VIP α5 + NDNF α7,prediction,4,36,1.87228,0.0029145,1.51225,2.15511e-05,7.83002
PV α7 + SOM α7 + VIP α5 + NDNF α7,prediction,4,37,1.7118,0.00272949,1.48567,4.09247e-05,7.38925
PV α7 + SOM α7 + VIP α5 + NDNF α7,prediction,4,38,1.58776,0.00263896,1.4412,8.14274e-05,7.27114
PV α7 + SOM α7 + VIP α5 + NDNF α7,prediction,4,39,1.71308,0.00277516,1.47565,4.13554e-05,7.44696
PV α7 + SOM α7 + VIP α5 + NDNF α7,prediction,4,40,1.77559,0.00279208,1.49286,3.42706e-05,7.62635
PV α7 + SOM α7 + VIP α5 + NDNF α7,prediction,4,41,1.74711,0.00280433,1.47992,1.82271e-05,7.77017
PV α7 + SOM α7 + VIP α5 + NDNF α7,prediction,4,42,1.58428,0.00262115,1.45203,4.44876e-05,7.23592
PV α7 + SOM α7 + VIP α5 + NDNF α7,prediction,4,43,1.56613,0.00256727,1.44703,4.66035e-05,7.08048
PV α7 + SOM α7 + VIP α5 + NDNF α7,prediction,4,44,1.72309,0.00273378,1.48731,8.20802e-05,7.40048
PV α7 + SOM α7 + VIP α5 + NDNF α7,prediction,4,45,1.5344,0.0025998,1.43098,2.85462e-05,7.29956
PV α7 + SOM α7 + VIP α5 + NDNF α7,prediction,4,46,1.63283,0.00267008,1.45436,5.7716e-05,7.25963
PV α7 + SOM α7 + VIP α5 + NDNF α7,prediction,4,47,1.7339,0.00276185,1.48253,7.46844e-05,7.38596
PV α7 + SOM α7 + VIP α5 + NDNF α7,prediction,4,48,1.73537,0.00277956,1.48028,3.42365e-05,7.55055
PV α7 + SOM α7 + VIP α5 + NDNF α7,prediction,4,49,1.77075,0.00280581,1.48562,7.9835e-05,7.52327
PV α7 + SOM α7 + VIP α5 + NDNF β2,prediction,4,0,1.56971,0.00276921,1.30422,7.61604e-06,7.35386
PV α7 + SOM α7 + VIP α5 + NDNF β2,prediction,4,1,1.55549,0.00272418,1.31954,9.99599e-06,7.20265
PV α7 + SOM α7 + VIP α5 + NDNF β2,prediction,4,2,1.45755,0.00261305,1.30159,9.23622e-06,7.00153
PV α7 + SOM α7 + VIP α5 + NDNF β2,prediction,4,3,1.5287,0.0026952,1.31144,9.27788e-06,7.1093
PV α7 + SOM α7 + VIP α5 + NDNF β2,prediction,4,4,1.46718,0.00266447,1.28837,9.11438e-06,7.23008
PV α7 + SOM α7 + VIP α5 + NDNF β2,prediction,4,5,1.56464,0.00269505,1.31502,6.70248e-06,7.11727
PV α7 + SOM α7 + VIP α5 + NDNF β2,prediction,4,6,1.53433,0.0026862,1.30871,8.80158e-06,7.15941
PV α7 + SOM α7 + VIP α5 + NDNF β2,prediction,4,7,1.48876,0.0026588,1.29589,1.12457e-05,7.08735
PV α7 + SOM α7 + VIP α5 + NDNF β2,prediction,4,8,1.62055,0.00282075,1.3272,6.14543e-06,7.4623
PV α7 + SOM α7 + VIP α5 + NDNF β2,prediction,4,9,1.48181,0.0026589,1.29473,1.57269e-05,7.10754
PV α7 + SOM α7 + VIP α5 + NDNF β2,prediction,4,10,1.59224,0.00276378,1.32542,4.82874e-06,7.33884
PV α7 + SOM α7 + VIP α5 + NDNF β2,prediction,4,11,1.52403,0.00266176,1.3138,2.13115e-05,7.03207
PV α7 + SOM α7 + VIP α5 + NDNF β2,prediction,4,12,1.52048,0.00269183,1.29927,4.86846e-06,7.26005
PV α7 + SOM α7 + VIP α5 + NDNF β2,prediction,4,13,1.43327,0.0026409,1.28902,2.70956e-05,7.05986
PV α7 + SOM α7 + VIP α5 + NDNF β2,prediction,4,14,1.45378,0.00263854,1.28966,1.23231e-05,7.10747
PV α7 + SOM α7 + VIP α5 + NDNF β2,prediction,4,15,1.54526,0.00268704,1.32179,1.93215e-05,7.06265
PV α7 + SOM α7 + VIP α5 + NDNF β2,prediction,4,16,1.56383,0.00270838,1.31895,1.21078e-05,7.13702
PV α7 + SOM α7 + VIP α5 + NDNF β2,prediction,4,17,1.4315,0.00258437,1.28611,9.87344e-06,6.97138
PV α7 + SOM α7 + VIP α5 + NDNF β2,prediction,4,18,1.55832,0.00268305,1.32124,1.05564e-05,7.07488
PV α7 + SOM α7 + VIP α5 + NDNF β2,prediction,4,19,1.54951,0.00272665,1.31055,1.32531e-05,7.2554
PV α7 + SOM α7 + VIP α5 + NDNF β2,prediction,4,20,1.59876,0.00279122,1.32522,5.02146e-06,7.39281
PV α7 + SOM α7 + VIP α5 + NDNF β2,prediction,4,21,1.47921,0.0026396,1.30142,4.66144e-05,7.01939
PV α7 + SOM α7 + VIP α5 + NDNF β2,prediction,4,22,1.52789,0.00267726,1.31801,1.00268e-05,7.10385
PV α7 + SOM α7 + VIP α5 + NDNF β2,prediction,4,23,1.60199,0.00279249,1.3282,8.16918e-06,7.36211
PV α7 + SOM α7 + VIP α5 + NDNF β2,prediction,4,24,1.46392,0.0026678,1.28951,7.33634e-06,7.19462
PV α7 + SOM α7 + VIP α5 + NDNF β2,prediction,4,25,1.48288,0.00267957,1.29758,6.23926e-06,7.21097
PV α7 + SOM α7 + VIP α5 + NDNF β2,prediction,4,26,1.59215,0.00278034,1.32719,4.87813e-05,7.27925
PV α7 + SOM α7 + VIP α5 + NDNF β2,prediction,4,27,1.54263,0.0027009,1.30943,6.30391e-06,7.19394
PV α7 + SOM α7 + VIP α5 + NDNF β2,prediction,4,28,1.52451,0.00271178,1.29647,9.47562e-06,7.26033
PV α7 + SOM α7 + VIP α5 + NDNF β2,prediction,4,29,1.52466,0.00269803,1.31026,5.77059e-06,7.21885
PV α7 + SOM α7 + VIP α5 + NDNF β2,prediction,4,30,1.59505,0.00277442,1.32302,1.07517e-05,7.30488
PV α7 + SOM α7 + VIP α5 + NDNF β2,prediction,4,31,1.61234,0.00277787,1.3345,2.29493e-05,7.21136
PV α7 + SOM α7 + VIP α5 + NDNF β2,prediction,4,32,1.49478,0.00266218,1.30607,2.1446e-05,6.97825
PV α7 + SOM α7 + VIP α5 + NDNF β2,prediction,4,33,1.53997,0.00274426,1.30329,1.14175e-05,7.29516
PV α7 + SOM α7 + VIP α5 + NDNF β2,prediction,4,34,1.49623,0.00269024,1.3015,1.28161e-05,7.21689
PV α7 + SOM α7 + VIP α5 + NDNF β2,prediction,4,35,1.65282,0.0027983,1.33506,6.28873e-06,7.31558
PV α7 + SOM α7 + VIP α5 + NDNF β2,prediction,4,36,1.67341,0.00283587,1.34873,2.71026e-05,7.26256
PV α7 + SOM α7 + VIP α5 + NDNF β2,prediction,4,37,1.48977,0.00270175,1.29239,5.96821e-06,7.26444
PV α7 + SOM α7 + VIP α5 + NDNF β2,prediction,4,38,1.52816,0.00272627,1.29634,3.88549e-06,7.38029
PV α7 + SOM α7 + VIP α5 + NDNF β2,prediction,4,39,1.55164,0.00275975,1.3098,6.96897e-06,7.34644
PV α7 + SOM α7 + VIP α5 + NDNF β2,prediction,4,40,1.44889,0.00263593,1.29358,6.80824e-06,7.0985
PV α7 + SOM α7 + VIP α5 + NDNF β2,prediction,4,41,1.5174,0.00272115,1.30675,3.93647e-05,7.25789
PV α7 + SOM α7 + VIP α5 + NDNF β2,prediction,4,42,1.58412,0.00274127,1.33045,1.28275e-05,7.21513
PV α7 + SOM α7 + VIP α5 + NDNF β2,prediction,4,43,1.56879,0.00271488,1.32418,8.88572e-06,7.1588
PV α7 + SOM α7 + VIP α5 + NDNF β2,prediction,4,44,1.49423,0.00268098,1.30423,8.84868e-06,7.1794
PV α7 + SOM α7 + VIP α5 + NDNF β2,prediction,4,45,1.60464,0.00276847,1.32375,1.73882e-05,7.29474
PV α7 + SOM α7 + VIP α5 + NDNF β2,prediction,4,46,1.47886,0.00264707,1.30009,1.58768e-05,7.08864
PV α7 + SOM α7 + VIP α5 + NDNF β2,prediction,4,47,1.56428,0.00272262,1.31835,1.20101e-05,7.17497
PV α7 + SOM α7 + VIP α5 + NDNF β2,prediction,4,48,1.52513,0.00269352,1.29941,1.10929e-05,7.18485
PV α7 + SOM α7 + VIP α5 + NDNF β2,prediction,4,49,1.48496,0.00271286,1.29113,3.06004e-05,7.29271
PV α7 + SOM α7 + NDNF α7 + NDNF β2,prediction,4,0,2.17776,0.00229867,1.64741,0.641167,5.79727
PV α7 + SOM α7 + NDNF α7 + NDNF β2,prediction,4,1,2.12167,0.00219942,1.63824,0.703071,5.71277
PV α7 + SOM α7 + NDNF α7 + NDNF β2,prediction,4,2,2.23785,0.00230746,1.65641,0.674146,5.84669
PV α7 + SOM α7 + NDNF α7 + NDNF β2,prediction,4,3,2.09232,0.00220215,1.63342,0.655805,5.7164
PV α7 + SOM α7 + NDNF α7 + NDNF β2,prediction,4,4,2.08317,0.00209624,1.6225,0.776111,5.58485
PV α7 + SOM α7 + NDNF α7 + NDNF β2,prediction,4,5,2.07773,0.00216003,1.62638,0.71888,5.62799
PV α7 + SOM α7 + NDNF α7 + NDNF β2,prediction,4,6,2.13049,0.00218,1.63581,0.718353,5.63769
PV α7 + SOM α7 + NDNF α7 + NDNF β2,prediction,4,7,2.15129,0.00219856,1.64554,0.69419,5.7314
PV α7 + SOM α7 + NDNF α7 + NDNF β2,prediction,4,8,2.1068,0.00227714,1.62952,0.601989,5.7962
PV α7 + SOM α7 + NDNF α7 + NDNF β2,prediction,4,9,2.07284,0.00218999,1.61648,0.673273,5.65954
PV α7 + SOM α7 + NDNF α7 + NDNF β2,prediction,4,10,2.02621,0.00209913,1.60172,0.747318,5.53676
PV α7 + SOM α7 + NDNF α7 + NDNF β2,prediction,4,11,2.03058,0.00219786,1.60851,0.648854,5.64822
PV α7 + SOM α7 + NDNF α7 + NDNF β2,prediction,4,12,2.03118,0.00208657,1.61023,0.788738,5.52977
PV α7 + SOM α7 + NDNF α7 + NDNF β2,prediction,4,13,1.98519,0.00213462,1.59111,0.712055,5.57337
PV α7 + SOM α7 + NDNF α7 + NDNF β2,prediction,4,14,2.07194,0.00214328,1.62308,0.711793,5.61747
PV α7 + SOM α7 + NDNF α7 + NDNF β2,prediction,4,15,2.04333,0.00210852,1.59873,0.746604,5.51817
PV α7 + SOM α7 + NDNF α7 + NDNF β2,prediction,4,16,2.1025,0.00224008,1.6319,0.632671,5.7372
PV α7 + SOM α7 + NDNF α7 + NDNF β2,prediction,4,17,2.01454,0.00214877,1.6123,0.684291,5.5966
PV α7 + SOM α7 + NDNF α7 + NDNF β2,prediction,4,18,2.05521,0.00220179,1.62283,0.636055,5.70223
PV α7 + SOM α7 + NDNF α7 + NDNF β2,prediction,4,19,2.04988,0.00219473,1.61966,0.643625,5.68088
PV α7 + SOM α7 + NDNF α7 + NDNF β2,prediction,4,20,2.21967,0.00225507,1.65792,0.704404,5.807
PV α7 + SOM α7 + NDNF α7 + NDNF β2,prediction,4,21,2.09974,0.00222373,1.62201,0.665378,5.70902
PV α7 + SOM α7 + NDNF α7 + NDNF β2,prediction,4,22,2.04571,0.00221617,1.60512,0.645042,5.6543
PV α7 + SOM α7 + NDNF α7 + NDNF β2,prediction,4,23,1.93729,0.0019308,1.58007,0.884829,5.31165
PV α7 + SOM α7 + NDNF α7 + NDNF β2,prediction,4,24,2.14745,0.00224888,1.64792,0.665981,5.7903
PV α7 + SOM α7 + NDNF α7 + NDNF β2,prediction,4,25,2.19379,0.00229382,1.65534,0.650108,5.82891
PV α7 + SOM α7 + NDNF α7 + NDNF β2,prediction,4,26,2.05934,0.00217707,1.62521,0.658922,5.66687
PV α7 + SOM α7 + NDNF α7 + NDNF β2,prediction,4,27,1.97851,0.00209092,1.5927,0.720732,5.51536
PV α7 + SOM α7 + NDNF α7 + NDNF β2,prediction,4,28,2.12196,0.00226347,1.63095,0.611987,5.80612
PV α7 + SOM α7 + NDNF α7 + NDNF β2,prediction,4,29,1.99662,0.00210148,1.59603,0.752805,5.53686
PV α7 + SOM α7 + NDNF α7 + NDNF β2,prediction,4,30,2.03843,0.0021852,1.60774,0.675154,5.62725
PV α7 + SOM α7 + NDNF α7 + NDNF β2,prediction,4,31,2.06375,0.00217349,1.61752,0.671393,5.6733
PV α7 + SOM α7 + NDNF α7 + NDNF β2,prediction,4,32,2.12677,0.00219314,1.63995,0.677089,5.68897
PV α7 + SOM α7 + NDNF α7 + NDNF β2,prediction,4,33,2.15763,0.00224911,1.6491,0.671995,5.78656
PV α7 + SOM α7 + NDNF α7 + NDNF β2,prediction,4,34,2.24743,0.00222387,1.66749,0.732787,5.78423
PV α7 + SOM α7 + NDNF α7 + NDNF β2,prediction,4,35,2.07011,0.00219016,1.61582,0.688829,5.64577
PV α7 + SOM α7 + NDNF α7 + NDNF β2,prediction,4,36,2.10897,0.00215271,1.62962,0.734756,5.61819
PV α7 + SOM α7 + NDNF α7 + NDNF β2,prediction,4,37,2.08855,0.00217168,1.62525,0.703417,5.61689
PV α7 + SOM α7 + NDNF α7 + NDNF β2,prediction,4,38,2.12331,0.00219299,1.63356,0.700923,5.6961
PV α7 + SOM α7 + NDNF α7 + NDNF β2,prediction,4,39,2.00177,0.00214155,1.60989,0.660611,5.54878
PV α7 + SOM α7 + NDNF α7 + NDNF β2,prediction,4,40,2.07524,0.00216355,1.61967,0.696543,5.62715
PV α7 + SOM α7 + NDNF α7 + NDNF β2,prediction,4,41,2.04227,0.00211065,1.61382,0.739681,5.56412
PV α7 + SOM α7 + NDNF α7 + NDNF β2,prediction,4,42,2.10862,0.00218813,1.63504,0.695297,5.69523
PV α7 + SOM α7 + NDNF α7 + NDNF β2,prediction,4,43,2.08843,0.00209478,1.6237,0.800023,5.5392
PV α7 + SOM α7 + NDNF α7 + NDNF β2,prediction,4,44,2.01122,0.00210379,1.59418,0.720783,5.5627
PV α7 + SOM α7 + NDNF α7 + NDNF β2,prediction,4,45,1.98717,0.0021006,1.60016,0.69358,5.5041
PV α7 + SOM α7 + NDNF α7 + NDNF β2,prediction,4,46,2.21922,0.00231124,1.65917,0.616091,5.86984
PV α7 + SOM α7 + NDNF α7 + NDNF β2,prediction,4,47,2.22797,0.00230353,1.66142,0.675409,5.90004
PV α7 + SOM α7 + NDNF α7 + NDNF β2,prediction,4,48,2.10912,0.00217205,1.63305,0.703555,5.64393
PV α7 + SOM α7 + NDNF α7 + NDNF β2,prediction,4,49,2.17949,0.0023304,1.64362,0.598059,5.85284
PV α7 + SOM β2 + VIP α5 + NDNF α7,prediction,4,0,1.50355,0.233643,1.37627,3.3992e-05,6.45599
PV α7 + SOM β2 + VIP α5 + NDNF α7,prediction,4,1,1.50963,0.233216,1.37768,4.33842e-05,6.36081
PV α7 + SOM β2 + VIP α5 + NDNF α7,prediction,4,2,1.50454,0.23742,1.37885,6.73468e-05,6.38531
PV α7 + SOM β2 + VIP α5 + NDNF α7,prediction,4,3,1.48653,0.236529,1.3688,4.70691e-05,6.50814
PV α7 + SOM β2 + VIP α5 + NDNF α7,prediction,4,4,1.45709,0.231506,1.35829,6.82824e-05,6.35072
PV α7 + SOM β2 + VIP α5 + NDNF α7,prediction,4,5,1.50758,0.237379,1.3823,7.66708e-05,6.33009
PV α7 + SOM β2 + VIP α5 + NDNF α7,prediction,4,6,1.52632,0.241579,1.37482,3.98278e-05,6.49938
PV α7 + SOM β2 + VIP α5 + NDNF α7,prediction,4,7,1.51704,0.241691,1.36769,5.52419e-05,6.52875
PV α7 + SOM β2 + VIP α5 + NDNF α7,prediction,4,8,1.46981,0.238487,1.36355,5.6915e-05,6.42893
PV α7 + SOM β2 + VIP α5 + NDNF α7,prediction,4,9,1.3809,0.218052,1.32991,3.82454e-05,6.40552
PV α7 + SOM β2 + VIP α5 + NDNF α7,prediction,4,10,1.4661,0.228984,1.35712,4.03164e-05,6.32526
PV α7 + SOM β2 + VIP α5 + NDNF α7,prediction,4,11,1.43888,0.232399,1.35275,5.14885e-05,6.39413
PV α7 + SOM β2 + VIP α5 + NDNF α7,prediction,4,12,1.43986,0.228962,1.34881,5.37281e-05,6.44544
PV α7 + SOM β2 + VIP α5 + NDNF α7,prediction,4,13,1.53483,0.239094,1.38093,5.35571e-05,6.43052
PV α7 + SOM β2 + VIP α5 + NDNF α7,prediction,4,14,1.52097,0.24018,1.3755,2.99918e-05,6.53823
PV α7 + SOM β2 + VIP α5 + NDNF α7,prediction,4,15,1.56815,0.245796,1.39827,7.77772e-05,6.409
PV α7 + SOM β2 + VIP α5 + NDNF α7,prediction,4,16,1.50665,0.234115,1.36699,5.05956e-05,6.29976
PV α7 + SOM β2 + VIP α5 + NDNF α7,prediction,4,17,1.49474,0.231484,1.37361,3.79945e-05,6.39347
PV α7 + SOM β2 + VIP α5 + NDNF α7,prediction,4,18,1.37673,0.22095,1.33074,4.20721e-05,6.39322
PV α7 + SOM β2 + VIP α5 + NDNF α7,prediction,4,19,1.50154,0.238627,1.3754,8.16465e-05,6.38092
PV α7 + SOM β2 + VIP α5 + NDNF α7,prediction,4,20,1.50277,0.237941,1.36737,4.6211e-05,6.44454
PV α7 + SOM β2 + VIP α5 + NDNF α7,prediction,4,21,1.44717,0.229963,1.34965,6.87817e-05,6.34876
PV α7 + SOM β2 + VIP α5 + NDNF α7,prediction,4,22,1.4982,0.237504,1.37018,3.05793e-05,6.48949
PV α7 + SOM β2 + VIP α5 + NDNF α7,prediction,4,23,1.38117,0.221472,1.3389,9.87444e-05,6.27325
PV α7 + SOM β2 + VIP α5 + NDNF α7,prediction,4,24,1.56505,0.249459,1.38889,3.06143e-05,6.54779
PV α7 + SOM β2 + VIP α5 + NDNF α7,prediction,4,25,1.46993,0.23483,1.36462,8.77394e-05,6.43397
PV α7 + SOM β2 + VIP α5 + NDNF α7,prediction,4,26,1.52374,0.242416,1.38474,3.9017e-05,6.50517
PV α7 + SOM β2 + VIP α5 + NDNF α7,prediction,4,27,1.49382,0.23444,1.36445,3.54312e-05,6.4327
PV α7 + SOM β2 + VIP α5 + NDNF α7,prediction,4,28,1.5537,0.246037,1.38734,4.17557e-05,6.50363
PV α7 + SOM β2 + VIP α5 + NDNF α7,prediction,4,29,1.35395,0.214966,1.33075,7.38648e-05,6.22843
PV α7 + SOM β2 + VIP α5 + NDNF α7,prediction,4,30,1.43665,0.226392,1.35021,3.07925e-05,6.4815
PV α7 + SOM β2 + VIP α5 + NDNF α7,prediction,4,31,1.49124,0.2427,1.36369,7.46716e-05,6.37276
PV α7 + SOM β2 + VIP α5 + NDNF α7,prediction,4,32,1.41175,0.22487,1.33994,4.2664e-05,6.40508
PV α7 + SOM β2 + VIP α5 + NDNF α7,prediction,4,33,1.54868,0.247644,1.38244,0.000124388,6.39084
PV α7 + SOM β2 + VIP α5 + NDNF α7,prediction,4,34,1.50127,0.239009,1.3699,4.20151e-05,6.45746
PV α7 + SOM β2 + VIP α5 + NDNF α7,prediction,4,35,1.51657,0.234513,1.37991,0.000104213,6.18781
PV α7 + SOM β2 + VIP α5 + NDNF α7,prediction,4,36,1.43101,0.229318,1.34853,4.34955e-05,6.47731
PV α7 + SOM β2 + VIP α5 + NDNF α7,prediction,4,37,1.42499,0.229119,1.3495,3.89389e-05,6.51083
PV α7 + SOM β2 + VIP α5 + NDNF α7,prediction,4,38,1.44796,0.233141,1.35133,4.5334e-05,6.5889
PV α7 + SOM β2 + VIP α5 + NDNF α7,prediction,4,39,1.35831,0.212471,1.32886,2.57376e-05,6.35819
PV α7 + SOM β2 + VIP α5 + NDNF α7,prediction,4,40,1.50225,0.235362,1.36969,3.51275e-05,6.52079
PV α7 + SOM β2 + VIP α5 + NDNF α7,prediction,4,41,1.42998,0.228716,1.34076,2.79626e-05,6.468
PV α7 + SOM β2 + VIP α5 + NDNF α7,prediction,4,42,1.4016,0.220482,1.3388,3.61236e-05,6.33051
PV α7 + SOM β2 + VIP α5 + NDNF α7,prediction,4,43,1.4832,0.23279,1.36288,6.8167e-05,6.34269
PV α7 + SOM β2 + VIP α5 + NDNF α7,prediction,4,44,1.49466,0.237107,1.36689,3.66293e-05,6.45605
PV α7 + SOM β2 + VIP α5 + NDNF α7,prediction,4,45,1.45521,0.231895,1.35481,4.0308e-05,6.47427
PV α7 + SOM β2 + VIP α5 + NDNF α7,prediction,4,46,1.44907,0.225993,1.35835,4.31746e-05,6.36343
PV α7 + SOM β2 + VIP α5 + NDNF α7,prediction,4,47,1.55575,0.247671,1.38806,6.33406e-05,6.52655
PV α7 + SOM β2 + VIP α5 + NDNF α7,prediction,4,48,1.47007,0.231888,1.3655,7.0365e-05,6.39992
PV α7 + SOM β2 + VIP α5 + NDNF α7,prediction,4,49,1.47538,0.234704,1.36192,6.17571e-05,6.46811
PV α7 + SOM β2 + VIP α5 + NDNF β2,prediction,4,0,1.33526,0.221952,1.23498,1.70709e-05,6.01593
PV α7 + SOM β2 + VIP α5 + NDNF β2,prediction,4,1,1.33762,0.230546,1.23496,1.87904e-05,6.08103
PV α7 + SOM β2 + VIP α5 + NDNF β2,prediction,4,2,1.27843,0.221375,1.22311,2.53101e-05,6.00885
PV α7 + SOM β2 + VIP α5 + NDNF β2,prediction,4,3,1.29063,0.219156,1.22294,0.000104081,5.85161
PV α7 + SOM β2 + VIP α5 + NDNF β2,prediction,4,4,1.3884,0.236701,1.25345,2.02328e-05,6.12702
PV α7 + SOM β2 + VIP α5 + NDNF β2,prediction,4,5,1.3062,0.223441,1.22608,2.28673e-05,6.02338
PV α7 + SOM β2 + VIP α5 + NDNF β2,prediction,4,6,1.38743,0.238194,1.24827,1.11376e-05,6.23541
PV α7 + SOM β2 + VIP α5 + NDNF β2,prediction,4,7,1.40605,0.235911,1.2573,3.72418e-05,6.0306
PV α7 + SOM β2 + VIP α5 + NDNF β2,prediction,4,8,1.29153,0.218956,1.22159,6.29917e-05,5.91468
PV α7 + SOM β2 + VIP α5 + NDNF β2,prediction,4,9,1.46339,0.250481,1.27672,5.36046e-05,6.20033
PV α7 + SOM β2 + VIP α5 + NDNF β2,prediction,4,10,1.47132,0.247194,1.28609,3.80381e-05,5.99809
PV α7 + SOM β2 + VIP α5 + NDNF β2,prediction,4,11,1.39651,0.239153,1.25074,3.60313e-05,6.1889
PV α7 + SOM β2 + VIP α5 + NDNF β2,prediction,4,12,1.38387,0.239832,1.24833,1.9214e-05,6.2031
PV α7 + SOM β2 + VIP α5 + NDNF β2,prediction,4,13,1.35709,0.235249,1.23768,1.24271e-05,6.21759
PV α7 + SOM β2 + VIP α5 + NDNF β2,prediction,4,14,1.41336,0.237764,1.26892,3.86102e-05,5.98724
PV α7 + SOM β2 + VIP α5 + NDNF β2,prediction,4,15,1.38069,0.239869,1.25263,2.00418e-05,6.13264
PV α7 + SOM β2 + VIP α5 + NDNF β2,prediction,4,16,1.42368,0.242701,1.25388,1.6107e-05,6.19967
PV α7 + SOM β2 + VIP α5 + NDNF β2,prediction,4,17,1.37044,0.234439,1.2518,1.95426e-05,6.09152
PV α7 + SOM β2 + VIP α5 + NDNF β2,prediction,4,18,1.38097,0.236614,1.24287,1.01846e-05,6.25934
PV α7 + SOM β2 + VIP α5 + NDNF β2,prediction,4,19,1.41003,0.24478,1.25907,9.70389e-06,6.27835
PV α7 + SOM β2 + VIP α5 + NDNF β2,prediction,4,20,1.3679,0.230768,1.25103,0.00017082,5.96233
PV α7 + SOM β2 + VIP α5 + NDNF β2,prediction,4,21,1.35616,0.23105,1.24621,3.37938e-05,6.09047
PV α7 + SOM β2 + VIP α5 + NDNF β2,prediction,4,22,1.35565,0.2291,1.2563,2.75178e-05,6.06426
PV α7 + SOM β2 + VIP α5 + NDNF β2,prediction,4,23,1.42197,0.24471,1.25209,1.71308e-05,6.27082
PV α7 + SOM β2 + VIP α5 + NDNF β2,prediction,4,24,1.35627,0.230232,1.23891,1.3605e-05,6.13053
PV α7 + SOM β2 + VIP α5 + NDNF β2,prediction,4,25,1.27335,0.22047,1.21616,1.71302e-05,6.03346
PV α7 + SOM β2 + VIP α5 + NDNF β2,prediction,4,26,1.40635,0.238227,1.26328,4.55025e-05,6.00114
PV α7 + SOM β2 + VIP α5 + NDNF β2,prediction,4,27,1.43206,0.244235,1.26105,2.2222e-05,6.24832
PV α7 + SOM β2 + VIP α5 + NDNF β2,prediction,4,28,1.34603,0.226919,1.24556,2.79967e-05,5.99488
PV α7 + SOM β2 + VIP α5 + NDNF β2,prediction,4,29,1.52054,0.257523,1.29631,3.3661e-05,6.14967
PV α7 + SOM β2 + VIP α5 + NDNF β2,prediction,4,30,1.3993,0.234222,1.25393,2.29721e-05,6.05676
PV α7 + SOM β2 + VIP α5 + NDNF β2,prediction,4,31,1.44925,0.244997,1.27269,3.06852e-05,6.05922
PV α7 + SOM β2 + VIP α5 + NDNF β2,prediction,4,32,1.37164,0.229411,1.24913,1.53254e-05,6.05264
PV α7 + SOM β2 + VIP α5 + NDNF β2,prediction,4,33,1.37777,0.231485,1.25637,1.92379e-05,6.01403
PV α7 + SOM β2 + VIP α5 + NDNF β2,prediction,4,34,1.39969,0.244531,1.25557,1.75859e-05,6.18676
PV α7 + SOM β2 + VIP α5 + NDNF β2,prediction,4,35,1.31909,0.224138,1.22844,1.82222e-05,6.04575
PV α7 + SOM β2 + VIP α5 + NDNF β2,prediction,4,36,1.45847,0.249262,1.26697,1.1158e-05,6.26921
PV α7 + SOM β2 + VIP α5 + NDNF β2,prediction,4,37,1.41129,0.243108,1.2444,2.17489e-05,6.25497
PV α7 + SOM β2 + VIP α5 + NDNF β2,prediction,4,38,1.37896,0.244762,1.24316,1.3709e-05,6.33722
PV α7 + SOM β2 + VIP α5 + NDNF β2,prediction,4,39,1.28958,0.218517,1.22069,1.23695e-05,6.12085
PV α7 + SOM β2 + VIP α5 + NDNF β2,prediction,4,40,1.38969,0.238783,1.2518,3.70101e-05,6.08941
PV α7 + SOM β2 + VIP α5 + NDNF β2,prediction,4,41,1.33115,0.227628,1.24264,2.36191e-05,6.00945
PV α7 + SOM β2 + VIP α5 + NDNF β2,prediction,4,42,1.30563,0.223224,1.23431,1.56776e-05,6.04661
PV α7 + SOM β2 + VIP α5 + NDNF β2,prediction,4,43,1.3998,0.239215,1.25006,8.75225e-05,6.06344
PV α7 + SOM β2 + VIP α5 + NDNF β2,prediction,4,44,1.4293,0.242707,1.26421,1.37501e-05,6.17702
PV α7 + SOM β2 + VIP α5 + NDNF β2,prediction,4,45,1.35913,0.234107,1.2443,1.77767e-05,6.08312
PV α7 + SOM β2 + VIP α5 + NDNF β2,prediction,4,46,1.45003,0.242853,1.26895,1.36505e-05,6.18554
PV α7 + SOM β2 + VIP α5 + NDNF β2,prediction,4,47,1.34104,0.227245,1.24115,2.07158e-05,6.03219
PV α7 + SOM β2 + VIP α5 + NDNF β2,prediction,4,48,1.37194,0.236936,1.25314,7.49042e-05,6.00924
PV α7 + SOM β2 + VIP α5 + NDNF β2,prediction,4,49,1.41051,0.241094,1.25905,2.96883e-05,6.08579
PV α7 + SOM β2 + NDNF α7 + NDNF β2,prediction,4,0,1.94596,0.207958,1.52441,0.699637,5.03267
PV α7 + SOM β2 + NDNF α7 + NDNF β2,prediction,4,1,1.93017,0.197841,1.51403,0.757331,4.97145
PV α7 + SOM β2 + NDNF α7 + NDNF β2,prediction,4,2,1.93714,0.201983,1.51543,0.734099,4.982
PV α7 + SOM β2 + NDNF α7 + NDNF β2,prediction,4,3,1.84363,0.189754,1.49268,0.738081,4.89225
PV α7 + SOM β2 + NDNF α7 + NDNF β2,prediction,4,4,1.82913,0.187992,1.4914,0.664211,4.94952
PV α7 + SOM β2 + NDNF α7 + NDNF β2,prediction,4,5,1.86374,0.195239,1.50466,0.615691,5.05629
PV α7 + SOM β2 + NDNF α7 + NDNF β2,prediction,4,6,1.95558,0.205533,1.52624,0.731491,5.02549
PV α7 + SOM β2 + NDNF α7 + NDNF β2,prediction,4,7,1.85183,0.19199,1.49429,0.674834,4.9442
PV α7 + SOM β2 + NDNF α7 + NDNF β2,prediction,4,8,1.90322,0.201671,1.51499,0.62012,5.0927
PV α7 + SOM β2 + NDNF α7 + NDNF β2,prediction,4,9,1.80641,0.185506,1.47476,0.704381,4.87391
PV α7 + SOM β2 + NDNF α7 + NDNF β2,prediction,4,10,1.85032,0.193785,1.49883,0.695023,4.98414
PV α7 + SOM β2 + NDNF α7 + NDNF β2,prediction,4,11,1.88368,0.195946,1.49892,0.72806,4.94653
PV α7 + SOM β2 + NDNF α7 + NDNF β2,prediction,4,12,1.81266,0.185076,1.48098,0.73533,4.88548
PV α7 + SOM β2 + NDNF α7 + NDNF β2,prediction,4,13,2.03652,0.216855,1.54733,0.624965,5.17984
PV α7 + SOM β2 + NDNF α7 + NDNF β2,prediction,4,14,1.77747,0.182298,1.46791,0.736698,4.83082
PV α7 + SOM β2 + NDNF α7 + NDNF β2,prediction,4,15,1.98228,0.208438,1.5297,0.670377,5.06258
PV α7 + SOM β2 + NDNF α7 + NDNF β2,prediction,4,16,1.93898,0.200997,1.51158,0.823865,4.92124
PV α7 + SOM β2 + NDNF α7 + NDNF β2,prediction,4,17,1.99285,0.208137,1.52814,0.717554,5.04987
PV α7 + SOM β2 + NDNF α7 + NDNF β2,prediction,4,18,1.90281,0.193943,1.50492,0.806137,4.9342
PV α7 + SOM β2 + NDNF α7 + NDNF β2,prediction,4,19,1.74987,0.181418,1.46727,0.678583,4.87331
PV α7 + SOM β2 + NDNF α7 + NDNF β2,prediction,4,20,1.86679,0.190383,1.49041,0.828494,4.86395
PV α7 + SOM β2 + NDNF α7 + NDNF β2,prediction,4,21,1.94567,0.198691,1.5166,0.73309,4.98483
PV α7 + SOM β2 + NDNF α7 + NDNF β2,prediction,4,22,2.03683,0.214189,1.55131,0.729964,5.13203
PV α7 + SOM β2 + NDNF α7 + NDNF β2,prediction,4,23,1.83532,0.185293,1.48231,0.777946,4.84723
PV α7 + SOM β2 + NDNF α7 + NDNF β2,prediction,4,24,1.99729,0.212877,1.53881,0.692734,5.12303
PV α7 + SOM β2 + NDNF α7 + NDNF β2,prediction,4,25,1.73338,0.175475,1.45701,0.727557,4.82274
PV α7 + SOM β2 + NDNF α7 + NDNF β2,prediction,4,26,1.83957,0.188286,1.48762,0.736403,4.91993
PV α7 + SOM β2 + NDNF α7 + NDNF β2,prediction,4,27,1.87208,0.193715,1.50518,0.684802,4.97946
PV α7 + SOM β2 + NDNF α7 + NDNF β2,prediction,4,28,1.8995,0.191434,1.50695,0.706477,4.97927
PV α7 + SOM β2 + NDNF α7 + NDNF β2,prediction,4,29,2.00713,0.212125,1.53896,0.638123,5.16282
PV α7 + SOM β2 + NDNF α7 + NDNF β2,prediction,4,30,2.00578,0.214738,1.54029,0.657272,5.11227
PV α7 + SOM β2 + NDNF α7 + NDNF β2,prediction,4,31,2.00215,0.213403,1.53481,0.655143,5.15137
PV α7 + SOM β2 + NDNF α7 + NDNF β2,prediction,4,32,1.91042,0.195434,1.51406,0.792313,4.90264
PV α7 + SOM β2 + NDNF α7 + NDNF β2,prediction,4,33,1.85718,0.192685,1.48869,0.742313,4.89679
PV α7 + SOM β2 + NDNF α7 + NDNF β2,prediction,4,34,1.98926,0.215216,1.53331,0.692366,5.0954
PV α7 + SOM β2 + NDNF α7 + NDNF β2,prediction,4,35,1.76431,0.179704,1.47548,0.717763,4.86878
PV α7 + SOM β2 + NDNF α7 + NDNF β2,prediction,4,36,1.86894,0.187585,1.50245,0.77324,4.89671
PV α7 + SOM β2 + NDNF α7 + NDNF β2,prediction,4,37,1.97389,0.209133,1.52747,0.646186,5.09178
PV α7 + SOM β2 + NDNF α7 + NDNF β2,prediction,4,38,1.9527,0.202428,1.51964,0.722038,5.00555
PV α7 + SOM β2 + NDNF α7 + NDNF β2,prediction,4,39,1.96716,0.206311,1.52425,0.74189,5.01851
PV α7 + SOM β2 + NDNF α7 + NDNF β2,prediction,4,40,1.88739,0.196322,1.50471,0.683321,4.97845
PV α7 + SOM β2 + NDNF α7 + NDNF β2,prediction,4,41,1.97168,0.207816,1.52603,0.633699,5.09901
PV α7 + SOM β2 + NDNF α7 + NDNF β2,prediction,4,42,1.79163,0.181598,1.48284,0.733798,4.86214
PV α7 + SOM β2 + NDNF α7 + NDNF β2,prediction,4,43,1.87371,0.196386,1.50451,0.706336,4.98562
PV α7 + SOM β2 + NDNF α7 + NDNF β2,prediction,4,44,1.92325,0.201116,1.50525,0.766282,4.94884
PV α7 + SOM β2 + NDNF α7 + NDNF β2,prediction,4,45,1.87611,0.19025,1.49907,0.80384,4.88571
PV α7 + SOM β2 + NDNF α7 + NDNF β2,prediction,4,46,2.01932,0.216374,1.5412,0.72995,5.10895
PV α7 + SOM β2 + NDNF α7 + NDNF β2,prediction,4,47,1.9033,0.198393,1.51711,0.717082,4.99417
PV α7 + SOM β2 + NDNF α7 + NDNF β2,prediction,4,48,1.9112,0.197487,1.50408,0.733328,4.97797
PV α7 + SOM β2 + NDNF α7 + NDNF β2,prediction,4,49,1.91676,0.193646,1.50393,0.763241,4.92883
PV α7 + VIP α5 + NDNF α7 + NDNF β2,prediction,4,0,1.22836,2.17394,1.73962,1.45178,1.0742
PV α7 + VIP α5 + NDNF α7 + NDNF β2,prediction,4,1,1.07534,2.01982,1.66989,1.28127,1.05633
PV α7 + VIP α5 + NDNF α7 + NDNF β2,prediction,4,2,1.17721,2.13419,1.71632,1.42861,1.0518
PV α7 + VIP α5 + NDNF α7 + NDNF β2,prediction,4,3,1.19569,2.11593,1.71427,1.40109,1.07338
PV α7 + VIP α5 + NDNF α7 + NDNF β2,prediction,4,4,1.22631,2.13717,1.72132,1.42843,1.07202
PV α7 + VIP α5 + NDNF α7 + NDNF β2,prediction,4,5,1.14843,2.12146,1.7129,1.40942,1.05214
PV α7 + VIP α5 + NDNF α7 + NDNF β2,prediction,4,6,1.15727,2.07772,1.69396,1.36855,1.06314
PV α7 + VIP α5 + NDNF α7 + NDNF β2,prediction,4,7,1.14864,2.08685,1.69847,1.35649,1.05917
PV α7 + VIP α5 + NDNF α7 + NDNF β2,prediction,4,8,1.13887,2.11405,1.70948,1.421,1.03862
PV α7 + VIP α5 + NDNF α7 + NDNF β2,prediction,4,9,1.11006,2.06272,1.6873,1.32552,1.06037
PV α7 + VIP α5 + NDNF α7 + NDNF β2,prediction,4,10,1.18311,2.14333,1.72145,1.42027,1.06394
PV α7 + VIP α5 + NDNF α7 + NDNF β2,prediction,4,11,1.1565,2.10027,1.7048,1.39891,1.0533
PV α7 + VIP α5 + NDNF α7 + NDNF β2,prediction,4,12,1.17925,2.10613,1.7082,1.40021,1.064
PV α7 + VIP α5 + NDNF α7 + NDNF β2,prediction,4,13,1.20133,2.13566,1.71797,1.46477,1.05029
PV α7 + VIP α5 + NDNF α7 + NDNF β2,prediction,4,14,1.15898,2.08375,1.69803,1.36792,1.06617
PV α7 + VIP α5 + NDNF α7 + NDNF β2,prediction,4,15,1.15585,2.07602,1.69693,1.36943,1.06179
PV α7 + VIP α5 + NDNF α7 + NDNF β2,prediction,4,16,1.21023,2.15754,1.7272,1.4821,1.0492
PV α7 + VIP α5 + NDNF α7 + NDNF β2,prediction,4,17,1.14545,2.11378,1.71157,1.41257,1.04658
PV α7 + VIP α5 + NDNF α7 + NDNF β2,prediction,4,18,1.21748,2.17118,1.73363,1.44106,1.06869
PV α7 + VIP α5 + NDNF α7 + NDNF β2,prediction,4,19,1.18188,2.1313,1.71417,1.46813,1.03758
PV α7 + VIP α5 + NDNF α7 + NDNF β2,prediction,4,20,1.1752,2.09319,1.70729,1.38784,1.06773
PV α7 + VIP α5 + NDNF α7 + NDNF β2,prediction,4,21,1.20972,2.14767,1.72687,1.45165,1.0557
PV α7 + VIP α5 + NDNF α7 + NDNF β2,prediction,4,22,1.20287,2.12725,1.71815,1.41122,1.07294
PV α7 + VIP α5 + NDNF α7 + NDNF β2,prediction,4,23,1.12376,2.07326,1.69236,1.35291,1.0556
PV α7 + VIP α5 + NDNF α7 + NDNF β2,prediction,4,24,1.3078,2.22128,1.76297,1.52858,1.08452
PV α7 + VIP α5 + NDNF α7 + NDNF β2,prediction,4,25,1.11098,2.02529,1.67715,1.30022,1.0687
PV α7 + VIP α5 + NDNF α7 + NDNF β2,prediction,4,26,1.15836,2.07443,1.69705,1.35141,1.07253
PV α7 + VIP α5 + NDNF α7 + NDNF β2,prediction,4,27,1.12233,2.06052,1.68923,1.35259,1.05747
PV α7 + VIP α5 + NDNF α7 + NDNF β2,prediction,4,28,1.21095,2.16965,1.73668,1.46544,1.06343
PV α7 + VIP α5 + NDNF α7 + NDNF β2,prediction,4,29,1.11756,2.09278,1.69753,1.40206,1.03367
PV α7 + VIP α5 + NDNF α7 + NDNF β2,prediction,4,30,1.16634,2.10227,1.70682,1.40695,1.05407
PV α7 + VIP α5 + NDNF α7 + NDNF β2,prediction,4,31,1.25583,2.18442,1.74321,1.47084,1.0814
PV α7 + VIP α5 + NDNF α7 + NDNF β2,prediction,4,32,1.13915,2.10556,1.70485,1.40775,1.04468
PV α7 + VIP α5 + NDNF α7 + NDNF β2,prediction,4,33,1.21019,2.16418,1.7321,1.48486,1.04535
PV α7 + VIP α5 + NDNF α7 + NDNF β2,prediction,4,34,1.15339,2.10176,1.71169,1.34179,1.08447
PV α7 + VIP α5 + NDNF α7 + NDNF β2,prediction,4,35,1.11733,2.091,1.70201,1.38436,1.04497
PV α7 + VIP α5 + NDNF α7 + NDNF β2,prediction,4,36,1.17181,2.12631,1.71334,1.44665,1.043
PV α7 + VIP α5 + NDNF α7 + NDNF β2,prediction,4,37,1.18899,2.11796,1.71237,1.39989,1.06367
PV α7 + VIP α5 + NDNF α7 + NDNF β2,prediction,4,38,1.28743,2.1856,1.74387,1.49611,1.08323
PV α7 + VIP α5 + NDNF α7 + NDNF β2,prediction,4,39,1.20785,2.14695,1.72764,1.4641,1.05723
PV α7 + VIP α5 + NDNF α7 + NDNF β2,prediction,4,40,1.17907,2.13266,1.7204,1.4279,1.05569
PV α7 + VIP α5 + NDNF α7 + NDNF β2,prediction,4,41,1.24823,2.1979,1.74779,1.48353,1.07089
PV α7 + VIP α5 + NDNF α7 + NDNF β2,prediction,4,42,1.24232,2.21931,1.75431,1.51126,1.0627
PV α7 + VIP α5 + NDNF α7 + NDNF β2,prediction,4,43,1.14651,2.11782,1.71166,1.41931,1.04402
PV α7 + VIP α5 + NDNF α7 + NDNF β2,prediction,4,44,1.19538,2.14619,1.72632,1.41672,1.07349
PV α7 + VIP α5 + NDNF α7 + NDNF β2,prediction,4,45,1.22423,2.11268,1.71278,1.38525,1.08635
PV α7 + VIP α5 + NDNF α7 + NDNF β2,prediction,4,46,1.25054,2.19775,1.74313,1.54488,1.04638
PV α7 + VIP α5 + NDNF α7 + NDNF β2,prediction,4,47,1.23114,2.18617,1.74603,1.51128,1.05279
PV α7 + VIP α5 + NDNF α7 + NDNF β2,prediction,4,48,1.11538,2.05306,1.68502,1.31993,1.06152
PV α7 + VIP α5 + NDNF α7 + NDNF β2,prediction,4,49,1.09201,2.02027,1.66754,1.28369,1.06137
SOM α7 + SOM β2 + VIP α5 + NDNF α7,prediction,4,0,1.418,9.30978e-05,1.93395,3.55799e-06,7.49418
SOM α7 + SOM β2 + VIP α5 + NDNF α7,prediction,4,1,1.45488,9.2829e-05,1.95705,6.30333e-06,7.44125
SOM α7 + SOM β2 + VIP α5 + NDNF α7,prediction,4,2,1.44765,9.28537e-05,1.95264,3.39784e-06,7.39783
SOM α7 + SOM β2 + VIP α5 + NDNF α7,prediction,4,3,1.44694,9.28102e-05,1.95054,5.32868e-06,7.38304
SOM α7 + SOM β2 + VIP α5 + NDNF α7,prediction,4,4,1.40007,9.24551e-05,1.93713,4.02932e-06,7.38951
SOM α7 + SOM β2 + VIP α5 + NDNF α7,prediction,4,5,1.30693,9.18729e-05,1.90076,3.49904e-05,7.24098
SOM α7 + SOM β2 + VIP α5 + NDNF α7,prediction,4,6,1.38502,9.24517e-05,1.93339,3.44203e-06,7.4128
SOM α7 + SOM β2 + VIP α5 + NDNF α7,prediction,4,7,1.40778,9.25063e-05,1.9359,8.56649e-06,7.30852
SOM α7 + SOM β2 + VIP α5 + NDNF α7,prediction,4,8,1.35375,9.20332e-05,1.91724,6.45827e-06,7.2043
SOM α7 + SOM β2 + VIP α5 + NDNF α7,prediction,4,9,1.33319,9.19231e-05,1.90483,6.35224e-06,7.24173
SOM α7 + SOM β2 + VIP α5 + NDNF α7,prediction,4,10,1.41565,9.29054e-05,1.93839,2.76461e-06,7.47034
SOM α7 + SOM β2 + VIP α5 + NDNF α7,prediction,4,11,1.41169,9.30348e-05,1.93087,5.48638e-06,7.50278
SOM α7 + SOM β2 + VIP α5 + NDNF α7,prediction,4,12,1.35669,9.14542e-05,1.93335,8.9061e-06,7.04472
SOM α7 + SOM β2 + VIP α5 + NDNF α7,prediction,4,13,1.43328,9.25773e-05,1.93992,6.00931e-06,7.25849
SOM α7 + SOM β2 + VIP α5 + NDNF α7,prediction,4,14,1.48739,9.35165e-05,1.95357,2.85754e-06,7.53393
SOM α7 + SOM β2 + VIP α5 + NDNF α7,prediction,4,15,1.33123,9.24098e-05,1.9061,3.7993e-06,7.36247
SOM α7 + SOM β2 + VIP α5 + NDNF α7,prediction,4,16,1.3728,9.22219e-05,1.92743,4.43227e-06,7.35811
SOM α7 + SOM β2 + VIP α5 + NDNF α7,prediction,4,17,1.43093,9.23954e-05,1.94593,7.96555e-06,7.2776
SOM α7 + SOM β2 + VIP α5 + NDNF α7,prediction,4,18,1.36458,9.22726e-05,1.92669,5.42053e-06,7.3111
SOM α7 + SOM β2 + VIP α5 + NDNF α7,prediction,4,19,1.30696,9.20543e-05,1.90461,6.76001e-06,7.28627
SOM α7 + SOM β2 + VIP α5 + NDNF α7,prediction,4,20,1.50294,9.32721e-05,1.95646,2.32355e-05,7.3641
SOM α7 + SOM β2 + VIP α5 + NDNF α7,prediction,4,21,1.31967,9.24082e-05,1.89668,3.2979e-06,7.41085
SOM α7 + SOM β2 + VIP α5 + NDNF α7,prediction,4,22,1.38208,9.20253e-05,1.92297,1.47919e-05,7.11304
SOM α7 + SOM β2 + VIP α5 + NDNF α7,prediction,4,23,1.42005,9.30756e-05,1.93784,3.21628e-06,7.54166
SOM α7 + SOM β2 + VIP α5 + NDNF α7,prediction,4,24,1.39469,9.29246e-05,1.92405,4.89037e-06,7.54168
SOM α7 + SOM β2 + VIP α5 + NDNF α7,prediction,4,25,1.39267,9.28329e-05,1.92439,4.30546e-06,7.5055
SOM α7 + SOM β2 + VIP α5 + NDNF α7,prediction,4,26,1.32412,9.20903e-05,1.90898,4.7781e-06,7.28569
SOM α7 + SOM β2 + VIP α5 + NDNF α7,prediction,4,27,1.45518,9.27106e-05,1.94105,4.36772e-05,7.30929
SOM α7 + SOM β2 + VIP α5 + NDNF α7,prediction,4,28,1.32514,9.23664e-05,1.90281,3.43116e-06,7.44975
SOM α7 + SOM β2 + VIP α5 + NDNF α7,prediction,4,29,1.46617,9.33762e-05,1.94628,5.02573e-06,7.48724
SOM α7 + SOM β2 + VIP α5 + NDNF α7,prediction,4,30,1.42713,9.23866e-05,1.94778,8.62774e-06,7.23221
SOM α7 + SOM β2 + VIP α5 + NDNF α7,prediction,4,31,1.38652,9.24751e-05,1.93112,3.88842e-06,7.36982
SOM α7 + SOM β2 + VIP α5 + NDNF α7,prediction,4,32,1.46183,9.35051e-05,1.94383,3.04832e-06,7.62585
SOM α7 + SOM β2 + VIP α5 + NDNF α7,prediction,4,33,1.44601,9.30325e-05,1.94649,5.78515e-06,7.44143
SOM α7 + SOM β2 + VIP α5 + NDNF α7,prediction,4,34,1.4294,9.31215e-05,1.94083,3.11599e-06,7.56985
SOM α7 + SOM β2 + VIP α5 + NDNF α7,prediction,4,35,1.39409,9.26036e-05,1.94107,6.90689e-06,7.37777
SOM α7 + SOM β2 + VIP α5 + NDNF α7,prediction,4,36,1.39247,9.24559e-05,1.9352,9.23951e-06,7.28421
SOM α7 + SOM β2 + VIP α5 + NDNF α7,prediction,4,37,1.33648,9.19697e-05,1.91528,6.30986e-06,7.15274
SOM α7 + SOM β2 + VIP α5 + NDNF α7,prediction,4,38,1.37191,9.24017e-05,1.91749,8.79573e-06,7.33083
SOM α7 + SOM β2 + VIP α5 + NDNF α7,prediction,4,39,1.33946,9.22493e-05,1.90114,7.07751e-06,7.27561
SOM α7 + SOM β2 + VIP α5 + NDNF α7,prediction,4,40,1.35014,9.1973e-05,1.92197,3.88707e-05,7.1945
SOM α7 + SOM β2 + VIP α5 + NDNF α7,prediction,4,41,1.40248,9.27976e-05,1.93305,1.03399e-05,7.43109
SOM α7 + SOM β2 + VIP α5 + NDNF α7,prediction,4,42,1.42523,9.29729e-05,1.93213,1.24895e-05,7.50499
SOM α7 + SOM β2 + VIP α5 + NDNF α7,prediction,4,43,1.48523,9.38655e-05,1.94353,5.82989e-06,7.64832
SOM α7 + SOM β2 + VIP α5 + NDNF α7,prediction,4,44,1.37434,9.2681e-05,1.9239,4.54992e-06,7.38254
SOM α7 + SOM β2 + VIP α5 + NDNF α7,prediction,4,45,1.53792,9.3511e-05,1.97363,1.2155e-05,7.53998
SOM α7 + SOM β2 + VIP α5 + NDNF α7,prediction,4,46,1.47448,9.32907e-05,1.95024,4.0239e-06,7.52747
SOM α7 + SOM β2 + VIP α5 + NDNF α7,prediction,4,47,1.46977,9.3618e-05,1.94739,1.4608e-05,7.71009
SOM α7 + SOM β2 + VIP α5 + NDNF α7,prediction,4,48,1.37651,9.23758e-05,1.9178,7.54603e-06,7.36499
SOM α7 + SOM β2 + VIP α5 + NDNF α7,prediction,4,49,1.31377,9.18051e-05,1.91444,4.27133e-06,7.26326
SOM α7 + SOM β2 + VIP α5 + NDNF β2,prediction,4,0,1.27387,9.12564e-05,1.76217,2.07343e-06,6.87361
SOM α7 + SOM β2 + VIP α5 + NDNF β2,prediction,4,1,1.2396,9.19362e-05,1.73966,6.07893e-07,7.19301
SOM α7 + SOM β2 + VIP α5 + NDNF β2,prediction,4,2,1.25926,9.15995e-05,1.74456,1.60176e-06,7.08714
SOM α7 + SOM β2 + VIP α5 + NDNF β2,prediction,4,3,1.20109,9.13375e-05,1.72789,1.12923e-06,7.01508
SOM α7 + SOM β2 + VIP α5 + NDNF β2,prediction,4,4,1.3414,9.27183e-05,1.75966,4.67712e-06,7.19457
SOM α7 + SOM β2 + VIP α5 + NDNF β2,prediction,4,5,1.31799,9.23517e-05,1.76197,2.33077e-06,7.16573
SOM α7 + SOM β2 + VIP α5 + NDNF β2,prediction,4,6,1.22732,9.13007e-05,1.73712,1.68064e-06,6.9959
SOM α7 + SOM β2 + VIP α5 + NDNF β2,prediction,4,7,1.25347,9.15763e-05,1.74207,2.79304e-06,6.95103
SOM α7 + SOM β2 + VIP α5 + NDNF β2,prediction,4,8,1.25915,9.15864e-05,1.73353,2.42818e-06,6.95242
SOM α7 + SOM β2 + VIP α5 + NDNF β2,prediction,4,9,1.28337,9.1965e-05,1.75184,1.18806e-06,7.20508
SOM α7 + SOM β2 + VIP α5 + NDNF β2,prediction,4,10,1.30812,9.23191e-05,1.74217,1.76935e-06,7.239
SOM α7 + SOM β2 + VIP α5 + NDNF β2,prediction,4,11,1.30177,9.22859e-05,1.75293,8.47015e-07,7.25158
SOM α7 + SOM β2 + VIP α5 + NDNF β2,prediction,4,12,1.32863,9.25299e-05,1.75251,2.61903e-06,7.25657
SOM α7 + SOM β2 + VIP α5 + NDNF β2,prediction,4,13,1.33381,9.26013e-05,1.7614,1.31913e-06,7.28045
SOM α7 + SOM β2 + VIP α5 + NDNF β2,prediction,4,14,1.37383,9.26284e-05,1.77454,1.10358e-06,7.19373
SOM α7 + SOM β2 + VIP α5 + NDNF β2,prediction,4,15,1.35635,9.33102e-05,1.76223,1.7719e-06,7.46577
SOM α7 + SOM β2 + VIP α5 + NDNF β2,prediction,4,16,1.19649,9.12559e-05,1.72286,2.98857e-06,6.87813
SOM α7 + SOM β2 + VIP α5 + NDNF β2,prediction,4,17,1.27518,9.20896e-05,1.74829,1.82933e-06,7.13667
SOM α7 + SOM β2 + VIP α5 + NDNF β2,prediction,4,18,1.37602,9.28748e-05,1.77561,1.51394e-06,7.26125
SOM α7 + SOM β2 + VIP α5 + NDNF β2,prediction,4,19,1.24943,9.17396e-05,1.74388,9.21549e-07,7.07466
SOM α7 + SOM β2 + VIP α5 + NDNF β2,prediction,4,20,1.31394,9.25958e-05,1.75773,6.27652e-07,7.34532
SOM α7 + SOM β2 + VIP α5 + NDNF β2,prediction,4,21,1.24686,9.19772e-05,1.73356,8.78152e-07,7.16838
SOM α7 + SOM β2 + VIP α5 + NDNF β2,prediction,4,22,1.33821,9.22174e-05,1.7642,2.73121e-06,7.11622
SOM α7 + SOM β2 + VIP α5 + NDNF β2,prediction,4,23,1.3518,9.281e-05,1.77911,6.5985e-07,7.36501
SOM α7 + SOM β2 + VIP α5 + NDNF β2,prediction,4,24,1.26721,9.18748e-05,1.73595,1.10932e-06,7.07985
SOM α7 + SOM β2 + VIP α5 + NDNF β2,prediction,4,25,1.21437,9.15044e-05,1.73063,2.16751e-06,7.01122
SOM α7 + SOM β2 + VIP α5 + NDNF β2,prediction,4,26,1.23001,9.16529e-05,1.74053,8.99345e-07,7.09459
SOM α7 + SOM β2 + VIP α5 + NDNF β2,prediction,4,27,1.24879,9.18851e-05,1.72614,1.89502e-06,7.1137
SOM α7 + SOM β2 + VIP α5 + NDNF β2,prediction,4,28,1.32725,9.27064e-05,1.75551,6.28083e-07,7.35121
SOM α7 + SOM β2 + VIP α5 + NDNF β2,prediction,4,29,1.19448,9.11933e-05,1.72326,2.47721e-06,6.875
SOM α7 + SOM β2 + VIP α5 + NDNF β2,prediction,4,30,1.23036,9.14662e-05,1.73605,1.6161e-06,7.0286
SOM α7 + SOM β2 + VIP α5 + NDNF β2,prediction,4,31,1.2493,9.14845e-05,1.74621,1.34154e-06,6.99284
SOM α7 + SOM β2 + VIP α5 + NDNF β2,prediction,4,32,1.35386,9.27055e-05,1.7626,1.35475e-06,7.19415
SOM α7 + SOM β2 + VIP α5 + NDNF β2,prediction,4,33,1.24982,9.14962e-05,1.74466,1.67132e-06,6.99572
SOM α7 + SOM β2 + VIP α5 + NDNF β2,prediction,4,34,1.33378,9.26245e-05,1.76456,7.16889e-07,7.29234
SOM α7 + SOM β2 + VIP α5 + NDNF β2,prediction,4,35,1.29288,9.21583e-05,1.74827,1.84654e-06,7.14138
SOM α7 + SOM β2 + VIP α5 + NDNF β2,prediction,4,36,1.3281,9.31801e-05,1.75857,4.75993e-07,7.49071
SOM α7 + SOM β2 + VIP α5 + NDNF β2,prediction,4,37,1.24083,9.17867e-05,1.72937,2.80788e-06,7.02037
SOM α7 + SOM β2 + VIP α5 + NDNF β2,prediction,4,38,1.22735,9.15812e-05,1.72992,7.60508e-07,7.0989
SOM α7 + SOM β2 + VIP α5 + NDNF β2,prediction,4,39,1.31798,9.2555e-05,1.76348,8.19703e-07,7.30877
SOM α7 + SOM β2 + VIP α5 + NDNF β2,prediction,4,40,1.31385,9.22866e-05,1.75785,7.78145e-07,7.22888
SOM α7 + SOM β2 + VIP α5 + NDNF β2,prediction,4,41,1.36795,9.32799e-05,1.75237,6.71718e-07,7.43861
SOM α7 + SOM β2 + VIP α5 + NDNF β2,prediction,4,42,1.31562,9.25139e-05,1.75533,8.98204e-07,7.2887
SOM α7 + SOM β2 + VIP α5 + NDNF β2,prediction,4,43,1.19406,9.11765e-05,1.73473,1.36891e-06,6.94148
SOM α7 + SOM β2 + VIP α5 + NDNF β2,prediction,4,44,1.29134,9.20225e-05,1.74839,1.85876e-06,7.05672
SOM α7 + SOM β2 + VIP α5 + NDNF β2,prediction,4,45,1.24312,9.17531e-05,1.74236,1.37935e-06,7.05881
SOM α7 + SOM β2 + VIP α5 + NDNF β2,prediction,4,46,1.36895,9.27681e-05,1.78004,1.77386e-06,7.22583
SOM α7 + SOM β2 + VIP α5 + NDNF β2,prediction,4,47,1.32239,9.24397e-05,1.75991,1.6865e-06,7.2753
SOM α7 + SOM β2 + VIP α5 + NDNF β2,prediction,4,48,1.24896,9.15103e-05,1.73901,1.99762e-06,6.95495
SOM α7 + SOM β2 + VIP α5 + NDNF β2,prediction,4,49,1.28263,9.24902e-05,1.7454,7.11512e-07,7.34207
SOM α7 + SOM β2 + NDNF α7 + NDNF β2,prediction,4,0,1.88944,8.49033e-05,2.18121,0.329266,5.69701
SOM α7 + SOM β2 + NDNF α7 + NDNF β2,prediction,4,1,1.70643,8.63251e-05,2.12194,0.256849,5.66163
SOM α7 + SOM β2 + NDNF α7 + NDNF β2,prediction,4,2,1.82708,8.39208e-05,2.15097,0.342758,5.63933
SOM α7 + SOM β2 + NDNF α7 + NDNF β2,prediction,4,3,1.94947,8.73434e-05,2.18886,0.275072,5.90732
SOM α7 + SOM β2 + NDNF α7 + NDNF β2,prediction,4,4,1.85723,8.62787e-05,2.16303,0.290871,5.8117
SOM α7 + SOM β2 + NDNF α7 + NDNF β2,prediction,4,5,1.907,8.31582e-05,2.16084,0.388556,5.6477
SOM α7 + SOM β2 + NDNF α7 + NDNF β2,prediction,4,6,1.86444,8.4755e-05,2.16695,0.329206,5.63774
SOM α7 + SOM β2 + NDNF α7 + NDNF β2,prediction,4,7,1.88737,8.49656e-05,2.16579,0.332905,5.66791
SOM α7 + SOM β2 + NDNF α7 + NDNF β2,prediction,4,8,1.85552,8.37519e-05,2.16467,0.357041,5.63251
SOM α7 + SOM β2 + NDNF α7 + NDNF β2,prediction,4,9,1.86743,8.67955e-05,2.16773,0.279517,5.77535
SOM α7 + SOM β2 + NDNF α7 + NDNF β2,prediction,4,10,1.81852,8.54831e-05,2.1427,0.306904,5.67501
SOM α7 + SOM β2 + NDNF α7 + NDNF β2,prediction,4,11,1.89197,8.55023e-05,2.18008,0.322216,5.73347
SOM α7 + SOM β2 + NDNF α7 + NDNF β2,prediction,4,12,1.85709,8.62513e-05,2.17964,0.284301,5.72996
SOM α7 + SOM β2 + NDNF α7 + NDNF β2,prediction,4,13,1.75162,8.38521e-05,2.13383,0.334875,5.57243
SOM α7 + SOM β2 + NDNF α7 + NDNF β2,prediction,4,14,1.82289,8.48734e-05,2.15022,0.328448,5.67671
SOM α7 + SOM β2 + NDNF α7 + NDNF β2,prediction,4,15,1.88713,8.41443e-05,2.17281,0.355749,5.66997
SOM α7 + SOM β2 + NDNF α7 + NDNF β2,prediction,4,16,1.73448,8.41548e-05,2.13724,0.319693,5.51063
SOM α7 + SOM β2 + NDNF α7 + NDNF β2,prediction,4,17,1.81464,8.54192e-05,2.15162,0.308849,5.6742
SOM α7 + SOM β2 + NDNF α7 + NDNF β2,prediction,4,18,1.84118,8.75018e-05,2.16914,0.244564,5.84084
SOM α7 + SOM β2 + NDNF α7 + NDNF β2,prediction,4,19,1.74641,8.44598e-05,2.13807,0.326957,5.58974
SOM α7 + SOM β2 + NDNF α7 + NDNF β2,prediction,4,20,1.89251,8.60855e-05,2.17919,0.297092,5.75803
SOM α7 + SOM β2 + NDNF α7 + NDNF β2,prediction,4,21,1.86877,8.68936e-05,2.16931,0.273175,5.82372
SOM α7 + SOM β2 + NDNF α7 + NDNF β2,prediction,4,22,1.82011,8.59665e-05,2.15797,0.281596,5.6761
SOM α7 + SOM β2 + NDNF α7 + NDNF β2,prediction,4,23,1.84287,8.51546e-05,2.1581,0.317793,5.68865
SOM α7 + SOM β2 + NDNF α7 + NDNF β2,prediction,4,24,1.82067,8.63742e-05,2.15883,0.272965,5.75139
SOM α7 + SOM β2 + NDNF α7 + NDNF β2,prediction,4,25,1.88048,8.75971e-05,2.16974,0.26665,5.92173
SOM α7 + SOM β2 + NDNF α7 + NDNF β2,prediction,4,26,1.90834,8.81656e-05,2.18425,0.244175,5.89121
SOM α7 + SOM β2 + NDNF α7 + NDNF β2,prediction,4,27,1.84689,8.66519e-05,2.16095,0.279541,5.79243
SOM α7 + SOM β2 + NDNF α7 + NDNF β2,prediction,4,28,1.76228,8.28138e-05,2.13931,0.360005,5.51389
SOM α7 + SOM β2 + NDNF α7 + NDNF β2,prediction,4,29,1.90137,8.49491e-05,2.17599,0.327816,5.73413
SOM α7 + SOM β2 + NDNF α7 + NDNF β2,prediction,4,30,1.80248,8.23856e-05,2.13634,0.387664,5.4876
SOM α7 + SOM β2 + NDNF α7 + NDNF β2,prediction,4,31,1.84883,8.29762e-05,2.15386,0.383308,5.64044
SOM α7 + SOM β2 + NDNF α7 + NDNF β2,prediction,4,32,1.95385,8.90356e-05,2.19866,0.231487,6.00593
SOM α7 + SOM β2 + NDNF α7 + NDNF β2,prediction,4,33,1.76867,8.53468e-05,2.13665,0.304301,5.64952
SOM α7 + SOM β2 + NDNF α7 + NDNF β2,prediction,4,34,1.8012,8.53597e-05,2.14714,0.297744,5.69156
SOM α7 + SOM β2 + NDNF α7 + NDNF β2,prediction,4,35,1.8893,8.53972e-05,2.1633,0.322963,5.74354
SOM α7 + SOM β2 + NDNF α7 + NDNF β2,prediction,4,36,1.85675,8.73328e-05,2.17618,0.259335,5.78736
SOM α7 + SOM β2 + NDNF α7 + NDNF β2,prediction,4,37,1.90236,8.64638e-05,2.16492,0.288593,5.76451
SOM α7 + SOM β2 + NDNF α7 + NDNF β2,prediction,4,38,1.81587,8.573e-05,2.16097,0.291938,5.69688
SOM α7 + SOM β2 + NDNF α7 + NDNF β2,prediction,4,39,1.85456,8.64377e-05,2.16315,0.276414,5.7781
SOM α7 + SOM β2 + NDNF α7 + NDNF β2,prediction,4,40,1.86299,8.44023e-05,2.14697,0.350816,5.62283
SOM α7 + SOM β2 + NDNF α7 + NDNF β2,prediction,4,41,2.01848,8.56501e-05,2.20647,0.337308,5.90563
SOM α7 + SOM β2 + NDNF α7 + NDNF β2,prediction,4,42,1.7699,8.41958e-05,2.12911,0.342686,5.60379
SOM α7 + SOM β2 + NDNF α7 + NDNF β2,prediction,4,43,1.85287,8.67317e-05,2.16298,0.264879,5.72043
SOM α7 + SOM β2 + NDNF α7 + NDNF β2,prediction,4,44,1.8808,8.58045e-05,2.17556,0.296481,5.74516
SOM α7 + SOM β2 + NDNF α7 + NDNF β2,prediction,4,45,1.85886,8.40405e-05,2.16631,0.347527,5.61153
SOM α7 + SOM β2 + NDNF α7 + NDNF β2,prediction,4,46,1.69902,8.14871e-05,2.11469,0.394672,5.43996
SOM α7 + SOM β2 + NDNF α7 + NDNF β2,prediction,4,47,1.72659,8.55976e-05,2.13232,0.27836,5.61961
SOM α7 + SOM β2 + NDNF α7 + NDNF β2,prediction,4,48,1.74201,8.46816e-05,2.13001,0.308632,5.59835
SOM α7 + SOM β2 + NDNF α7 + NDNF β2,prediction,4,49,1.80346,8.31232e-05,2.14618,0.370899,5.56249
SOM α7 + VIP α5 + NDNF α7 + NDNF β2,prediction,4,0,1.91096,0.00279091,2.20715,0.00047877,5.75022
SOM α7 + VIP α5 + NDNF α7 + NDNF β2,prediction,4,1,1.98552,0.00289887,2.22398,0.000190403,5.96524
SOM α7 + VIP α5 + NDNF α7 + NDNF β2,prediction,4,2,1.88393,0.00278132,2.20578,0.000281212,5.75856
SOM α7 + VIP α5 + NDNF α7 + NDNF β2,prediction,4,3,1.79759,0.00267108,2.18515,0.000242101,5.57517
SOM α7 + VIP α5 + NDNF α7 + NDNF β2,prediction,4,4,1.82315,0.00271705,2.17806,0.000594233,5.60097
SOM α7 + VIP α5 + NDNF α7 + NDNF β2,prediction,4,5,1.95029,0.00282592,2.22305,0.000251101,5.83995
SOM α7 + VIP α5 + NDNF α7 + NDNF β2,prediction,4,6,1.8456,0.00275914,2.19752,0.000265882,5.78434
SOM α7 + VIP α5 + NDNF α7 + NDNF β2,prediction,4,7,1.83247,0.00277943,2.17073,0.000614558,5.72093
SOM α7 + VIP α5 + NDNF α7 + NDNF β2,prediction,4,8,1.88463,0.00276909,2.19792,0.000263265,5.71477
SOM α7 + VIP α5 + NDNF α7 + NDNF β2,prediction,4,9,1.76237,0.00267003,2.1636,0.00033489,5.59723
SOM α7 + VIP α5 + NDNF α7 + NDNF β2,prediction,4,10,1.81382,0.00269722,2.18495,0.000335923,5.61119
SOM α7 + VIP α5 + NDNF α7 + NDNF β2,prediction,4,11,1.83964,0.00273349,2.18741,0.000335118,5.69384
SOM α7 + VIP α5 + NDNF α7 + NDNF β2,prediction,4,12,1.79347,0.00268125,2.17556,0.000385901,5.61791
SOM α7 + VIP α5 + NDNF α7 + NDNF β2,prediction,4,13,1.93859,0.00281871,2.22454,0.000161073,5.89243
SOM α7 + VIP α5 + NDNF α7 + NDNF β2,prediction,4,14,1.83737,0.00275593,2.18725,0.000313421,5.73472
SOM α7 + VIP α5 + NDNF α7 + NDNF β2,prediction,4,15,1.85147,0.00274972,2.19068,0.000148639,5.80297
SOM α7 + VIP α5 + NDNF α7 + NDNF β2,prediction,4,16,1.87497,0.00278848,2.18277,0.000539046,5.73274
SOM α7 + VIP α5 + NDNF α7 + NDNF β2,prediction,4,17,1.9544,0.00282123,2.21721,0.000364133,5.77369
SOM α7 + VIP α5 + NDNF α7 + NDNF β2,prediction,4,18,1.83931,0.00276045,2.1864,0.000433798,5.74581
SOM α7 + VIP α5 + NDNF α7 + NDNF β2,prediction,4,19,1.66103,0.00257654,2.13382,0.000233046,5.46888
SOM α7 + VIP α5 + NDNF α7 + NDNF β2,prediction,4,20,1.89525,0.00278911,2.19866,0.000250147,5.77012
SOM α7 + VIP α5 + NDNF α7 + NDNF β2,prediction,4,21,1.89776,0.00280062,2.20346,0.000280025,5.82962
SOM α7 + VIP α5 + NDNF α7 + NDNF β2,prediction,4,22,1.77489,0.00265178,2.17007,0.000270955,5.55912
SOM α7 + VIP α5 + NDNF α7 + NDNF β2,prediction,4,23,1.97583,0.00283082,2.22324,0.000417968,5.82417
SOM α7 + VIP α5 + NDNF α7 + NDNF β2,prediction,4,24,1.83584,0.00270674,2.18336,0.000198191,5.677
SOM α7 + VIP α5 + NDNF α7 + NDNF β2,prediction,4,25,1.87105,0.00275314,2.18719,0.000644629,5.58909
SOM α7 + VIP α5 + NDNF α7 + NDNF β2,prediction,4,26,1.74811,0.00263339,2.16108,0.000928899,5.4194
SOM α7 + VIP α5 + NDNF α7 + NDNF β2,prediction,4,27,1.77912,0.00268464,2.16256,0.000528487,5.5477
SOM α7 + VIP α5 + NDNF α7 + NDNF β2,prediction,4,28,1.77682,0.00263853,2.17039,0.000474748,5.45237
SOM α7 + VIP α5 + NDNF α7 + NDNF β2,prediction,4,29,1.81979,0.00269236,2.17483,0.000432603,5.55697
SOM α7 + VIP α5 + NDNF α7 + NDNF β2,prediction,4,30,1.88929,0.00280074,2.19023,0.000402463,5.72885
SOM α7 + VIP α5 + NDNF α7 + NDNF β2,prediction,4,31,1.93466,0.00281947,2.22005,0.000220699,5.80992
SOM α7 + VIP α5 + NDNF α7 + NDNF β2,prediction,4,32,1.91958,0.00284978,2.20963,0.000193197,5.94016
SOM α7 + VIP α5 + NDNF α7 + NDNF β2,prediction,4,33,1.73513,0.00264716,2.15728,0.000235545,5.5776
SOM α7 + VIP α5 + NDNF α7 + NDNF β2,prediction,4,34,1.90452,0.0027655,2.21359,0.000238307,5.73142
SOM α7 + VIP α5 + NDNF α7 + NDNF β2,prediction,4,35,1.76461,0.00267191,2.16198,0.000538648,5.48429
SOM α7 + VIP α5 + NDNF α7 + NDNF β2,prediction,4,36,1.98726,0.00288956,2.20982,0.000230564,5.97256
SOM α7 + VIP α5 + NDNF α7 + NDNF β2,prediction,4,37,1.90188,0.0027784,2.20027,0.00040318,5.721
SOM α7 + VIP α5 + NDNF α7 + NDNF β2,prediction,4,38,1.76609,0.00267834,2.1802,0.000289656,5.6236
SOM α7 + VIP α5 + NDNF α7 + NDNF β2,prediction,4,39,1.78184,0.00267739,2.15694,0.000228575,5.60708
SOM α7 + VIP α5 + NDNF α7 + NDNF β2,prediction,4,40,1.89035,0.00279318,2.19894,0.000157204,5.83452
SOM α7 + VIP α5 + NDNF α7 + NDNF β2,prediction,4,41,1.85399,0.00275148,2.18664,0.000276278,5.74576
SOM α7 + VIP α5 + NDNF α7 + NDNF β2,prediction,4,42,1.75923,0.00266051,2.17741,0.000438664,5.56632
SOM α7 + VIP α5 + NDNF α7 + NDNF β2,prediction,4,43,1.88854,0.00277112,2.18939,0.000348398,5.73917
SOM α7 + VIP α5 + NDNF α7 + NDNF β2,prediction,4,44,1.77523,0.00266312,2.15688,0.000428159,5.51032
SOM α7 + VIP α5 + NDNF α7 + NDNF β2,prediction,4,45,1.74218,0.00267069,2.16286,0.000342765,5.60019
SOM α7 + VIP α5 + NDNF α7 + NDNF β2,prediction,4,46,1.88552,0.00277155,2.19919,0.000199938,5.75432
SOM α7 + VIP α5 + NDNF α7 + NDNF β2,prediction,4,47,1.60055,0.00253416,2.12384,0.000446694,5.36196
SOM α7 + VIP α5 + NDNF α7 + NDNF β2,prediction,4,48,1.89258,0.00279728,2.20229,0.000295698,5.84197
SOM α7 + VIP α5 + NDNF α7 + NDNF β2,prediction,4,49,1.76986,0.00264527,2.18771,0.000332646,5.57918
SOM β2 + VIP α5 + NDNF α7 + NDNF β2,prediction,4,0,1.75358,0.251045,2.08133,0.000936848,4.7441
SOM β2 + VIP α5 + NDNF α7 + NDNF β2,prediction,4,1,1.70162,0.238297,2.0702,0.000712592,4.71636
SOM β2 + VIP α5 + NDNF α7 + NDNF β2,prediction,4,2,1.68519,0.237513,2.06756,0.000299439,4.92758
SOM β2 + VIP α5 + NDNF α7 + NDNF β2,prediction,4,3,1.68112,0.235932,2.06901,0.00104474,4.7601
SOM β2 + VIP α5 + NDNF α7 + NDNF β2,prediction,4,4,1.76725,0.250983,2.10039,0.000435649,4.88865
SOM β2 + VIP α5 + NDNF α7 + NDNF β2,prediction,4,5,1.55168,0.218461,2.02694,0.00225945,4.53824
SOM β2 + VIP α5 + NDNF α7 + NDNF β2,prediction,4,6,1.80348,0.255676,2.11285,0.000540734,4.86952
SOM β2 + VIP α5 + NDNF α7 + NDNF β2,prediction,4,7,1.61697,0.228874,2.05692,0.000609718,4.73322
SOM β2 + VIP α5 + NDNF α7 + NDNF β2,prediction,4,8,1.63797,0.233422,2.06009,0.000873649,4.6787
SOM β2 + VIP α5 + NDNF α7 + NDNF β2,prediction,4,9,1.66572,0.233472,2.06897,0.000923124,4.72302
SOM β2 + VIP α5 + NDNF α7 + NDNF β2,prediction,4,10,1.65683,0.235664,2.05381,0.000862958,4.63945
SOM β2 + VIP α5 + NDNF α7 + NDNF β2,prediction,4,11,1.64888,0.230752,2.06817,0.000478185,4.83344
SOM β2 + VIP α5 + NDNF α7 + NDNF β2,prediction,4,12,1.67548,0.232679,2.07075,0.000890266,4.71669
SOM β2 + VIP α5 + NDNF α7 + NDNF β2,prediction,4,13,1.66637,0.234849,2.05891,0.000706023,4.714
SOM β2 + VIP α5 + NDNF α7 + NDNF β2,prediction,4,14,1.64746,0.231938,2.05208,0.000756217,4.76792
SOM β2 + VIP α5 + NDNF α7 + NDNF β2,prediction,4,15,1.6503,0.23222,2.04879,0.00042503,4.81275
SOM β2 + VIP α5 + NDNF α7 + NDNF β2,prediction,4,16,1.71096,0.244853,2.0676,0.000692017,4.77699
SOM β2 + VIP α5 + NDNF α7 + NDNF β2,prediction,4,17,1.67131,0.235515,2.06483,0.00080004,4.67976
SOM β2 + VIP α5 + NDNF α7 + NDNF β2,prediction,4,18,1.59289,0.223122,2.04079,0.000848472,4.72341
SOM β2 + VIP α5 + NDNF α7 + NDNF β2,prediction,4,19,1.76166,0.24986,2.09477,0.000333632,4.93693
SOM β2 + VIP α5 + NDNF α7 + NDNF β2,prediction,4,20,1.62223,0.230151,2.05183,0.000807375,4.74081
SOM β2 + VIP α5 + NDNF α7 + NDNF β2,prediction,4,21,1.62927,0.224718,2.05125,0.000456442,4.70075
SOM β2 + VIP α5 + NDNF α7 + NDNF β2,prediction,4,22,1.66445,0.231301,2.05798,0.00059051,4.70945
SOM β2 + VIP α5 + NDNF α7 + NDNF β2,prediction,4,23,1.65286,0.235527,2.06061,0.000612256,4.7336
SOM β2 + VIP α5 + NDNF α7 + NDNF β2,prediction,4,24,1.6197,0.226699,2.05,0.000461437,4.756
SOM β2 + VIP α5 + NDNF α7 + NDNF β2,prediction,4,25,1.81332,0.25735,2.10518,0.000343639,4.98023
SOM β2 + VIP α5 + NDNF α7 + NDNF β2,prediction,4,26,1.60384,0.223421,2.04939,0.000528114,4.74927
SOM β2 + VIP α5 + NDNF α7 + NDNF β2,prediction,4,27,1.76369,0.250055,2.10263,0.000495817,4.84899
SOM β2 + VIP α5 + NDNF α7 + NDNF β2,prediction,4,28,1.76244,0.247588,2.08672,0.000606199,4.75144
SOM β2 + VIP α5 + NDNF α7 + NDNF β2,prediction,4,29,1.57463,0.223475,2.03207,0.000849264,4.70976
SOM β2 + VIP α5 + NDNF α7 + NDNF β2,prediction,4,30,1.53697,0.215511,2.02165,0.00121947,4.49714
SOM β2 + VIP α5 + NDNF α7 + NDNF β2,prediction,4,31,1.74115,0.245367,2.09582,0.000689976,4.8777
SOM β2 + VIP α5 + NDNF α7 + NDNF β2,prediction,4,32,1.74678,0.249992,2.09274,0.000814173,4.77706
SOM β2 + VIP α5 + NDNF α7 + NDNF β2,prediction,4,33,1.73395,0.249318,2.09014,0.000571815,4.82352
SOM β2 + VIP α5 + NDNF α7 + NDNF β2,prediction,4,34,1.64431,0.236291,2.054,0.00114332,4.67432
SOM β2 + VIP α5 + NDNF α7 + NDNF β2,prediction,4,35,1.66884,0.235261,2.07515,0.00059331,4.79045
SOM β2 + VIP α5 + NDNF α7 + NDNF β2,prediction,4,36,1.84728,0.262824,2.11644,0.000954995,4.86497
SOM β2 + VIP α5 + NDNF α7 + NDNF β2,prediction,4,37,1.67514,0.238929,2.06893,0.00076499,4.74053
SOM β2 + VIP α5 + NDNF α7 + NDNF β2,prediction,4,38,1.71742,0.243481,2.07293,0.000864036,4.74007
SOM β2 + VIP α5 + NDNF α7 + NDNF β2,prediction,4,39,1.67275,0.234618,2.07125,0.000375092,4.86244
SOM β2 + VIP α5 + NDNF α7 + NDNF β2,prediction,4,40,1.53996,0.217123,2.03231,0.000378416,4.76114
SOM β2 + VIP α5 + NDNF α7 + NDNF β2,prediction,4,41,1.66442,0.236701,2.06229,0.000911036,4.68549
SOM β2 + VIP α5 + NDNF α7 + NDNF β2,prediction,4,42,1.73545,0.244829,2.08961,0.000735955,4.76636
SOM β2 + VIP α5 + NDNF α7 + NDNF β2,prediction,4,43,1.66028,0.234044,2.06235,0.000933234,4.73982
SOM β2 + VIP α5 + NDNF α7 + NDNF β2,prediction,4,44,1.65995,0.233503,2.0447,0.000643032,4.80846
SOM β2 + VIP α5 + NDNF α7 + NDNF β2,prediction,4,45,1.68907,0.24177,2.07502,0.000817049,4.78177
SOM β2 + VIP α5 + NDNF α7 + NDNF β2,prediction,4,46,1.70859,0.242315,2.08428,0.000404796,4.84271
SOM β2 + VIP α5 + NDNF α7 + NDNF β2,prediction,4,47,1.68119,0.234061,2.07083,0.000852209,4.69084
SOM β2 + VIP α5 + NDNF α7 + NDNF β2,prediction,4,48,1.6079,0.225501,2.03753,0.00091164,4.71237
SOM β2 + VIP α5 + NDNF α7 + NDNF β2,prediction,4,49,1.60148,0.224376,2.04285,0.000627858,4.70515
PV α7 + SOM α7 + SOM β2 + VIP α5 + NDNF α7,prediction,5,0,1.64259,9.34126e-05,1.46968,9.4673e-05,7.11396
PV α7 + SOM α7 + SOM β2 + VIP α5 + NDNF α7,prediction,5,1,1.6978,9.43293e-05,1.47517,3.20146e-05,7.40254
PV α7 + SOM α7 + SOM β2 + VIP α5 + NDNF α7,prediction,5,2,1.65482,9.39162e-05,1.46468,6.02925e-05,7.31002
PV α7 + SOM α7 + SOM β2 + VIP α5 + NDNF α7,prediction,5,3,1.70882,9.44375e-05,1.4745,3.24292e-05,7.43641
PV α7 + SOM α7 + SOM β2 + VIP α5 + NDNF α7,prediction,5,4,1.66877,9.41196e-05,1.46714,7.55573e-05,7.32218
PV α7 + SOM α7 + SOM β2 + VIP α5 + NDNF α7,prediction,5,5,1.72925,9.47417e-05,1.47431,4.65634e-05,7.50058
PV α7 + SOM α7 + SOM β2 + VIP α5 + NDNF α7,prediction,5,6,1.68651,9.47277e-05,1.46447,1.83654e-05,7.58427
PV α7 + SOM α7 + SOM β2 + VIP α5 + NDNF α7,prediction,5,7,1.52306,9.28071e-05,1.43132,0.000213326,7.14803
PV α7 + SOM α7 + SOM β2 + VIP α5 + NDNF α7,prediction,5,8,1.68807,9.3719e-05,1.47367,8.47449e-05,7.21909
PV α7 + SOM α7 + SOM β2 + VIP α5 + NDNF α7,prediction,5,9,1.66536,9.42861e-05,1.46436,2.20924e-05,7.51932
PV α7 + SOM α7 + SOM β2 + VIP α5 + NDNF α7,prediction,5,10,1.59974,9.34721e-05,1.4535,4.22073e-05,7.2915
PV α7 + SOM α7 + SOM β2 + VIP α5 + NDNF α7,prediction,5,11,1.538,9.34587e-05,1.4212,2.53201e-05,7.3334
PV α7 + SOM α7 + SOM β2 + VIP α5 + NDNF α7,prediction,5,12,1.60617,9.34744e-05,1.44978,4.22787e-05,7.23119
PV α7 + SOM α7 + SOM β2 + VIP α5 + NDNF α7,prediction,5,13,1.65948,9.4268e-05,1.4648,5.40303e-05,7.38525
PV α7 + SOM α7 + SOM β2 + VIP α5 + NDNF α7,prediction,5,14,1.67781,9.41818e-05,1.46826,3.31191e-05,7.27544
PV α7 + SOM α7 + SOM β2 + VIP α5 + NDNF α7,prediction,5,15,1.657,9.39676e-05,1.46616,3.43936e-05,7.34272
PV α7 + SOM α7 + SOM β2 + VIP α5 + NDNF α7,prediction,5,16,1.55942,9.30359e-05,1.43971,3.82963e-05,7.19243
PV α7 + SOM α7 + SOM β2 + VIP α5 + NDNF α7,prediction,5,17,1.63926,9.43698e-05,1.44446,2.76251e-05,7.52507
PV α7 + SOM α7 + SOM β2 + VIP α5 + NDNF α7,prediction,5,18,1.72779,9.47657e-05,1.47343,4.54087e-05,7.57895
PV α7 + SOM α7 + SOM β2 + VIP α5 + NDNF α7,prediction,5,19,1.733,9.44241e-05,1.48307,6.35085e-05,7.44327
PV α7 + SOM α7 + SOM β2 + VIP α5 + NDNF α7,prediction,5,20,1.57358,9.32226e-05,1.44046,5.87573e-05,7.12292
PV α7 + SOM α7 + SOM β2 + VIP α5 + NDNF α7,prediction,5,21,1.73587,9.49267e-05,1.48367,2.92696e-05,7.6116
PV α7 + SOM α7 + SOM β2 + VIP α5 + NDNF α7,prediction,5,22,1.63786,9.37381e-05,1.45123,6.32353e-05,7.23431
PV α7 + SOM α7 + SOM β2 + VIP α5 + NDNF α7,prediction,5,23,1.74625,9.47885e-05,1.48196,3.11083e-05,7.52016
PV α7 + SOM α7 + SOM β2 + VIP α5 + NDNF α7,prediction,5,24,1.84833,9.55923e-05,1.52143,2.28403e-05,7.53642
PV α7 + SOM α7 + SOM β2 + VIP α5 + NDNF α7,prediction,5,25,1.63109,9.37503e-05,1.46138,4.20696e-05,7.31703
PV α7 + SOM α7 + SOM β2 + VIP α5 + NDNF α7,prediction,5,26,1.59111,9.37426e-05,1.44396,6.76575e-05,7.32002
PV α7 + SOM α7 + SOM β2 + VIP α5 + NDNF α7,prediction,5,27,1.61643,9.39907e-05,1.44529,3.74866e-05,7.307
PV α7 + SOM α7 + SOM β2 + VIP α5 + NDNF α7,prediction,5,28,1.79745,9.53229e-05,1.50046,4.97797e-05,7.55555
PV α7 + SOM α7 + SOM β2 + VIP α5 + NDNF α7,prediction,5,29,1.49313,9.24692e-05,1.42296,4.79665e-05,7.07528
PV α7 + SOM α7 + SOM β2 + VIP α5 + NDNF α7,prediction,5,30,1.66353,9.40255e-05,1.47032,8.15153e-05,7.31019
PV α7 + SOM α7 + SOM β2 + VIP α5 + NDNF α7,prediction,5,31,1.74087,9.49735e-05,1.4708,2.97503e-05,7.53083
PV α7 + SOM α7 + SOM β2 + VIP α5 + NDNF α7,prediction,5,32,1.70948,9.4264e-05,1.47888,8.51732e-05,7.3593
PV α7 + SOM α7 + SOM β2 + VIP α5 + NDNF α7,prediction,5,33,1.73785,9.45561e-05,1.48232,4.35999e-05,7.42427
PV α7 + SOM α7 + SOM β2 + VIP α5 + NDNF α7,prediction,5,34,1.66442,9.43874e-05,1.45619,2.54287e-05,7.43024
PV α7 + SOM α7 + SOM β2 + VIP α5 + NDNF α7,prediction,5,35,1.52617,9.29698e-05,1.43141,4.30566e-05,7.18524
PV α7 + SOM α7 + SOM β2 + VIP α5 + NDNF α7,prediction,5,36,1.68958,9.47641e-05,1.46106,1.78263e-05,7.59389
PV α7 + SOM α7 + SOM β2 + VIP α5 + NDNF α7,prediction,5,37,1.59708,9.36634e-05,1.43907,5.79025e-05,7.29382
PV α7 + SOM α7 + SOM β2 + VIP α5 + NDNF α7,prediction,5,38,1.57108,9.38779e-05,1.42754,3.10511e-05,7.41831
PV α7 + SOM α7 + SOM β2 + VIP α5 + NDNF α7,prediction,5,39,1.7598,9.5618e-05,1.48639,2.17538e-05,7.67322
PV α7 + SOM α7 + SOM β2 + VIP α5 + NDNF α7,prediction,5,40,1.72795,9.48312e-05,1.47538,2.8538e-05,7.52304
PV α7 + SOM α7 + SOM β2 + VIP α5 + NDNF α7,prediction,5,41,1.65197,9.43195e-05,1.45693,6.7621e-05,7.45294
PV α7 + SOM α7 + SOM β2 + VIP α5 + NDNF α7,prediction,5,42,1.68788,9.45436e-05,1.46956,3.67546e-05,7.50304
PV α7 + SOM α7 + SOM β2 + VIP α5 + NDNF α7,prediction,5,43,1.79722,9.53221e-05,1.50494,6.60845e-05,7.59157
PV α7 + SOM α7 + SOM β2 + VIP α5 + NDNF α7,prediction,5,44,1.7662,9.50211e-05,1.49347,2.81633e-05,7.6163
PV α7 + SOM α7 + SOM β2 + VIP α5 + NDNF α7,prediction,5,45,1.64177,9.36676e-05,1.46203,8.33131e-05,7.22412
PV α7 + SOM α7 + SOM β2 + VIP α5 + NDNF α7,prediction,5,46,1.78146,9.51665e-05,1.49758,3.37314e-05,7.50699
PV α7 + SOM α7 + SOM β2 + VIP α5 + NDNF α7,prediction,5,47,1.71118,9.46364e-05,1.47872,3.32004e-05,7.51434
PV α7 + SOM α7 + SOM β2 + VIP α5 + NDNF α7,prediction,5,48,1.66021,9.36592e-05,1.47785,7.12873e-05,7.29078
PV α7 + SOM α7 + SOM β2 + VIP α5 + NDNF α7,prediction,5,49,1.80104,9.5479e-05,1.50088,1.91749e-05,7.74285
PV α7 + SOM α7 + SOM β2 + VIP α5 + NDNF β2,prediction,5,0,1.55071,9.43227e-05,1.2943,1.38882e-05,7.41212
PV α7 + SOM α7 + SOM β2 + VIP α5 + NDNF β2,prediction,5,1,1.48047,9.32506e-05,1.29197,7.92643e-06,7.17689
PV α7 + SOM α7 + SOM β2 + VIP α5 + NDNF β2,prediction,5,2,1.56678,9.41007e-05,1.30448,5.58473e-06,7.38958
PV α7 + SOM α7 + SOM β2 + VIP α5 + NDNF β2,prediction,5,3,1.55847,9.34392e-05,1.31431,1.73338e-05,7.12673
PV α7 + SOM α7 + SOM β2 + VIP α5 + NDNF β2,prediction,5,4,1.54427,9.35433e-05,1.31037,7.97951e-06,7.21765
PV α7 + SOM α7 + SOM β2 + VIP α5 + NDNF β2,prediction,5,5,1.62123,9.48513e-05,1.30726,4.84542e-06,7.60149
PV α7 + SOM α7 + SOM β2 + VIP α5 + NDNF β2,prediction,5,6,1.53109,9.30735e-05,1.31734,6.05085e-06,7.12618
PV α7 + SOM α7 + SOM β2 + VIP α5 + NDNF β2,prediction,5,7,1.69369,9.4896e-05,1.34208,6.61068e-06,7.35413
PV α7 + SOM α7 + SOM β2 + VIP α5 + NDNF β2,prediction,5,8,1.45245,9.25272e-05,1.29338,3.69463e-05,6.97898
PV α7 + SOM α7 + SOM β2 + VIP α5 + NDNF β2,prediction,5,9,1.48185,9.34177e-05,1.28288,2.79361e-05,7.19282
PV α7 + SOM α7 + SOM β2 + VIP α5 + NDNF β2,prediction,5,10,1.54003,9.38102e-05,1.31786,8.40402e-06,7.28939
PV α7 + SOM α7 + SOM β2 + VIP α5 + NDNF β2,prediction,5,11,1.60624,9.436e-05,1.32142,8.46391e-06,7.41344
PV α7 + SOM α7 + SOM β2 + VIP α5 + NDNF β2,prediction,5,12,1.53486,9.31576e-05,1.30951,1.89957e-05,7.08943
PV α7 + SOM α7 + SOM β2 + VIP α5 + NDNF β2,prediction,5,13,1.54943,9.39064e-05,1.30582,1.02111e-05,7.28743
PV α7 + SOM α7 + SOM β2 + VIP α5 + NDNF β2,prediction,5,14,1.42213,9.18241e-05,1.30292,1.98716e-05,6.75798
PV α7 + SOM α7 + SOM β2 + VIP α5 + NDNF β2,prediction,5,15,1.53541,9.35073e-05,1.31144,8.07116e-06,7.15426
PV α7 + SOM α7 + SOM β2 + VIP α5 + NDNF β2,prediction,5,16,1.54255,9.3855e-05,1.31581,5.62652e-06,7.21841
PV α7 + SOM α7 + SOM β2 + VIP α5 + NDNF β2,prediction,5,17,1.51152,9.31047e-05,1.31398,1.06323e-05,7.09226
PV α7 + SOM α7 + SOM β2 + VIP α5 + NDNF β2,prediction,5,18,1.48881,9.31505e-05,1.29743,1.2183e-05,7.0258
PV α7 + SOM α7 + SOM β2 + VIP α5 + NDNF β2,prediction,5,19,1.49973,9.34889e-05,1.29219,9.17401e-06,7.20674
PV α7 + SOM α7 + SOM β2 + VIP α5 + NDNF β2,prediction,5,20,1.5494,9.36361e-05,1.32155,2.22391e-05,7.12304
PV α7 + SOM α7 + SOM β2 + VIP α5 + NDNF β2,prediction,5,21,1.54115,9.36524e-05,1.31928,1.03998e-05,7.23982
PV α7 + SOM α7 + SOM β2 + VIP α5 + NDNF β2,prediction,5,22,1.61174,9.43123e-05,1.32942,6.59532e-06,7.34854
PV α7 + SOM α7 + SOM β2 + VIP α5 + NDNF β2,prediction,5,23,1.55467,9.3901e-05,1.30777,1.00824e-05,7.26911
PV α7 + SOM α7 + SOM β2 + VIP α5 + NDNF β2,prediction,5,24,1.49664,9.28214e-05,1.30588,2.42017e-05,6.90717
PV α7 + SOM α7 + SOM β2 + VIP α5 + NDNF β2,prediction,5,25,1.55865,9.3593e-05,1.31998,1.1089e-05,7.15472
PV α7 + SOM α7 + SOM β2 + VIP α5 + NDNF β2,prediction,5,26,1.49092,9.29702e-05,1.30229,1.74104e-05,6.98582
PV α7 + SOM α7 + SOM β2 + VIP α5 + NDNF β2,prediction,5,27,1.51717,9.32373e-05,1.30614,7.67188e-06,7.13019
PV α7 + SOM α7 + SOM β2 + VIP α5 + NDNF β2,prediction,5,28,1.49982,9.28384e-05,1.30552,1.71161e-05,7.10651
PV α7 + SOM α7 + SOM β2 + VIP α5 + NDNF β2,prediction,5,29,1.56161,9.36531e-05,1.31557,1.41912e-05,7.18083
PV α7 + SOM α7 + SOM β2 + VIP α5 + NDNF β2,prediction,5,30,1.42033,9.28812e-05,1.27372,6.77003e-06,7.21182
PV α7 + SOM α7 + SOM β2 + VIP α5 + NDNF β2,prediction,5,31,1.52064,9.29876e-05,1.30668,2.03903e-05,6.99581
PV α7 + SOM α7 + SOM β2 + VIP α5 + NDNF β2,prediction,5,32,1.49828,9.34959e-05,1.29623,7.70286e-06,7.2187
PV α7 + SOM α7 + SOM β2 + VIP α5 + NDNF β2,prediction,5,33,1.44896,9.34022e-05,1.27676,8.22471e-06,7.18706
PV α7 + SOM α7 + SOM β2 + VIP α5 + NDNF β2,prediction,5,34,1.44326,9.29583e-05,1.28551,7.2646e-06,7.15259
PV α7 + SOM α7 + SOM β2 + VIP α5 + NDNF β2,prediction,5,35,1.53978,9.3916e-05,1.30388,6.50864e-06,7.34845
PV α7 + SOM α7 + SOM β2 + VIP α5 + NDNF β2,prediction,5,36,1.40739,9.23764e-05,1.27874,1.47456e-05,6.91247
PV α7 + SOM α7 + SOM β2 + VIP α5 + NDNF β2,prediction,5,37,1.59116,9.35388e-05,1.3288,9.73121e-06,7.13046
PV α7 + SOM α7 + SOM β2 + VIP α5 + NDNF β2,prediction,5,38,1.54747,9.31711e-05,1.32386,1.00454e-05,7.10108
PV α7 + SOM α7 + SOM β2 + VIP α5 + NDNF β2,prediction,5,39,1.53235,9.3681e-05,1.31221,1.13868e-05,7.18118
PV α7 + SOM α7 + SOM β2 + VIP α5 + NDNF β2,prediction,5,40,1.62015,9.3866e-05,1.34315,1.08729e-05,7.1169
PV α7 + SOM α7 + SOM β2 + VIP α5 + NDNF β2,prediction,5,41,1.53662,9.34046e-05,1.31094,8.18128e-06,7.19869
PV α7 + SOM α7 + SOM β2 + VIP α5 + NDNF β2,prediction,5,42,1.556,9.33171e-05,1.3245,1.29264e-05,7.0677
PV α7 + SOM α7 + SOM β2 + VIP α5 + NDNF β2,prediction,5,43,1.56384,9.41108e-05,1.31039,8.99149e-06,7.39605
PV α7 + SOM α7 + SOM β2 + VIP α5 + NDNF β2,prediction,5,44,1.52436,9.35177e-05,1.30383,8.34715e-06,7.2553
PV α7 + SOM α7 + SOM β2 + VIP α5 + NDNF β2,prediction,5,45,1.43996,9.28325e-05,1.29282,1.33759e-05,7.01916
PV α7 + SOM α7 + SOM β2 + VIP α5 + NDNF β2,prediction,5,46,1.51466,9.38191e-05,1.29433,7.90353e-06,7.30923
PV α7 + SOM α7 + SOM β2 + VIP α5 + NDNF β2,prediction,5,47,1.45494,9.2973e-05,1.29197,1.15477e-05,7.113
PV α7 + SOM α7 + SOM β2 + VIP α5 + NDNF β2,prediction,5,48,1.47649,9.34294e-05,1.2792,5.83724e-06,7.26958
PV α7 + SOM α7 + SOM β2 + VIP α5 + NDNF β2,prediction,5,49,1.60003,9.40475e-05,1.33516,6.97487e-06,7.31607
PV α7 + SOM α7 + SOM β2 + NDNF α7 + NDNF β2,target,5,0,2.17492,7.84056e-05,1.64716,0.631569,5.87641
PV α7 + SOM α7 + SOM β2 + NDNF α7 + NDNF β2,target,5,1,2.14989,7.82971e-05,1.63803,0.629343,5.76209
PV α7 + SOM α7 + SOM β2 + NDNF α7 + NDNF β2,target,5,2,2.15419,7.66211e-05,1.64696,0.687627,5.72875
PV α7 + SOM α7 + SOM β2 + NDNF α7 + NDNF β2,target,5,3,2.15251,7.69558e-05,1.64581,0.668574,5.75758
PV α7 + SOM α7 + SOM β2 + NDNF α7 + NDNF β2,target,5,4,2.11571,7.64095e-05,1.63235,0.682606,5.68587
PV α7 + SOM α7 + SOM β2 + NDNF α7 + NDNF β2,target,5,5,1.98828,7.31324e-05,1.59725,0.755307,5.4893
PV α7 + SOM α7 + SOM β2 + NDNF α7 + NDNF β2,target,5,6,2.02421,7.35143e-05,1.60531,0.759992,5.53695
PV α7 + SOM α7 + SOM β2 + NDNF α7 + NDNF β2,target,5,7,2.09062,7.58147e-05,1.62316,0.698329,5.6917
PV α7 + SOM α7 + SOM β2 + NDNF α7 + NDNF β2,target,5,8,2.10919,7.66049e-05,1.63509,0.66233,5.76
PV α7 + SOM α7 + SOM β2 + NDNF α7 + NDNF β2,target,5,9,2.09016,7.37442e-05,1.62107,0.761308,5.61221
PV α7 + SOM α7 + SOM β2 + NDNF α7 + NDNF β2,target,5,10,2.26374,7.56457e-05,1.6751,0.732438,5.83477
PV α7 + SOM α7 + SOM β2 + NDNF α7 + NDNF β2,target,5,11,2.11225,7.9024e-05,1.62832,0.588096,5.79806
PV α7 + SOM α7 + SOM β2 + NDNF α7 + NDNF β2,target,5,12,2.1708,7.71399e-05,1.65278,0.653996,5.80377
PV α7 + SOM α7 + SOM β2 + NDNF α7 + NDNF β2,target,5,13,1.94009,7.41304e-05,1.58772,0.718384,5.52358
PV α7 + SOM α7 + SOM β2 + NDNF α7 + NDNF β2,target,5,14,2.12689,7.44809e-05,1.63175,0.734564,5.65604
PV α7 + SOM α7 + SOM β2 + NDNF α7 + NDNF β2,target,5,15,2.18947,7.7947e-05,1.65353,0.629426,5.83817
PV α7 + SOM α7 + SOM β2 + NDNF α7 + NDNF β2,target,5,16,2.2517,7.46668e-05,1.66413,0.76073,5.7426
PV α7 + SOM α7 + SOM β2 + NDNF α7 + NDNF β2,target,5,17,2.06365,7.34744e-05,1.614,0.764894,5.53282
PV α7 + SOM α7 + SOM β2 + NDNF α7 + NDNF β2,target,5,18,2.1387,7.57644e-05,1.63401,0.696669,5.70921
PV α7 + SOM α7 + SOM β2 + NDNF α7 + NDNF β2,target,5,19,2.06913,7.43036e-05,1.6165,0.738021,5.58035
PV α7 + SOM α7 + SOM β2 + NDNF α7 + NDNF β2,target,5,20,2.15853,7.73391e-05,1.64213,0.658123,5.77641
PV α7 + SOM α7 + SOM β2 + NDNF α7 + NDNF β2,target,5,21,2.03055,7.40861e-05,1.61227,0.74221,5.54855
PV α7 + SOM α7 + SOM β2 + NDNF α7 + NDNF β2,target,5,22,2.10029,7.67447e-05,1.62494,0.675388,5.70953
PV α7 + SOM α7 + SOM β2 + NDNF α7 + NDNF β2,target,5,23,2.12196,7.48767e-05,1.63586,0.741759,5.64707
PV α7 + SOM α7 + SOM β2 + NDNF α7 + NDNF β2,target,5,24,2.00083,7.52877e-05,1.60357,0.703777,5.5807
PV α7 + SOM α7 + SOM β2 + NDNF α7 + NDNF β2,target,5,25,2.20515,7.61601e-05,1.64908,0.703326,5.74616
PV α7 + SOM α7 + SOM β2 + NDNF α7 + NDNF β2,target,5,26,2.08744,7.96875e-05,1.62043,0.579999,5.79508
PV α7 + SOM α7 + SOM β2 + NDNF α7 + NDNF β2,target,5,27,1.98385,7.50725e-05,1.59877,0.688398,5.53537
PV α7 + SOM α7 + SOM β2 + NDNF α7 + NDNF β2,target,5,28,1.99815,7.47136e-05,1.61474,0.707978,5.56967
PV α7 + SOM α7 + SOM β2 + NDNF α7 + NDNF β2,target,5,29,2.0913,7.54515e-05,1.62793,0.702033,5.67378
PV α7 + SOM α7 + SOM β2 + NDNF α7 + NDNF β2,target,5,30,2.16934,7.43054e-05,1.64179,0.764337,5.68053
PV α7 + SOM α7 + SOM β2 + NDNF α7 + NDNF β2,target,5,31,2.10921,7.7596e-05,1.63793,0.628147,5.76666
PV α7 + SOM α7 + SOM β2 + NDNF α7 + NDNF β2,target,5,32,2.14016,7.73368e-05,1.63384,0.645642,5.80018
PV α7 + SOM α7 + SOM β2 + NDNF α7 + NDNF β2,target,5,33,2.04734,7.28984e-05,1.60947,0.792697,5.46373
PV α7 + SOM α7 + SOM β2 + NDNF α7 + NDNF β2,target,5,34,2.08363,7.43987e-05,1.62014,0.739217,5.59998
PV α7 + SOM α7 + SOM β2 + NDNF α7 + NDNF β2,target,5,35,2.15646,7.81742e-05,1.63985,0.629311,5.80574
PV α7 + SOM α7 + SOM β2 + NDNF α7 + NDNF β2,target,5,36,2.13945,7.59276e-05,1.64191,0.675273,5.70731
PV α7 + SOM α7 + SOM β2 + NDNF α7 + NDNF β2,target,5,37,2.0679,7.58775e-05,1.62625,0.663146,5.7157
PV α7 + SOM α7 + SOM β2 + NDNF α7 + NDNF β2,target,5,38,2.20459,7.75934e-05,1.66175,0.642188,5.84028
PV α7 + SOM α7 + SOM β2 + NDNF α7 + NDNF β2,target,5,39,2.23138,7.70391e-05,1.65812,0.67598,5.85019
PV α7 + SOM α7 + SOM β2 + NDNF α7 + NDNF β2,target,5,40,2.11002,7.17867e-05,1.6228,0.821897,5.55676
PV α7 + SOM α7 + SOM β2 + NDNF α7 + NDNF β2,target,5,41,2.10446,7.73345e-05,1.6354,0.652091,5.7342
PV α7 + SOM α7 + SOM β2 + NDNF α7 + NDNF β2,target,5,42,2.09459,7.50553e-05,1.61282,0.733188,5.5861
PV α7 + SOM α7 + SOM β2 + NDNF α7 + NDNF β2,target,5,43,2.15737,7.77463e-05,1.64807,0.625088,5.78192
PV α7 + SOM α7 + SOM β2 + NDNF α7 + NDNF β2,target,5,44,2.17151,7.99332e-05,1.65188,0.570771,5.88662
PV α7 + SOM α7 + SOM β2 + NDNF α7 + NDNF β2,target,5,45,2.13031,7.69644e-05,1.64006,0.662449,5.70249
PV α7 + SOM α7 + SOM β2 + NDNF α7 + NDNF β2,target,5,46,2.15124,7.73938e-05,1.64384,0.65126,5.77085
PV α7 + SOM α7 + SOM β2 + NDNF α7 + NDNF β2,target,5,47,2.11945,7.32844e-05,1.62886,0.776187,5.61257
PV α7 + SOM α7 + SOM β2 + NDNF α7 + NDNF β2,target,5,48,2.28675,7.79228e-05,1.66793,0.657796,5.89114
PV α7 + SOM α7 + SOM β2 + NDNF α7 + NDNF β2,target,5,49,2.10255,7.6488e-05,1.63424,0.658456,5.73262
PV α7 + SOM α7 + VIP α5 + NDNF α7 + NDNF β2,prediction,5,0,1.95228,0.00263509,1.65127,0.0013584,5.47927
PV α7 + SOM α7 + VIP α5 + NDNF α7 + NDNF β2,prediction,5,1,2.11393,0.00278259,1.69882,0.00143902,5.78395
PV α7 + SOM α7 + VIP α5 + NDNF α7 + NDNF β2,prediction,5,2,2.00289,0.00268199,1.66519,0.00163333,5.50845
PV α7 + SOM α7 + VIP α5 + NDNF α7 + NDNF β2,prediction,5,3,2.13018,0.00279792,1.69881,0.00174547,5.69018
PV α7 + SOM α7 + VIP α5 + NDNF α7 + NDNF β2,prediction,5,4,2.02767,0.00270461,1.6751,0.00217803,5.52827
PV α7 + SOM α7 + VIP α5 + NDNF α7 + NDNF β2,prediction,5,5,2.00181,0.00268213,1.67063,0.0011219,5.5705
PV α7 + SOM α7 + VIP α5 + NDNF α7 + NDNF β2,prediction,5,6,2.1193,0.00280414,1.68637,0.00073829,5.82564
PV α7 + SOM α7 + VIP α5 + NDNF α7 + NDNF β2,prediction,5,7,1.95638,0.00264339,1.6595,0.00215577,5.43502
PV α7 + SOM α7 + VIP α5 + NDNF α7 + NDNF β2,prediction,5,8,2.20535,0.00285963,1.70696,0.00156157,5.69319
PV α7 + SOM α7 + VIP α5 + NDNF α7 + NDNF β2,prediction,5,9,1.98666,0.00269405,1.65938,0.00109149,5.63119
PV α7 + SOM α7 + VIP α5 + NDNF α7 + NDNF β2,prediction,5,10,2.03475,0.002696,1.66297,0.00172086,5.51524
PV α7 + SOM α7 + VIP α5 + NDNF α7 + NDNF β2,prediction,5,11,2.0937,0.0027374,1.68757,0.001353,5.60063
PV α7 + SOM α7 + VIP α5 + NDNF α7 + NDNF β2,prediction,5,12,2.07698,0.0027415,1.69014,0.00153257,5.61838
PV α7 + SOM α7 + VIP α5 + NDNF α7 + NDNF β2,prediction,5,13,2.05709,0.00273227,1.67907,0.00138816,5.56119
PV α7 + SOM α7 + VIP α5 + NDNF α7 + NDNF β2,prediction,5,14,2.04684,0.00274957,1.6713,0.0011769,5.65004
PV α7 + SOM α7 + VIP α5 + NDNF α7 + NDNF β2,prediction,5,15,2.04961,0.00275363,1.67352,0.0010005,5.72114
PV α7 + SOM α7 + VIP α5 + NDNF α7 + NDNF β2,prediction,5,16,2.1148,0.00275723,1.69407,0.000994126,5.69262
PV α7 + SOM α7 + VIP α5 + NDNF α7 + NDNF β2,prediction,5,17,2.0269,0.00269875,1.6622,0.00133949,5.5619
PV α7 + SOM α7 + VIP α5 + NDNF α7 + NDNF β2,prediction,5,18,1.98565,0.00269133,1.66112,0.000701641,5.67642
PV α7 + SOM α7 + VIP α5 + NDNF α7 + NDNF β2,prediction,5,19,2.11629,0.00279992,1.68869,0.00156754,5.74063
PV α7 + SOM α7 + VIP α5 + NDNF α7 + NDNF β2,prediction,5,20,2.10486,0.0027692,1.68029,0.00105746,5.72692
PV α7 + SOM α7 + VIP α5 + NDNF α7 + NDNF β2,prediction,5,21,2.1658,0.00282359,1.70116,0.000824376,5.81361
PV α7 + SOM α7 + VIP α5 + NDNF α7 + NDNF β2,prediction,5,22,2.11439,0.00278132,1.69743,0.00121475,5.6803
PV α7 + SOM α7 + VIP α5 + NDNF α7 + NDNF β2,prediction,5,23,2.04567,0.00271944,1.67628,0.00124513,5.6273
PV α7 + SOM α7 + VIP α5 + NDNF α7 + NDNF β2,prediction,5,24,2.03511,0.00271728,1.67089,0.00155772,5.60434
PV α7 + SOM α7 + VIP α5 + NDNF α7 + NDNF β2,prediction,5,25,2.07777,0.00272429,1.68999,0.00181439,5.52351
PV α7 + SOM α7 + VIP α5 + NDNF α7 + NDNF β2,prediction,5,26,2.05772,0.00273123,1.68141,0.00139456,5.55254
PV α7 + SOM α7 + VIP α5 + NDNF α7 + NDNF β2,prediction,5,27,2.04809,0.00273453,1.67431,0.00177279,5.60212
PV α7 + SOM α7 + VIP α5 + NDNF α7 + NDNF β2,prediction,5,28,2.17905,0.00285544,1.71018,0.00113793,5.79201
PV α7 + SOM α7 + VIP α5 + NDNF α7 + NDNF β2,prediction,5,29,2.03041,0.00274646,1.67347,0.00104931,5.6998
PV α7 + SOM α7 + VIP α5 + NDNF α7 + NDNF β2,prediction,5,30,2.01036,0.00269814,1.65973,0.00112729,5.60372
PV α7 + SOM α7 + VIP α5 + NDNF α7 + NDNF β2,prediction,5,31,2.10861,0.00280898,1.67898,0.00152107,5.70071
PV α7 + SOM α7 + VIP α5 + NDNF α7 + NDNF β2,prediction,5,32,2.06291,0.00273881,1.68028,0.00143457,5.66877
PV α7 + SOM α7 + VIP α5 + NDNF α7 + NDNF β2,prediction,5,33,2.08424,0.0027697,1.68025,0.00118115,5.70119
PV α7 + SOM α7 + VIP α5 + NDNF α7 + NDNF β2,prediction,5,34,2.07492,0.00271559,1.67985,0.00207124,5.57384
PV α7 + SOM α7 + VIP α5 + NDNF α7 + NDNF β2,prediction,5,35,2.08877,0.00277332,1.67221,0.00193604,5.64308
PV α7 + SOM α7 + VIP α5 + NDNF α7 + NDNF β2,prediction,5,36,2.06073,0.00274542,1.68011,0.00102904,5.68504
PV α7 + SOM α7 + VIP α5 + NDNF α7 + NDNF β2,prediction,5,37,2.14691,0.00282021,1.71041,0.00118939,5.73643
PV α7 + SOM α7 + VIP α5 + NDNF α7 + NDNF β2,prediction,5,38,2.17485,0.00284967,1.70586,0.000962419,5.81843
PV α7 + SOM α7 + VIP α5 + NDNF α7 + NDNF β2,prediction,5,39,2.15281,0.00282739,1.70094,0.000957989,5.82518
PV α7 + SOM α7 + VIP α5 + NDNF α7 + NDNF β2,prediction,5,40,2.05086,0.00272275,1.67964,0.00145373,5.59441
PV α7 + SOM α7 + VIP α5 + NDNF α7 + NDNF β2,prediction,5,41,2.09824,0.00276263,1.69274,0.00093934,5.74774
PV α7 + SOM α7 + VIP α5 + NDNF α7 + NDNF β2,prediction,5,42,2.11433,0.00277039,1.6994,0.0011254,5.70786
PV α7 + SOM α7 + VIP α5 + NDNF α7 + NDNF β2,prediction,5,43,2.21669,0.00290548,1.71607,0.00172588,5.90651
PV α7 + SOM α7 + VIP α5 + NDNF α7 + NDNF β2,prediction,5,44,2.16115,0.00281806,1.70328,0.000814098,5.81903
PV α7 + SOM α7 + VIP α5 + NDNF α7 + NDNF β2,prediction,5,45,2.07491,0.0027351,1.68978,0.00130007,5.62132
PV α7 + SOM α7 + VIP α5 + NDNF α7 + NDNF β2,prediction,5,46,2.14112,0.00282155,1.69539,0.00122508,5.7806
PV α7 + SOM α7 + VIP α5 + NDNF α7 + NDNF β2,prediction,5,47,2.14776,0.00280766,1.70189,0.00127165,5.78256
PV α7 + SOM α7 + VIP α5 + NDNF α7 + NDNF β2,prediction,5,48,2.0815,0.00278378,1.68055,0.00106558,5.71447
PV α7 + SOM α7 + VIP α5 + NDNF α7 + NDNF β2,prediction,5,49,2.04165,0.00272724,1.68094,0.00185814,5.55479
PV α7 + SOM β2 + VIP α5 + NDNF α7 + NDNF β2,prediction,5,0,1.89148,0.24511,1.57896,0.00215972,4.88553
PV α7 + SOM β2 + VIP α5 + NDNF α7 + NDNF β2,prediction,5,1,1.83281,0.230807,1.56363,0.00166854,4.83999
PV α7 + SOM β2 + VIP α5 + NDNF α7 + NDNF β2,prediction,5,2,2.11747,0.272519,1.64186,0.00136194,5.14151
PV α7 + SOM β2 + VIP α5 + NDNF α7 + NDNF β2,prediction,5,3,1.85035,0.234724,1.56552,0.00248188,4.80697
PV α7 + SOM β2 + VIP α5 + NDNF α7 + NDNF β2,prediction,5,4,1.87058,0.240285,1.56504,0.00324177,4.76599
PV α7 + SOM β2 + VIP α5 + NDNF α7 + NDNF β2,prediction,5,5,2.02117,0.258359,1.61203,0.00198209,4.88787
PV α7 + SOM β2 + VIP α5 + NDNF α7 + NDNF β2,prediction,5,6,1.96914,0.251176,1.58921,0.0017813,4.9889
PV α7 + SOM β2 + VIP α5 + NDNF α7 + NDNF β2,prediction,5,7,1.91585,0.245991,1.593,0.0016982,4.85722
PV α7 + SOM β2 + VIP α5 + NDNF α7 + NDNF β2,prediction,5,8,1.78388,0.225654,1.55024,0.00177102,4.75646
PV α7 + SOM β2 + VIP α5 + NDNF α7 + NDNF β2,prediction,5,9,1.91358,0.241439,1.58484,0.00190698,4.85834
PV α7 + SOM β2 + VIP α5 + NDNF α7 + NDNF β2,prediction,5,10,1.84266,0.233384,1.56234,0.00182903,4.8082
PV α7 + SOM β2 + VIP α5 + NDNF α7 + NDNF β2,prediction,5,11,1.806,0.225049,1.55197,0.00216627,4.72155
PV α7 + SOM β2 + VIP α5 + NDNF α7 + NDNF β2,prediction,5,12,1.8926,0.237591,1.57856,0.00122578,4.89669
PV α7 + SOM β2 + VIP α5 + NDNF α7 + NDNF β2,prediction,5,13,1.94698,0.246564,1.59225,0.00190448,4.87728
PV α7 + SOM β2 + VIP α5 + NDNF α7 + NDNF β2,prediction,5,14,1.85693,0.229951,1.57569,0.00131495,4.84064
PV α7 + SOM β2 + VIP α5 + NDNF α7 + NDNF β2,prediction,5,15,1.95866,0.252566,1.59517,0.00349246,4.81066
PV α7 + SOM β2 + VIP α5 + NDNF α7 + NDNF β2,prediction,5,16,2.04583,0.25789,1.61673,0.00245506,4.9861
PV α7 + SOM β2 + VIP α5 + NDNF α7 + NDNF β2,prediction,5,17,1.96775,0.25286,1.60587,0.00366813,4.79319
PV α7 + SOM β2 + VIP α5 + NDNF α7 + NDNF β2,prediction,5,18,1.96174,0.252475,1.59643,0.00190898,4.90329
PV α7 + SOM β2 + VIP α5 + NDNF α7 + NDNF β2,prediction,5,19,1.81703,0.231059,1.55601,0.00348647,4.70365
PV α7 + SOM β2 + VIP α5 + NDNF α7 + NDNF β2,prediction,5,20,1.90041,0.241609,1.5723,0.00151087,4.88567
PV α7 + SOM β2 + VIP α5 + NDNF α7 + NDNF β2,prediction,5,21,1.84978,0.230793,1.56917,0.00246071,4.80643
PV α7 + SOM β2 + VIP α5 + NDNF α7 + NDNF β2,prediction,5,22,1.87213,0.237697,1.57797,0.00199415,4.77641
PV α7 + SOM β2 + VIP α5 + NDNF α7 + NDNF β2,prediction,5,23,1.88894,0.237488,1.57286,0.00112779,4.94216
PV α7 + SOM β2 + VIP α5 + NDNF α7 + NDNF β2,prediction,5,24,1.79368,0.228455,1.55003,0.00345653,4.76993
PV α7 + SOM β2 + VIP α5 + NDNF α7 + NDNF β2,prediction,5,25,1.84077,0.231716,1.56029,0.00169572,4.82923
PV α7 + SOM β2 + VIP α5 + NDNF α7 + NDNF β2,prediction,5,26,1.8255,0.227884,1.55886,0.0014526,4.79555
PV α7 + SOM β2 + VIP α5 + NDNF α7 + NDNF β2,prediction,5,27,1.85981,0.233205,1.57013,0.00262574,4.86711
PV α7 + SOM β2 + VIP α5 + NDNF α7 + NDNF β2,prediction,5,28,1.79674,0.227006,1.55773,0.00254877,4.68232
PV α7 + SOM β2 + VIP α5 + NDNF α7 + NDNF β2,prediction,5,29,1.8593,0.22835,1.56318,0.000983631,4.89575
PV α7 + SOM β2 + VIP α5 + NDNF α7 + NDNF β2,prediction,5,30,1.79934,0.226029,1.55249,0.0016607,4.77208
PV α7 + SOM β2 + VIP α5 + NDNF α7 + NDNF β2,prediction,5,31,1.77277,0.223391,1.54017,0.00232986,4.72075
PV α7 + SOM β2 + VIP α5 + NDNF α7 + NDNF β2,prediction,5,32,1.91575,0.240832,1.57879,0.00121944,4.9636
PV α7 + SOM β2 + VIP α5 + NDNF α7 + NDNF β2,prediction,5,33,1.93449,0.243583,1.58876,0.00166173,4.87495
PV α7 + SOM β2 + VIP α5 + NDNF α7 + NDNF β2,prediction,5,34,1.85817,0.232401,1.56709,0.0020617,4.76389
PV α7 + SOM β2 + VIP α5 + NDNF α7 + NDNF β2,prediction,5,35,1.78809,0.221366,1.54576,0.00154698,4.69169
PV α7 + SOM β2 + VIP α5 + NDNF α7 + NDNF β2,prediction,5,36,1.884,0.238276,1.57186,0.00104245,4.9891
PV α7 + SOM β2 + VIP α5 + NDNF α7 + NDNF β2,prediction,5,37,1.91302,0.245771,1.58066,0.00358678,4.78745
PV α7 + SOM β2 + VIP α5 + NDNF α7 + NDNF β2,prediction,5,38,1.86155,0.238502,1.56743,0.00282481,4.84105
PV α7 + SOM β2 + VIP α5 + NDNF α7 + NDNF β2,prediction,5,39,1.96932,0.253717,1.59096,0.00309475,4.89598
PV α7 + SOM β2 + VIP α5 + NDNF α7 + NDNF β2,prediction,5,40,1.89352,0.23787,1.57264,0.00140751,4.85516
PV α7 + SOM β2 + VIP α5 + NDNF α7 + NDNF β2,prediction,5,41,1.87291,0.241486,1.57713,0.00367009,4.82412
PV α7 + SOM β2 + VIP α5 + NDNF α7 + NDNF β2,prediction,5,42,1.71441,0.212583,1.52579,0.00169751,4.71601
PV α7 + SOM β2 + VIP α5 + NDNF α7 + NDNF β2,prediction,5,43,1.87482,0.235409,1.57584,0.00129662,4.91625
PV α7 + SOM β2 + VIP α5 + NDNF α7 + NDNF β2,prediction,5,44,1.94613,0.248826,1.59815,0.00359519,4.82716
PV α7 + SOM β2 + VIP α5 + NDNF α7 + NDNF β2,prediction,5,45,1.89653,0.241069,1.57006,0.00130655,4.91924
PV α7 + SOM β2 + VIP α5 + NDNF α7 + NDNF β2,prediction,5,46,1.86562,0.241188,1.57221,0.00134424,4.93322
PV α7 + SOM β2 + VIP α5 + NDNF α7 + NDNF β2,prediction,5,47,1.87526,0.235826,1.56539,0.00150747,4.88724
PV α7 + SOM β2 + VIP α5 + NDNF α7 + NDNF β2,prediction,5,48,1.84347,0.235232,1.56558,0.00332561,4.80068
PV α7 + SOM β2 + VIP α5 + NDNF α7 + NDNF β2,prediction,5,49,1.84512,0.233302,1.57068,0.0023188,4.71878
SOM α7 + SOM β2 + VIP α5 + NDNF α7 + NDNF β2,prediction,5,0,1.87114,9.53474e-05,2.19303,0.000267747,5.67625
SOM α7 + SOM β2 + VIP α5 + NDNF α7 + NDNF β2,prediction,5,1,1.96481,9.59345e-05,2.22607,0.000218324,5.83323
SOM α7 + SOM β2 + VIP α5 + NDNF α7 + NDNF β2,prediction,5,2,1.86171,9.52957e-05,2.20325,0.000241797,5.71539
SOM α7 + SOM β2 + VIP α5 + NDNF α7 + NDNF β2,prediction,5,3,1.83695,9.54581e-05,2.19055,0.000263866,5.78344
SOM α7 + SOM β2 + VIP α5 + NDNF α7 + NDNF β2,prediction,5,4,1.85833,9.50573e-05,2.19214,0.000307409,5.67601
SOM α7 + SOM β2 + VIP α5 + NDNF α7 + NDNF β2,prediction,5,5,1.81615,9.47713e-05,2.18515,0.0004242,5.56375
SOM α7 + SOM β2 + VIP α5 + NDNF α7 + NDNF β2,prediction,5,6,1.73907,9.45821e-05,2.15705,0.000426126,5.63169
SOM α7 + SOM β2 + VIP α5 + NDNF α7 + NDNF β2,prediction,5,7,1.86582,9.54182e-05,2.19801,0.000303863,5.73305
SOM α7 + SOM β2 + VIP α5 + NDNF α7 + NDNF β2,prediction,5,8,1.89166,9.51011e-05,2.20978,0.00116347,5.6679
SOM α7 + SOM β2 + VIP α5 + NDNF α7 + NDNF β2,prediction,5,9,1.84653,9.55231e-05,2.18413,0.000184742,5.81806
SOM α7 + SOM β2 + VIP α5 + NDNF α7 + NDNF β2,prediction,5,10,1.85042,9.5268e-05,2.18991,0.000246535,5.71779
SOM α7 + SOM β2 + VIP α5 + NDNF α7 + NDNF β2,prediction,5,11,1.77547,9.4542e-05,2.1698,0.000574672,5.54486
SOM α7 + SOM β2 + VIP α5 + NDNF α7 + NDNF β2,prediction,5,12,1.82167,9.49738e-05,2.18531,0.0002088,5.65122
SOM α7 + SOM β2 + VIP α5 + NDNF α7 + NDNF β2,prediction,5,13,1.98128,9.63833e-05,2.21776,0.000867949,5.85971
SOM α7 + SOM β2 + VIP α5 + NDNF α7 + NDNF β2,prediction,5,14,1.78611,9.4449e-05,2.18054,0.000368087,5.56198
SOM α7 + SOM β2 + VIP α5 + NDNF α7 + NDNF β2,prediction,5,15,1.76246,9.39163e-05,2.16247,0.000380284,5.45496
SOM α7 + SOM β2 + VIP α5 + NDNF α7 + NDNF β2,prediction,5,16,1.80683,9.47985e-05,2.17125,0.000340793,5.57133
SOM α7 + SOM β2 + VIP α5 + NDNF α7 + NDNF β2,prediction,5,17,1.86296,9.568e-05,2.18506,0.000191307,5.86946
SOM α7 + SOM β2 + VIP α5 + NDNF α7 + NDNF β2,prediction,5,18,1.89627,9.54725e-05,2.19621,0.000281569,5.74529
SOM α7 + SOM β2 + VIP α5 + NDNF α7 + NDNF β2,prediction,5,19,1.81823,9.48919e-05,2.18237,0.000444536,5.62015
SOM α7 + SOM β2 + VIP α5 + NDNF α7 + NDNF β2,prediction,5,20,1.8605,9.52251e-05,2.19038,0.000255485,5.64692
SOM α7 + SOM β2 + VIP α5 + NDNF α7 + NDNF β2,prediction,5,21,1.74325,9.48002e-05,2.15793,0.000359516,5.6773
SOM α7 + SOM β2 + VIP α5 + NDNF α7 + NDNF β2,prediction,5,22,1.81665,9.51076e-05,2.18271,0.000362257,5.68139
SOM α7 + SOM β2 + VIP α5 + NDNF α7 + NDNF β2,prediction,5,23,1.78172,9.4845e-05,2.1717,0.000287473,5.66767
SOM α7 + SOM β2 + VIP α5 + NDNF α7 + NDNF β2,prediction,5,24,1.92658,9.59445e-05,2.21889,0.000219358,5.79273
SOM α7 + SOM β2 + VIP α5 + NDNF α7 + NDNF β2,prediction,5,25,1.83067,9.51132e-05,2.19487,0.000451863,5.71267
SOM α7 + SOM β2 + VIP α5 + NDNF α7 + NDNF β2,prediction,5,26,1.86831,9.52397e-05,2.18684,0.000368255,5.66178
SOM α7 + SOM β2 + VIP α5 + NDNF α7 + NDNF β2,prediction,5,27,1.73459,9.39949e-05,2.15073,0.000399778,5.42812
SOM α7 + SOM β2 + VIP α5 + NDNF α7 + NDNF β2,prediction,5,28,1.76157,9.45419e-05,2.15733,0.000326898,5.54026
SOM α7 + SOM β2 + VIP α5 + NDNF α7 + NDNF β2,prediction,5,29,1.86186,9.5975e-05,2.18767,0.000168414,5.91742
SOM α7 + SOM β2 + VIP α5 + NDNF α7 + NDNF β2,prediction,5,30,1.79331,9.42756e-05,2.17952,0.000362001,5.50797
SOM α7 + SOM β2 + VIP α5 + NDNF α7 + NDNF β2,prediction,5,31,1.93289,9.58217e-05,2.21835,0.000474509,5.83784
SOM α7 + SOM β2 + VIP α5 + NDNF α7 + NDNF β2,prediction,5,32,1.751,9.42976e-05,2.15437,0.000384936,5.55546
SOM α7 + SOM β2 + VIP α5 + NDNF α7 + NDNF β2,prediction,5,33,1.85752,9.55905e-05,2.18713,0.000198361,5.77491
SOM α7 + SOM β2 + VIP α5 + NDNF α7 + NDNF β2,prediction,5,34,1.78915,9.4408e-05,2.18047,0.000475319,5.49989
SOM α7 + SOM β2 + VIP α5 + NDNF α7 + NDNF β2,prediction,5,35,1.90434,9.56148e-05,2.20897,0.000246285,5.75639
SOM α7 + SOM β2 + VIP α5 + NDNF α7 + NDNF β2,prediction,5,36,1.85377,9.55996e-05,2.18994,0.000296768,5.80495
SOM α7 + SOM β2 + VIP α5 + NDNF α7 + NDNF β2,prediction,5,37,1.79752,9.43201e-05,2.16709,0.00106462,5.50964
SOM α7 + SOM β2 + VIP α5 + NDNF α7 + NDNF β2,prediction,5,38,1.79201,9.47647e-05,2.17487,0.000364097,5.58721
SOM α7 + SOM β2 + VIP α5 + NDNF α7 + NDNF β2,prediction,5,39,1.82294,9.4544e-05,2.18397,0.000481212,5.54484
SOM α7 + SOM β2 + VIP α5 + NDNF α7 + NDNF β2,prediction,5,40,1.92572,9.626e-05,2.20327,0.000183457,5.89365
SOM α7 + SOM β2 + VIP α5 + NDNF α7 + NDNF β2,prediction,5,41,1.85752,9.48439e-05,2.19935,0.000369254,5.60955
SOM α7 + SOM β2 + VIP α5 + NDNF α7 + NDNF β2,prediction,5,42,1.73315,9.42922e-05,2.15347,0.000310736,5.54779
SOM α7 + SOM β2 + VIP α5 + NDNF α7 + NDNF β2,prediction,5,43,1.76676,9.42771e-05,2.17151,0.00041691,5.53184
SOM α7 + SOM β2 + VIP α5 + NDNF α7 + NDNF β2,prediction,5,44,1.94492,9.60002e-05,2.21162,0.00019279,5.89262
SOM α7 + SOM β2 + VIP α5 + NDNF α7 + NDNF β2,prediction,5,45,1.81826,9.46445e-05,2.18049,0.000247013,5.61522
SOM α7 + SOM β2 + VIP α5 + NDNF α7 + NDNF β2,prediction,5,46,1.74605,9.43531e-05,2.15467,0.000338012,5.5352
SOM α7 + SOM β2 + VIP α5 + NDNF α7 + NDNF β2,prediction,5,47,1.88222,9.57093e-05,2.19685,0.000238732,5.80449
SOM α7 + SOM β2 + VIP α5 + NDNF α7 + NDNF β2,prediction,5,48,1.87409,9.57416e-05,2.19504,0.000233588,5.83403
SOM α7 + SOM β2 + VIP α5 + NDNF α7 + NDNF β2,prediction,5,49,1.85031,9.57631e-05,2.18781,0.000158726,5.89608
PV α7 + SOM α7 + SOM β2 + VIP α5 + NDNF α7 + NDNF β2,prediction,6,0,2.0643,9.65019e-05,1.68195,0.00139226,5.6721
PV α7 + SOM α7 + SOM β2 + VIP α5 + NDNF α7 + NDNF β2,prediction,6,1,2.13572,9.74247e-05,1.68788,0.000748404,5.85971
PV α7 + SOM α7 + SOM β2 + VIP α5 + NDNF α7 + NDNF β2,prediction,6,2,2.01544,9.57383e-05,1.66526,0.00142898,5.58911
PV α7 + SOM α7 + SOM β2 + VIP α5 + NDNF α7 + NDNF β2,prediction,6,3,2.03663,9.57238e-05,1.67348,0.00168411,5.56091
PV α7 + SOM α7 + SOM β2 + VIP α5 + NDNF α7 + NDNF β2,prediction,6,4,2.10622,9.68365e-05,1.68406,0.0014513,5.81994
PV α7 + SOM α7 + SOM β2 + VIP α5 + NDNF α7 + NDNF β2,prediction,6,5,2.06889,9.652e-05,1.67659,0.000900109,5.70222
PV α7 + SOM α7 + SOM β2 + VIP α5 + NDNF α7 + NDNF β2,prediction,6,6,2.08935,9.63655e-05,1.68111,0.0020906,5.61938
PV α7 + SOM α7 + SOM β2 + VIP α5 + NDNF α7 + NDNF β2,prediction,6,7,2.10908,9.62982e-05,1.68276,0.0026393,5.66785
PV α7 + SOM α7 + SOM β2 + VIP α5 + NDNF α7 + NDNF β2,prediction,6,8,2.08816,9.65586e-05,1.6795,0.00247605,5.69273
PV α7 + SOM α7 + SOM β2 + VIP α5 + NDNF α7 + NDNF β2,prediction,6,9,2.13555,9.70305e-05,1.69159,0.00118031,5.78303
PV α7 + SOM α7 + SOM β2 + VIP α5 + NDNF α7 + NDNF β2,prediction,6,10,2.07884,9.64157e-05,1.67897,0.00197365,5.62827
PV α7 + SOM α7 + SOM β2 + VIP α5 + NDNF α7 + NDNF β2,prediction,6,11,2.42582,9.96629e-05,1.76434,0.00106103,6.16321
PV α7 + SOM α7 + SOM β2 + VIP α5 + NDNF α7 + NDNF β2,prediction,6,12,2.27027,9.84676e-05,1.72108,0.00158697,5.98217
PV α7 + SOM α7 + SOM β2 + VIP α5 + NDNF α7 + NDNF β2,prediction,6,13,2.03124,9.58721e-05,1.68506,0.00125894,5.60461
PV α7 + SOM α7 + SOM β2 + VIP α5 + NDNF α7 + NDNF β2,prediction,6,14,2.05341,9.63066e-05,1.67417,0.00114243,5.6653
PV α7 + SOM α7 + SOM β2 + VIP α5 + NDNF α7 + NDNF β2,prediction,6,15,2.09453,9.6263e-05,1.68441,0.00194305,5.58604
PV α7 + SOM α7 + SOM β2 + VIP α5 + NDNF α7 + NDNF β2,prediction,6,16,2.22378,9.74851e-05,1.7121,0.00196561,5.76444
PV α7 + SOM α7 + SOM β2 + VIP α5 + NDNF α7 + NDNF β2,prediction,6,17,2.0815,9.64599e-05,1.68493,0.000934256,5.67124
PV α7 + SOM α7 + SOM β2 + VIP α5 + NDNF α7 + NDNF β2,prediction,6,18,2.14128,9.72005e-05,1.69518,0.00109655,5.80595
PV α7 + SOM α7 + SOM β2 + VIP α5 + NDNF α7 + NDNF β2,prediction,6,19,2.1725,9.70067e-05,1.70724,0.00205191,5.71055
PV α7 + SOM α7 + SOM β2 + VIP α5 + NDNF α7 + NDNF β2,prediction,6,20,2.13658,9.67856e-05,1.68563,0.00165234,5.72306
PV α7 + SOM α7 + SOM β2 + VIP α5 + NDNF α7 + NDNF β2,prediction,6,21,2.03934,9.63992e-05,1.67398,0.000836292,5.69763
PV α7 + SOM α7 + SOM β2 + VIP α5 + NDNF α7 + NDNF β2,prediction,6,22,2.08079,9.66589e-05,1.68356,0.00279662,5.7287
PV α7 + SOM α7 + SOM β2 + VIP α5 + NDNF α7 + NDNF β2,prediction,6,23,2.13705,9.74199e-05,1.6933,0.000998972,5.82106
PV α7 + SOM α7 + SOM β2 + VIP α5 + NDNF α7 + NDNF β2,prediction,6,24,2.12556,9.67708e-05,1.69899,0.00114337,5.71526
PV α7 + SOM α7 + SOM β2 + VIP α5 + NDNF α7 + NDNF β2,prediction,6,25,2.07187,9.64464e-05,1.68993,0.00103595,5.69233
PV α7 + SOM α7 + SOM β2 + VIP α5 + NDNF α7 + NDNF β2,prediction,6,26,2.15688,9.67928e-05,1.70319,0.0012288,5.74281
PV α7 + SOM α7 + SOM β2 + VIP α5 + NDNF α7 + NDNF β2,prediction,6,27,2.03588,9.59001e-05,1.66734,0.00293696,5.54682
PV α7 + SOM α7 + SOM β2 + VIP α5 + NDNF α7 + NDNF β2,prediction,6,28,2.16272,9.72607e-05,1.69793,0.0009228,5.89245
PV α7 + SOM α7 + SOM β2 + VIP α5 + NDNF α7 + NDNF β2,prediction,6,29,2.10046,9.68439e-05,1.68705,0.000773402,5.75799
PV α7 + SOM α7 + SOM β2 + VIP α5 + NDNF α7 + NDNF β2,prediction,6,30,2.06741,9.68315e-05,1.67353,0.00179779,5.77459
PV α7 + SOM α7 + SOM β2 + VIP α5 + NDNF α7 + NDNF β2,prediction,6,31,2.06256,9.61036e-05,1.68659,0.00150089,5.6226
PV α7 + SOM α7 + SOM β2 + VIP α5 + NDNF α7 + NDNF β2,prediction,6,32,2.14725,9.7021e-05,1.69928,0.00194137,5.73437
PV α7 + SOM α7 + SOM β2 + VIP α5 + NDNF α7 + NDNF β2,prediction,6,33,2.07818,9.67827e-05,1.67375,0.000832616,5.70964
PV α7 + SOM α7 + SOM β2 + VIP α5 + NDNF α7 + NDNF β2,prediction,6,34,2.12975,9.68725e-05,1.69124,0.00149379,5.68959
PV α7 + SOM α7 + SOM β2 + VIP α5 + NDNF α7 + NDNF β2,prediction,6,35,2.09831,9.69558e-05,1.68013,0.00125117,5.72348
PV α7 + SOM α7 + SOM β2 + VIP α5 + NDNF α7 + NDNF β2,prediction,6,36,2.05198,9.60986e-05,1.67902,0.0014241,5.58285
PV α7 + SOM α7 + SOM β2 + VIP α5 + NDNF α7 + NDNF β2,prediction,6,37,2.15108,9.66866e-05,1.7112,0.000889484,5.78503
PV α7 + SOM α7 + SOM β2 + VIP α5 + NDNF α7 + NDNF β2,prediction,6,38,2.16554,9.71406e-05,1.70062,0.00123764,5.72361
PV α7 + SOM α7 + SOM β2 + VIP α5 + NDNF α7 + NDNF β2,prediction,6,39,2.04495,9.60763e-05,1.67607,0.00125876,5.61336
PV α7 + SOM α7 + SOM β2 + VIP α5 + NDNF α7 + NDNF β2,prediction,6,40,2.1722,9.72855e-05,1.70211,0.000634558,5.85725
PV α7 + SOM α7 + SOM β2 + VIP α5 + NDNF α7 + NDNF β2,prediction,6,41,2.02205,9.59013e-05,1.67075,0.00133223,5.57956
PV α7 + SOM α7 + SOM β2 + VIP α5 + NDNF α7 + NDNF β2,prediction,6,42,2.05171,9.62309e-05,1.66744,0.00100753,5.6187
PV α7 + SOM α7 + SOM β2 + VIP α5 + NDNF α7 + NDNF β2,prediction,6,43,2.17342,9.69249e-05,1.7005,0.00231939,5.71538
PV α7 + SOM α7 + SOM β2 + VIP α5 + NDNF α7 + NDNF β2,prediction,6,44,2.2041,9.70982e-05,1.71167,0.0015339,5.71717
PV α7 + SOM α7 + SOM β2 + VIP α5 + NDNF α7 + NDNF β2,prediction,6,45,2.20992,9.76886e-05,1.71239,0.000650093,5.90834
PV α7 + SOM α7 + SOM β2 + VIP α5 + NDNF α7 + NDNF β2,prediction,6,46,2.09629,9.65277e-05,1.68661,0.00111045,5.65422
PV α7 + SOM α7 + SOM β2 + VIP α5 + NDNF α7 + NDNF β2,prediction,6,47,2.14687,9.76687e-05,1.69218,0.00080706,5.83806
PV α7 + SOM α7 + SOM β2 + VIP α5 + NDNF α7 + NDNF β2,prediction,6,48,2.12486,9.65145e-05,1.69471,0.00240122,5.68586
PV α7 + SOM α7 + SOM β2 + VIP α5 + NDNF α7 + NDNF β2,prediction,6,49,1.97172,9.54411e-05,1.65549,0.00164395,5.45154
