{
  "w_pyr_pyr_inter": 4.458335609075727,
  "w_pv_global": 13.256983995592648,
  "n_nodes": 64,
  "sigma_pyr_deg": 15.0
}