{
  "A_pv": 13.164971953384498,
  "A_pyr": 0.6600056059213454,
  "A_som": 46.366329542924774,
  "A_vip": 11.888026635617278,
  "I0_pv": 4.526261143769278,
  "I0_pyr": 9.831288263593525,
  "I0_som": 9.378256290046199,
  "I0_vip": 7.080700275541755,
  "I_alpha5_vip": 5.589422493151972,
  "I_alpha7_pv": 9.199344959994983,
  "I_alpha7_som": 0.4645519083754479,
  "I_beta2_som": 7.2560690879780845,
  "J_adapt_pyr": 1.4688233008926674,
  "Theta_pv": 7.0,
  "Theta_pyr": 7.0,
  "Theta_som": 7.0,
  "Theta_vip": 7.0,
  "act_alpha5": 1.0,
  "act_alpha7": 1.0,
  "act_beta2": 1.0,
  "alpha_pv": 2.6,
  "alpha_pyr": 1.9,
  "alpha_som": 1.5,
  "alpha_vip": 1.2,
  "g": 1.0,
  "g_alpha7": 0.145540282931196,
  "g_gaba_base": 0.023416858366983227,
  "sigma_s": 1.6271281546502496,
  "tau_adapt_pyr": 600.0,
  "tau_s": 20.0,
  "trans_duration_ms": 500.0,
  "trans_enabled": false,
  "trans_factor": 0.23084432078982398,
  "trans_start_ms": 1000.0,
  "w_ee": 19.62508945341982,
  "w_ep": 34.600728814218904,
  "w_es": 0.8807356532390436,
  "w_ev": 0.16195806322885906,
  "w_pe": 8.257066141339507,
  "w_pp": 21.88980403867578,
  "w_se": 1.6463917039959668,
  "w_sp": 0.20653989747281393,
  "w_vp": 4.896371504194469,
  "w_vs": 1.1446282723809513
}