{
  "I0_pv": 0.3694410478611992,
  "I0_pyr": 0.3512156306596358,
  "I0_som": 0.14430294297015056,
  "I0_vip": 0.11617987024719571,
  "I_alpha5_vip": 0.10242583010313319,
  "I_alpha7_pv": 0.014633607006344437,
  "I_alpha7_som": 0.024520570224522812,
  "I_beta2_som": 0.014040946864069554,
  "J_NMDA": 0.08424253176653185,
  "J_adapt_pyr": 0.004766824061289925,
  "J_adapt_som": 0.0077178373822541805,
  "Theta_pv": 0.2878,
  "Theta_pyr": 0.40323,
  "Theta_som": 0.2878,
  "Theta_vip": 0.2878,
  "act_alpha5": 1.0,
  "act_alpha7": 1.0,
  "act_beta2": 1.0,
  "alpha_pv": 615.0,
  "alpha_pyr": 310.0,
  "alpha_som": 615.0,
  "alpha_vip": 615.0,
  "g_alpha7": 4.239177554879151,
  "g_exc": 0.16,
  "g_gaba_base": 3.993360338919777,
  "g_inh": 0.087,
  "sigma_noise": 0.3,
  "sigma_s": 0.0,
  "tau_adapt_pyr": 1000.0,
  "tau_adapt_som": 200.0,
  "tau_s": 20.0,
  "trans_duration_ms": 500.0,
  "trans_enabled": false,
  "trans_factor": 0.8241488133812495,
  "trans_start_ms": 1000.0,
  "w_ep": 0.0011093246512667134,
  "w_es": 0.030054248516542082,
  "w_ev": 0.002718564285922556,
  "w_pe": 0.05380185248708503,
  "w_pp": 0.012427574948639865,
  "w_se": 0.0041946947776278255,
  "w_sp": 0.006272934243418571,
  "w_vp": 0.0012943532949922158,
  "w_vs": 0.0065017200736386125
}