{
  "I0_pv": 0.38667216909014857,
  "I0_pyr": 0.5473357493158906,
  "I0_som": 0.2112730136784842,
  "I0_vip": 0.20542181973544704,
  "I_alpha5_vip": 0.006834134806746024,
  "I_alpha7_pv": 0.012014604815478934,
  "I_alpha7_som": 0.027713934487064842,
  "I_beta2_som": 0.003852502834178787,
  "J_NMDA": 0.05014118043814008,
  "J_adapt_pyr": 0.001000195552321441,
  "J_adapt_som": 0.0,
  "Theta_pv": 0.2878,
  "Theta_pyr": 0.40323,
  "Theta_som": 0.2878,
  "Theta_vip": 0.2878,
  "act_alpha5": 1.0,
  "act_alpha7": 1.0,
  "act_beta2": 1.0,
  "alpha_pv": 615.0,
  "alpha_pyr": 310.0,
  "alpha_som": 615.0,
  "alpha_vip": 615.0,
  "g_alpha7": 4.998436046750879,
  "g_exc": 0.16,
  "g_gaba_base": 4.998512153206167,
  "g_inh": 0.087,
  "sigma_noise": 0.3,
  "sigma_s": 0.0,
  "tau_adapt_pyr": 600.0,
  "tau_adapt_som": 275.6571760456113,
  "tau_s": 20.0,
  "trans2_duration_ms": 500.0,
  "trans2_enabled": false,
  "trans2_factor": -0.3,
  "trans2_start_ms": 3000.0,
  "trans_duration_ms": 500.0,
  "trans_enabled": false,
  "trans_factor": 0.10379280071028092,
  "trans_start_ms": 1000.0,
  "w_ep": 0.009886754949699778,
  "w_es": 0.003711099850059348,
  "w_ev": 0.0069581817894278164,
  "w_pe": 0.0010013363210944705,
  "w_pp": 0.0010110073917176138,
  "w_se": 0.009997151748491646,
  "w_sp": 0.007884039607121454,
  "w_vp": 0.0011179850729250266,
  "w_vs": 0.007098678076737525
}