{
  "I0_pv": 0.3850932700883517,
  "I0_pyr": 0.6180922999010934,
  "I0_som": 0.12899370627910073,
  "I0_vip": 0.1821167451363563,
  "I_alpha5_vip": 0.038463579089448585,
  "I_alpha7_pv": 0.004620288035272223,
  "I_alpha7_som": 0.08472485179444335,
  "I_beta2_som": 0.0199062441634633,
  "J_NMDA": 0.05052729481541344,
  "J_adapt_pyr": 0.0010402210588997313,
  "J_adapt_som": 0.0,
  "Theta_pv": 0.2878,
  "Theta_pyr": 0.40323,
  "Theta_som": 0.2878,
  "Theta_vip": 0.2878,
  "act_alpha5": 1.0,
  "act_alpha7": 1.0,
  "act_beta2": 1.0,
  "alpha_pv": 615.0,
  "alpha_pyr": 310.0,
  "alpha_som": 615.0,
  "alpha_vip": 615.0,
  "g_alpha7": 4.930371837786575,
  "g_exc": 0.16,
  "g_gaba_base": 4.812290684921015,
  "g_inh": 0.087,
  "sigma_noise": 0.3,
  "sigma_s": 0.0,
  "tau_adapt_pyr": 600.0,
  "tau_adapt_som": 162.8385357867171,
  "tau_s": 20.0,
  "trans2_duration_ms": 500.0,
  "trans2_enabled": false,
  "trans2_factor": -0.3,
  "trans2_start_ms": 3000.0,
  "trans_duration_ms": 500.0,
  "trans_enabled": false,
  "trans_factor": 0.5066994395666022,
  "trans_start_ms": 1000.0,
  "w_ep": 0.017108281711932204,
  "w_es": 0.0020381074538986517,
  "w_ev": 0.005423377878235366,
  "w_pe": 0.019832840313959637,
  "w_pp": 0.0013489251569540287,
  "w_se": 0.01999459847149607,
  "w_sp": 0.009978459266450104,
  "w_vp": 0.00652290545009427,
  "w_vs": 0.0036962421521907272
}