{
  "I0_pv": 0.3097420123455548,
  "I0_pyr": 0.3152628744770009,
  "I0_som": 0.524285746295774,
  "I0_vip": 0.11889213907322975,
  "I_alpha5_vip": 0.16588680264444158,
  "I_alpha7_pv": 0.43415592893917876,
  "I_alpha7_som": 0.09895067152147971,
  "I_beta2_som": 0.32402380511779194,
  "J_adapt_pyr": 0.0014412279887399842,
  "J_adapt_som": 0.08113891181525794,
  "Theta_pv": 0.2878,
  "Theta_pyr": 0.40323,
  "Theta_som": 0.2878,
  "Theta_vip": 0.2878,
  "act_alpha5": 1.0,
  "act_alpha7": 1.0,
  "act_beta2": 1.0,
  "alpha_pv": 615.0,
  "alpha_pyr": 310.0,
  "alpha_som": 615.0,
  "alpha_vip": 615.0,
  "g_alpha7": 2.8356272682046924,
  "g_exc": 0.16,
  "g_gaba_base": 0.8165225921252515,
  "g_inh": 0.087,
  "sigma_noise": 0.3,
  "sigma_s": 0.0,
  "tau_adapt_pyr": 986.828032303207,
  "tau_adapt_som": 183.70722984722318,
  "tau_s": 20.0,
  "trans_duration_ms": 500.0,
  "trans_enabled": false,
  "trans_factor": 0.5688925603565014,
  "trans_start_ms": 1000.0,
  "w_ee": 0.007570153904662377,
  "w_ep": 0.3557517111677187,
  "w_es": 0.027958251920495544,
  "w_ev": 0.011944668243154878,
  "w_pe": 0.8823980954699927,
  "w_pp": 0.440759895732151,
  "w_se": 0.07557274287978635,
  "w_sp": 0.048821416086000186,
  "w_vp": 0.3928484489965388,
  "w_vs": 0.1778681223136336
}